pixel_id,rbd_vh,burned,burned_area_hectares,rain_masked,cluster_mean_rbd_vh_burned,cluster_mean_rbd_vh_unburned
PX-001,0.745218722514263,False,0.0,False,5.6207525532984075,1.901463682474826
PX-002,1.2544845369776816,False,0.0,False,5.6207525532984075,1.901463682474826
PX-003,2.3666692535525033,False,0.0,False,5.6207525532984075,1.901463682474826
PX-004,2.8906668431183746,False,0.0,False,5.6207525532984075,1.901463682474826
PX-005,-0.8897780597196867,False,0.0,False,5.6207525532984075,1.901463682474826
PX-006,-0.5738097929566575,False,0.0,False,5.6207525532984075,1.901463682474826
PX-007,0.7660074500860716,False,0.0,False,5.6207525532984075,1.901463682474826
PX-008,2.0771178898069476,False,0.0,False,5.6207525532984075,1.901463682474826
PX-009,3.222261983175299,False,0.0,False,5.6207525532984075,1.901463682474826
PX-010,2.7246989259514045,False,0.0,False,5.6207525532984075,1.901463682474826
PX-011,3.0772126464731446,False,0.0,False,5.6207525532984075,1.901463682474826
PX-012,3.4518753445531942,False,0.0,False,5.6207525532984075,1.901463682474826
PX-013,3.858765321305034,False,0.0,False,5.6207525532984075,1.901463682474826
PX-014,1.5317766893860636,False,0.0,False,5.6207525532984075,1.901463682474826
PX-015,1.3369578904457669,False,0.0,False,5.6207525532984075,1.901463682474826
PX-016,2.7968333853573206,False,0.0,False,5.6207525532984075,1.901463682474826
PX-017,2.459442793179635,False,0.0,False,5.6207525532984075,1.901463682474826
PX-018,2.659551440034644,False,0.0,False,5.6207525532984075,1.901463682474826
PX-019,3.039565183848987,False,0.0,False,5.6207525532984075,1.901463682474826
PX-020,-1.111901054948456,False,0.0,False,5.6207525532984075,1.901463682474826
PX-021,-0.03383807598252808,False,0.0,False,5.6207525532984075,1.901463682474826
PX-022,-2.3601054032711186,False,0.0,False,5.6207525532984075,1.901463682474826
PX-023,-1.6310780396016202,False,0.0,False,5.6207525532984075,1.901463682474826
PX-024,-0.3702450649899163,False,0.0,False,5.6207525532984075,1.901463682474826
PX-025,0.6839365958114207,False,0.0,False,5.6207525532984075,1.901463682474826
PX-026,3.1793765622299563,False,0.0,False,5.6207525532984075,1.901463682474826
PX-027,3.563667951413235,False,0.0,False,5.6207525532984075,1.901463682474826
PX-028,3.67668951526991,False,0.0,False,5.6207525532984075,1.901463682474826
PX-029,3.8521621910520185,False,0.0,False,5.6207525532984075,1.901463682474826
PX-030,4.248121674810324,False,0.0,False,5.6207525532984075,1.901463682474826
PX-031,4.643014795809224,True,1.0,False,5.6207525532984075,1.901463682474826
PX-032,5.045433029082044,True,1.0,False,5.6207525532984075,1.901463682474826
PX-033,5.382098113610022,True,1.0,False,5.6207525532984075,1.901463682474826
PX-034,5.167568676237186,True,1.0,False,5.6207525532984075,1.901463682474826
PX-035,0.5815986851504178,False,0.0,False,5.6207525532984075,1.901463682474826
PX-036,0.6691033009598986,False,0.0,False,5.6207525532984075,1.901463682474826
PX-037,0.24750601735327393,False,0.0,False,5.6207525532984075,1.901463682474826
PX-038,0.4123810666348433,False,0.0,False,5.6207525532984075,1.901463682474826
PX-039,-3.347725395895033,False,0.0,True,5.6207525532984075,1.901463682474826
PX-040,-2.914241880532728,False,0.0,False,5.6207525532984075,1.901463682474826
PX-041,0.31379501273288923,False,0.0,False,5.6207525532984075,1.901463682474826
PX-042,1.4245214379060513,False,0.0,False,5.6207525532984075,1.901463682474826
PX-043,2.6308021832088055,False,0.0,False,5.6207525532984075,1.901463682474826
PX-044,3.5477482245232235,False,0.0,False,5.6207525532984075,1.901463682474826
PX-045,4.305151184588658,False,0.0,False,5.6207525532984075,1.901463682474826
PX-046,4.612002007692565,True,1.0,False,5.6207525532984075,1.901463682474826
PX-047,5.149529777920959,True,1.0,False,5.6207525532984075,1.901463682474826
PX-048,5.631445244693552,True,1.0,False,5.6207525532984075,1.901463682474826
PX-049,5.8361871302772315,True,1.0,False,5.6207525532984075,1.901463682474826
PX-050,1.151358234110976,False,0.0,False,5.6207525532984075,1.901463682474826
PX-051,1.2056570190079228,False,0.0,False,5.6207525532984075,1.901463682474826
PX-052,1.1346932103354348,False,0.0,False,5.6207525532984075,1.901463682474826
PX-053,0.5374472268900945,False,0.0,False,5.6207525532984075,1.901463682474826
PX-054,0.7107397748313993,False,0.0,False,5.6207525532984075,1.901463682474826
PX-055,0.9865469083866181,False,0.0,False,5.6207525532984075,1.901463682474826
PX-056,0.7376094474475661,False,0.0,False,5.6207525532984075,1.901463682474826
PX-057,2.447221248247395,False,0.0,False,5.6207525532984075,1.901463682474826
PX-058,2.8265461304846493,False,0.0,False,5.6207525532984075,1.901463682474826
PX-059,3.4829054686727687,False,0.0,False,5.6207525532984075,1.901463682474826
PX-060,-0.2635641845907113,False,0.0,False,5.6207525532984075,1.901463682474826
PX-061,0.19823636279484624,False,0.0,False,5.6207525532984075,1.901463682474826
PX-062,1.0230438190812468,False,0.0,False,5.6207525532984075,1.901463682474826
PX-063,2.1031368634349246,False,0.0,False,5.6207525532984075,1.901463682474826
PX-064,3.280815917091111,False,0.0,False,5.6207525532984075,1.901463682474826
PX-065,4.767473053302872,True,1.0,False,5.6207525532984075,1.901463682474826
PX-066,5.392693624990866,True,1.0,False,5.6207525532984075,1.901463682474826
PX-067,5.440814443017334,True,1.0,False,5.6207525532984075,1.901463682474826
PX-068,3.858026510390758,True,1.0,False,5.6207525532984075,1.901463682474826
PX-069,3.9708192184783613,True,1.0,False,5.6207525532984075,1.901463682474826
PX-070,3.8872101967562003,True,1.0,False,5.6207525532984075,1.901463682474826
PX-071,3.953544984903516,True,1.0,False,5.6207525532984075,1.901463682474826
PX-072,3.8612645102402574,True,1.0,False,5.6207525532984075,1.901463682474826
PX-073,3.715467839738034,False,0.0,False,5.6207525532984075,1.901463682474826
PX-074,3.4788373140690307,False,0.0,False,5.6207525532984075,1.901463682474826
PX-075,3.2702738299037204,False,0.0,False,5.6207525532984075,1.901463682474826
PX-076,3.0856969003384123,False,0.0,False,5.6207525532984075,1.901463682474826
PX-077,2.8799462782565897,False,0.0,False,5.6207525532984075,1.901463682474826
PX-078,2.5964130177345552,False,0.0,False,5.6207525532984075,1.901463682474826
PX-079,2.400659291107093,False,0.0,False,5.6207525532984075,1.901463682474826
PX-080,0.33619308276463045,False,0.0,False,5.6207525532984075,1.901463682474826
PX-081,0.34961542693780956,False,0.0,False,5.6207525532984075,1.901463682474826
PX-082,0.5246187901981614,False,0.0,False,5.6207525532984075,1.901463682474826
PX-083,0.5380165063746283,False,0.0,False,5.6207525532984075,1.901463682474826
PX-084,-3.296485023964596,False,0.0,True,5.6207525532984075,1.901463682474826
PX-085,-2.748825836962416,False,0.0,False,5.6207525532984075,1.901463682474826
PX-086,-2.073599282608731,False,0.0,False,5.6207525532984075,1.901463682474826
PX-087,-1.597572551142699,False,0.0,False,5.6207525532984075,1.901463682474826
PX-088,1.0548745157701571,False,0.0,False,5.6207525532984075,1.901463682474826
PX-089,2.0357483418527025,False,0.0,False,5.6207525532984075,1.901463682474826
PX-090,3.365801116095085,False,0.0,False,5.6207525532984075,1.901463682474826
PX-091,3.9880061172872114,False,0.0,False,5.6207525532984075,1.901463682474826
PX-092,4.346515432237366,True,1.0,False,5.6207525532984075,1.901463682474826
PX-093,4.330344562383665,False,0.0,False,5.6207525532984075,1.901463682474826
PX-094,4.4981893521931955,True,1.0,False,5.6207525532984075,1.901463682474826
PX-095,4.793419157550732,True,1.0,False,5.6207525532984075,1.901463682474826
PX-096,5.319590079369135,True,1.0,False,5.6207525532984075,1.901463682474826
PX-097,5.865860432682444,True,1.0,False,5.6207525532984075,1.901463682474826
PX-098,5.844504832094771,True,1.0,False,5.6207525532984075,1.901463682474826
PX-099,5.345375943599519,True,1.0,False,5.6207525532984075,1.901463682474826
PX-100,3.1838934941069166,False,0.0,False,5.6207525532984075,1.901463682474826
PX-101,2.9785131546681214,False,0.0,False,5.6207525532984075,1.901463682474826
PX-102,3.070408625506129,False,0.0,False,5.6207525532984075,1.901463682474826
PX-103,3.1128285427893463,False,0.0,False,5.6207525532984075,1.901463682474826
PX-104,3.124159404635021,False,0.0,False,5.6207525532984075,1.901463682474826
PX-105,3.0961836102824343,False,0.0,False,5.6207525532984075,1.901463682474826
PX-106,3.0248244777054385,False,0.0,False,5.6207525532984075,1.901463682474826
PX-107,2.907353554438453,False,0.0,False,5.6207525532984075,1.901463682474826
PX-108,2.7398875262602793,False,0.0,False,5.6207525532984075,1.901463682474826
PX-109,2.843105468055592,False,0.0,False,5.6207525532984075,1.901463682474826
PX-110,3.0421548449716767,False,0.0,False,5.6207525532984075,1.901463682474826
PX-111,3.006088372851792,False,0.0,False,5.6207525532984075,1.901463682474826
PX-112,-0.020492657717065654,False,0.0,False,5.6207525532984075,1.901463682474826
PX-113,0.298528150385998,False,0.0,False,5.6207525532984075,1.901463682474826
PX-114,0.5038678021414107,False,0.0,False,5.6207525532984075,1.901463682474826
PX-115,1.0834752523249183,False,0.0,False,5.6207525532984075,1.901463682474826
PX-116,1.9494687762784864,False,0.0,False,5.6207525532984075,1.901463682474826
PX-117,2.5339850693276063,False,0.0,False,5.6207525532984075,1.901463682474826
PX-118,3.3728346546280736,False,0.0,False,5.6207525532984075,1.901463682474826
PX-119,3.412024148208058,False,0.0,False,5.6207525532984075,1.901463682474826
PX-120,3.1551310766781206,False,0.0,False,5.6207525532984075,1.901463682474826
PX-121,2.767797639808716,False,0.0,False,5.6207525532984075,1.901463682474826
PX-122,2.5951598794516713,False,0.0,False,5.6207525532984075,1.901463682474826
PX-123,2.666160262102375,False,0.0,False,5.6207525532984075,1.901463682474826
PX-124,2.980231804946172,False,0.0,False,5.6207525532984075,1.901463682474826
PX-125,3.0412313236998525,False,0.0,False,5.6207525532984075,1.901463682474826
PX-126,2.8849732180081205,False,0.0,False,5.6207525532984075,1.901463682474826
PX-127,2.5616199444921435,False,0.0,False,5.6207525532984075,1.901463682474826
PX-128,2.528299946975462,False,0.0,False,5.6207525532984075,1.901463682474826
PX-129,0.595196492756223,False,0.0,False,5.6207525532984075,1.901463682474826
PX-130,0.6187732699870239,False,0.0,False,5.6207525532984075,1.901463682474826
PX-131,0.5720565621616736,False,0.0,False,5.6207525532984075,1.901463682474826
PX-132,0.5240001774806942,False,0.0,False,5.6207525532984075,1.901463682474826
PX-133,0.6534317538239645,False,0.0,False,5.6207525532984075,1.901463682474826
PX-134,0.6541652685121058,False,0.0,False,5.6207525532984075,1.901463682474826
PX-135,0.3658928433304105,False,0.0,False,5.6207525532984075,1.901463682474826
PX-136,0.35838833297325223,False,0.0,False,5.6207525532984075,1.901463682474826
PX-137,0.6408265802377162,False,0.0,False,5.6207525532984075,1.901463682474826
PX-138,0.6537298815705554,False,0.0,False,5.6207525532984075,1.901463682474826
PX-139,2.9033742554292914,False,0.0,False,5.6207525532984075,1.901463682474826
PX-140,3.266663108758891,False,0.0,False,5.6207525532984075,1.901463682474826
PX-141,3.6571291793804868,False,0.0,False,5.6207525532984075,1.901463682474826
PX-142,3.685827230528867,False,0.0,False,5.6207525532984075,1.901463682474826
PX-143,1.3901602663840897,False,0.0,False,5.6207525532984075,1.901463682474826
PX-144,2.1520745787065714,False,0.0,False,5.6207525532984075,1.901463682474826
PX-145,2.674550276816804,False,0.0,False,5.6207525532984075,1.901463682474826
PX-146,3.148464404308358,False,0.0,False,5.6207525532984075,1.901463682474826
PX-147,3.863603764051758,False,0.0,False,5.6207525532984075,1.901463682474826
PX-148,4.796892446977354,True,1.0,False,5.6207525532984075,1.901463682474826
PX-149,5.174205263131702,True,1.0,False,5.6207525532984075,1.901463682474826
PX-150,5.4120338930130725,True,1.0,False,5.6207525532984075,1.901463682474826
PX-151,3.47798540976879,False,0.0,False,5.6207525532984075,1.901463682474826
PX-152,2.3631840385921965,False,0.0,False,5.6207525532984075,1.901463682474826
PX-153,1.4451550951033099,False,0.0,False,5.6207525532984075,1.901463682474826
PX-154,0.9974595541905771,False,0.0,False,5.6207525532984075,1.901463682474826
PX-155,3.361210471990457,False,0.0,False,5.6207525532984075,1.901463682474826
PX-156,3.4967097841328325,False,0.0,False,5.6207525532984075,1.901463682474826
PX-157,3.371361307534965,False,0.0,False,5.6207525532984075,1.901463682474826
PX-158,3.2745255381429867,False,0.0,False,5.6207525532984075,1.901463682474826
PX-159,3.0229800499503163,False,0.0,False,5.6207525532984075,1.901463682474826
PX-160,2.913616669406121,False,0.0,False,5.6207525532984075,1.901463682474826
PX-161,2.859591864720864,False,0.0,False,5.6207525532984075,1.901463682474826
PX-162,3.0096540413475807,False,0.0,False,5.6207525532984075,1.901463682474826
PX-163,2.9790445151698854,False,0.0,False,5.6207525532984075,1.901463682474826
PX-164,2.847521495947719,False,0.0,False,5.6207525532984075,1.901463682474826
PX-165,2.7651665554146323,False,0.0,False,5.6207525532984075,1.901463682474826
PX-166,2.578004234278417,False,0.0,False,5.6207525532984075,1.901463682474826
PX-167,2.49822575200489,False,0.0,False,5.6207525532984075,1.901463682474826
PX-168,2.5544384063003562,False,0.0,False,5.6207525532984075,1.901463682474826
PX-169,2.734470442174514,False,0.0,False,5.6207525532984075,1.901463682474826
PX-170,2.8410143106898644,False,0.0,False,5.6207525532984075,1.901463682474826
PX-171,2.8640850696924094,False,0.0,False,5.6207525532984075,1.901463682474826
PX-172,2.7861258238401074,False,0.0,False,5.6207525532984075,1.901463682474826
PX-173,2.6296662299741946,False,0.0,False,5.6207525532984075,1.901463682474826
PX-174,2.6420608772011,False,0.0,False,5.6207525532984075,1.901463682474826
PX-175,2.7396689518340587,False,0.0,False,5.6207525532984075,1.901463682474826
PX-176,2.65298822488397,False,0.0,False,5.6207525532984075,1.901463682474826
PX-177,2.7559641543235376,False,0.0,False,5.6207525532984075,1.901463682474826
PX-178,2.287980865489967,False,0.0,False,5.6207525532984075,1.901463682474826
PX-179,2.101833176348663,False,0.0,False,5.6207525532984075,1.901463682474826
PX-180,0.9511608067022621,False,0.0,False,5.6207525532984075,1.901463682474826
PX-181,1.377010251778998,False,0.0,False,5.6207525532984075,1.901463682474826
PX-182,1.907988248923644,False,0.0,False,5.6207525532984075,1.901463682474826
PX-183,2.0294197205826414,False,0.0,False,5.6207525532984075,1.901463682474826
PX-184,2.3577685458528457,False,0.0,False,5.6207525532984075,1.901463682474826
PX-185,2.522269113072067,False,0.0,False,5.6207525532984075,1.901463682474826
PX-186,2.4325047743668193,False,0.0,False,5.6207525532984075,1.901463682474826
PX-187,2.462796600586321,False,0.0,False,5.6207525532984075,1.901463682474826
PX-188,2.293883109069954,False,0.0,False,5.6207525532984075,1.901463682474826
PX-189,2.5033322635063673,False,0.0,False,5.6207525532984075,1.901463682474826
PX-190,2.687825212715394,False,0.0,False,5.6207525532984075,1.901463682474826
PX-191,2.695935413996171,False,0.0,False,5.6207525532984075,1.901463682474826
PX-192,2.6132602166992633,False,0.0,False,5.6207525532984075,1.901463682474826
PX-193,2.5101547854518778,False,0.0,False,5.6207525532984075,1.901463682474826
PX-194,2.5390060392324063,False,0.0,False,5.6207525532984075,1.901463682474826
PX-195,2.7038164232645165,False,0.0,False,5.6207525532984075,1.901463682474826
PX-196,2.710323060668399,False,0.0,False,5.6207525532984075,1.901463682474826
PX-197,2.9766473367164448,False,0.0,False,5.6207525532984075,1.901463682474826
PX-198,1.2307442332509435,False,0.0,False,5.6207525532984075,1.901463682474826
PX-199,1.1744852488457909,False,0.0,False,5.6207525532984075,1.901463682474826
PX-200,0.7968618409587354,False,0.0,False,5.6207525532984075,1.901463682474826
PX-201,0.6463257044456352,False,0.0,False,5.6207525532984075,1.901463682474826
PX-202,0.7260091830541242,False,0.0,False,5.6207525532984075,1.901463682474826
PX-203,0.6058893590446353,False,0.0,False,5.6207525532984075,1.901463682474826
PX-204,0.6922767002781782,False,0.0,False,5.6207525532984075,1.901463682474826
PX-205,0.5238187851498761,False,0.0,False,5.6207525532984075,1.901463682474826
PX-206,0.04060911218659946,False,0.0,False,5.6207525532984075,1.901463682474826
PX-207,-0.0304293458374012,False,0.0,False,5.6207525532984075,1.901463682474826
PX-208,0.29016668901602394,False,0.0,False,5.6207525532984075,1.901463682474826
PX-209,0.33306251309364576,False,0.0,False,5.6207525532984075,1.901463682474826
PX-210,2.873598487424548,False,0.0,False,5.6207525532984075,1.901463682474826
PX-211,3.1179707701165427,False,0.0,False,5.6207525532984075,1.901463682474826
PX-212,3.38574808865347,False,0.0,False,5.6207525532984075,1.901463682474826
PX-213,3.3841906173192644,False,0.0,False,5.6207525532984075,1.901463682474826
PX-214,3.723949865491832,False,0.0,False,5.6207525532984075,1.901463682474826
PX-215,3.7677372807027307,False,0.0,False,5.6207525532984075,1.901463682474826
PX-216,3.4549008955987848,False,0.0,False,5.6207525532984075,1.901463682474826
PX-217,3.713485169571902,False,0.0,False,5.6207525532984075,1.901463682474826
PX-218,4.176238839023291,False,0.0,False,5.6207525532984075,1.901463682474826
PX-219,4.707021903174152,True,1.0,False,5.6207525532984075,1.901463682474826
PX-220,4.4115600374041115,False,0.0,False,5.6207525532984075,1.901463682474826
PX-221,4.234902702081289,False,0.0,False,5.6207525532984075,1.901463682474826
PX-222,2.5533354057356004,False,0.0,False,5.6207525532984075,1.901463682474826
PX-223,2.8939137413154086,False,0.0,False,5.6207525532984075,1.901463682474826
PX-224,2.821725491952934,False,0.0,False,5.6207525532984075,1.901463682474826
PX-225,2.105577897978719,False,0.0,False,5.6207525532984075,1.901463682474826
PX-226,1.122729855184808,False,0.0,False,5.6207525532984075,1.901463682474826
PX-227,0.5883927325305667,False,0.0,False,5.6207525532984075,1.901463682474826
PX-228,0.36578618844699307,False,0.0,False,5.6207525532984075,1.901463682474826
PX-229,0.41668987594684737,False,0.0,False,5.6207525532984075,1.901463682474826
PX-230,0.6858433478604802,False,0.0,False,5.6207525532984075,1.901463682474826
PX-231,0.6617797031939645,False,0.0,False,5.6207525532984075,1.901463682474826
PX-232,0.5788589687933658,False,0.0,False,5.6207525532984075,1.901463682474826
PX-233,0.6168859638406587,False,0.0,False,5.6207525532984075,1.901463682474826
PX-234,0.7575806640394873,False,0.0,False,5.6207525532984075,1.901463682474826
PX-235,0.980356242911018,False,0.0,False,5.6207525532984075,1.901463682474826
PX-236,0.9728733342822409,False,0.0,False,5.6207525532984075,1.901463682474826
PX-237,0.956878982332622,False,0.0,False,5.6207525532984075,1.901463682474826
PX-238,3.7665177478075478,False,0.0,False,5.6207525532984075,1.901463682474826
PX-239,3.5491681016403156,False,0.0,False,5.6207525532984075,1.901463682474826
PX-240,3.2393543549572925,False,0.0,False,5.6207525532984075,1.901463682474826
PX-241,2.786089821054153,False,0.0,False,5.6207525532984075,1.901463682474826
PX-242,2.7147906880913855,False,0.0,False,5.6207525532984075,1.901463682474826
PX-243,2.5803860289388307,False,0.0,False,5.6207525532984075,1.901463682474826
PX-244,2.181910954653098,False,0.0,False,5.6207525532984075,1.901463682474826
PX-245,2.0156931855620606,False,0.0,False,5.6207525532984075,1.901463682474826
PX-246,1.8415422925437213,False,0.0,False,5.6207525532984075,1.901463682474826
PX-247,1.7384797001031558,False,0.0,False,5.6207525532984075,1.901463682474826
PX-248,1.631768238910805,False,0.0,False,5.6207525532984075,1.901463682474826
PX-249,1.788321137130799,False,0.0,False,5.6207525532984075,1.901463682474826
PX-250,1.8941149896246028,False,0.0,False,5.6207525532984075,1.901463682474826
PX-251,2.014300689160965,False,0.0,False,5.6207525532984075,1.901463682474826
PX-252,2.0313521793809652,False,0.0,False,5.6207525532984075,1.901463682474826
PX-253,1.893057460288592,False,0.0,False,5.6207525532984075,1.901463682474826
PX-254,1.864495226370714,False,0.0,False,5.6207525532984075,1.901463682474826
PX-255,1.9868570547262774,False,0.0,False,5.6207525532984075,1.901463682474826
PX-256,2.128661727331055,False,0.0,False,5.6207525532984075,1.901463682474826
PX-257,2.467883452851856,False,0.0,False,5.6207525532984075,1.901463682474826
PX-258,2.437163968100597,False,0.0,False,5.6207525532984075,1.901463682474826
PX-259,2.238303526354221,False,0.0,False,5.6207525532984075,1.901463682474826
PX-260,1.9832607224157197,False,0.0,False,5.6207525532984075,1.901463682474826
PX-261,2.1172037864144375,False,0.0,False,5.6207525532984075,1.901463682474826
PX-262,2.3138706765647434,False,0.0,False,5.6207525532984075,1.901463682474826
PX-263,2.3413402653403512,False,0.0,False,5.6207525532984075,1.901463682474826
PX-264,2.4559915699678427,False,0.0,False,5.6207525532984075,1.901463682474826
PX-265,2.5036068477676796,False,0.0,False,5.6207525532984075,1.901463682474826
PX-266,2.066695719935659,False,0.0,False,5.6207525532984075,1.901463682474826
PX-267,2.094554305816475,False,0.0,False,5.6207525532984075,1.901463682474826
PX-268,2.033970200197956,False,0.0,False,5.6207525532984075,1.901463682474826
PX-269,2.1839712583488993,False,0.0,False,5.6207525532984075,1.901463682474826
PX-270,2.255609720115757,False,0.0,False,5.6207525532984075,1.901463682474826
PX-271,2.4650662458602337,False,0.0,False,5.6207525532984075,1.901463682474826
PX-272,2.5378225891035875,False,0.0,False,5.6207525532984075,1.901463682474826
PX-273,0.2792244535702384,False,0.0,False,5.6207525532984075,1.901463682474826
PX-274,0.7849259341346428,False,0.0,False,5.6207525532984075,1.901463682474826
PX-275,1.5428554712535512,False,0.0,False,5.6207525532984075,1.901463682474826
PX-276,2.1093027721048667,False,0.0,False,5.6207525532984075,1.901463682474826
PX-277,2.3508202167337675,False,0.0,False,5.6207525532984075,1.901463682474826
PX-278,2.483413720136239,False,0.0,False,5.6207525532984075,1.901463682474826
PX-279,2.4609368884418146,False,0.0,False,5.6207525532984075,1.901463682474826
PX-280,2.4076965189819433,False,0.0,False,5.6207525532984075,1.901463682474826
PX-281,2.469380860089986,False,0.0,False,5.6207525532984075,1.901463682474826
PX-282,2.572829054625318,False,0.0,False,5.6207525532984075,1.901463682474826
PX-283,2.6784415243452298,False,0.0,False,5.6207525532984075,1.901463682474826
PX-284,2.854461450960118,False,0.0,False,5.6207525532984075,1.901463682474826
PX-285,2.6776180332250057,False,0.0,False,5.6207525532984075,1.901463682474826
PX-286,2.8160315710771435,False,0.0,False,5.6207525532984075,1.901463682474826
PX-287,1.3019047942882178,False,0.0,False,5.6207525532984075,1.901463682474826
PX-288,1.6343039726825914,False,0.0,False,5.6207525532984075,1.901463682474826
PX-289,1.526585139818133,False,0.0,False,5.6207525532984075,1.901463682474826
PX-290,1.4608399924105413,False,0.0,False,5.6207525532984075,1.901463682474826
PX-291,1.3272950005293573,False,0.0,False,5.6207525532984075,1.901463682474826
PX-292,1.244058999462478,False,0.0,False,5.6207525532984075,1.901463682474826
PX-293,1.283285738461032,False,0.0,False,5.6207525532984075,1.901463682474826
PX-294,0.8754982373201301,False,0.0,False,5.6207525532984075,1.901463682474826
PX-295,0.8625159438303918,False,0.0,False,5.6207525532984075,1.901463682474826
PX-296,0.7815004417507598,False,0.0,False,5.6207525532984075,1.901463682474826
PX-297,0.24909626792426565,False,0.0,False,5.6207525532984075,1.901463682474826
PX-298,-0.04604164378440956,False,0.0,False,5.6207525532984075,1.901463682474826
PX-299,-0.025930482923822495,False,0.0,False,5.6207525532984075,1.901463682474826
PX-300,0.03611308480179609,False,0.0,False,5.6207525532984075,1.901463682474826
PX-301,2.9168252412207494,False,0.0,False,5.6207525532984075,1.901463682474826
PX-302,3.0432862887343877,False,0.0,False,5.6207525532984075,1.901463682474826
PX-303,3.2447248829891535,False,0.0,False,5.6207525532984075,1.901463682474826
PX-304,3.421013478402788,False,0.0,False,5.6207525532984075,1.901463682474826
PX-305,3.472159891407207,False,0.0,False,5.6207525532984075,1.901463682474826
PX-306,3.6324230261148927,False,0.0,False,5.6207525532984075,1.901463682474826
PX-307,3.5867199365713915,False,0.0,False,5.6207525532984075,1.901463682474826
PX-308,3.836624566789986,False,0.0,False,5.6207525532984075,1.901463682474826
PX-309,3.9957638277919347,False,0.0,False,5.6207525532984075,1.901463682474826
PX-310,4.289515978486891,False,0.0,False,5.6207525532984075,1.901463682474826
PX-311,4.542930607559407,True,1.0,False,5.6207525532984075,1.901463682474826
PX-312,4.393516123139495,True,1.0,False,5.6207525532984075,1.901463682474826
PX-313,4.045278558071203,False,0.0,False,5.6207525532984075,1.901463682474826
PX-314,3.78832176425626,False,0.0,False,5.6207525532984075,1.901463682474826
PX-315,3.6534398325395383,False,0.0,False,5.6207525532984075,1.901463682474826
PX-316,3.614080522578595,False,0.0,False,5.6207525532984075,1.901463682474826
PX-317,4.404869494771976,False,0.0,False,5.6207525532984075,1.901463682474826
PX-318,3.9712527064355143,False,0.0,False,5.6207525532984075,1.901463682474826
PX-319,3.1959139635667793,False,0.0,False,5.6207525532984075,1.901463682474826
PX-320,2.4503613060599587,False,0.0,False,5.6207525532984075,1.901463682474826
PX-321,1.4157210217978555,False,0.0,False,5.6207525532984075,1.901463682474826
PX-322,0.7081419967438105,False,0.0,False,5.6207525532984075,1.901463682474826
PX-323,0.33740395387588507,False,0.0,False,5.6207525532984075,1.901463682474826
PX-324,0.2872144674117614,False,0.0,False,5.6207525532984075,1.901463682474826
PX-325,1.1030285509009765,False,0.0,False,5.6207525532984075,1.901463682474826
PX-326,2.3801092955580074,False,0.0,False,5.6207525532984075,1.901463682474826
PX-327,-2.0987864936454788,False,0.0,False,5.6207525532984075,1.901463682474826
PX-328,-1.1920153211417457,False,0.0,False,5.6207525532984075,1.901463682474826
PX-329,-0.4111148191519334,False,0.0,False,5.6207525532984075,1.901463682474826
PX-330,0.6057003393492089,False,0.0,False,5.6207525532984075,1.901463682474826
PX-331,0.8993801154234013,False,0.0,False,5.6207525532984075,1.901463682474826
PX-332,0.900275291170864,False,0.0,False,5.6207525532984075,1.901463682474826
PX-333,0.9498614329411588,False,0.0,False,5.6207525532984075,1.901463682474826
PX-334,0.8972972952053464,False,0.0,False,5.6207525532984075,1.901463682474826
PX-335,0.716663503412498,False,0.0,False,5.6207525532984075,1.901463682474826
PX-336,3.907381832149067,True,1.0,False,5.6207525532984075,1.901463682474826
PX-337,3.343614149544635,False,0.0,False,5.6207525532984075,1.901463682474826
PX-338,3.3351509367047267,False,0.0,False,5.6207525532984075,1.901463682474826
PX-339,2.752873885608965,False,0.0,False,5.6207525532984075,1.901463682474826
PX-340,2.3478010757600796,False,0.0,False,5.6207525532984075,1.901463682474826
PX-341,2.411963758997059,False,0.0,False,5.6207525532984075,1.901463682474826
PX-342,2.458261271101888,False,0.0,False,5.6207525532984075,1.901463682474826
PX-343,2.384394753586113,False,0.0,False,5.6207525532984075,1.901463682474826
PX-344,2.2346014089680555,False,0.0,False,5.6207525532984075,1.901463682474826
PX-345,2.1271960772477616,False,0.0,False,5.6207525532984075,1.901463682474826
PX-346,2.198626647611464,False,0.0,False,5.6207525532984075,1.901463682474826
PX-347,2.121547166858665,False,0.0,False,5.6207525532984075,1.901463682474826
PX-348,2.3569803452044713,False,0.0,False,5.6207525532984075,1.901463682474826
PX-349,2.3880011359758857,False,0.0,False,5.6207525532984075,1.901463682474826
PX-350,2.2296120561102537,False,0.0,False,5.6207525532984075,1.901463682474826
PX-351,2.2330319467385245,False,0.0,False,5.6207525532984075,1.901463682474826
PX-352,2.1288472047099933,False,0.0,False,5.6207525532984075,1.901463682474826
PX-353,2.084933658540706,False,0.0,False,5.6207525532984075,1.901463682474826
PX-354,2.1477718170184943,False,0.0,False,5.6207525532984075,1.901463682474826
PX-355,2.410601443548652,False,0.0,False,5.6207525532984075,1.901463682474826
PX-356,2.462413316692606,False,0.0,False,5.6207525532984075,1.901463682474826
PX-357,2.529452736553175,False,0.0,False,5.6207525532984075,1.901463682474826
PX-358,2.3825840672291907,False,0.0,False,5.6207525532984075,1.901463682474826
PX-359,2.214443845888585,False,0.0,False,5.6207525532984075,1.901463682474826
PX-360,2.293906657402271,False,0.0,False,5.6207525532984075,1.901463682474826
PX-361,2.3721723387807874,False,0.0,False,5.6207525532984075,1.901463682474826
PX-362,2.349266326008806,False,0.0,False,5.6207525532984075,1.901463682474826
PX-363,2.547342345905532,False,0.0,False,5.6207525532984075,1.901463682474826
PX-364,2.3861197234950797,False,0.0,False,5.6207525532984075,1.901463682474826
PX-365,2.105835456505904,False,0.0,False,5.6207525532984075,1.901463682474826
PX-366,1.840716014888395,False,0.0,False,5.6207525532984075,1.901463682474826
PX-367,1.7635544337336704,False,0.0,False,5.6207525532984075,1.901463682474826
PX-368,1.7971066770459228,False,0.0,False,5.6207525532984075,1.901463682474826
PX-369,1.6501688914181187,False,0.0,False,5.6207525532984075,1.901463682474826
PX-370,1.7250025171690808,False,0.0,False,5.6207525532984075,1.901463682474826
PX-371,1.6135315693991128,False,0.0,False,5.6207525532984075,1.901463682474826
PX-372,1.1744895940484614,False,0.0,False,5.6207525532984075,1.901463682474826
PX-373,1.151768191874373,False,0.0,False,5.6207525532984075,1.901463682474826
PX-374,1.1077357456951074,False,0.0,False,5.6207525532984075,1.901463682474826
PX-375,1.4115285638011468,False,0.0,False,5.6207525532984075,1.901463682474826
PX-376,1.6699607250526967,False,0.0,False,5.6207525532984075,1.901463682474826
PX-377,1.8360242044545068,False,0.0,False,5.6207525532984075,1.901463682474826
PX-378,2.03603510396751,False,0.0,False,5.6207525532984075,1.901463682474826
PX-379,2.225137458485383,False,0.0,False,5.6207525532984075,1.901463682474826
PX-380,3.373127882341313,True,1.0,False,5.6207525532984075,1.901463682474826
PX-381,4.371495686801838,False,0.0,False,5.6207525532984075,1.901463682474826
PX-382,0.4349326717627129,False,0.0,False,5.6207525532984075,1.901463682474826
PX-383,1.6319306784227692,False,0.0,False,5.6207525532984075,1.901463682474826
PX-384,2.3436156619990633,False,0.0,False,5.6207525532984075,1.901463682474826
PX-385,3.051650937258298,False,0.0,False,5.6207525532984075,1.901463682474826
PX-386,3.3272429131545387,False,0.0,False,5.6207525532984075,1.901463682474826
PX-387,3.4340007338014953,True,1.0,False,5.6207525532984075,1.901463682474826
PX-388,3.6498462884913536,True,1.0,False,5.6207525532984075,1.901463682474826
PX-389,3.314579641067578,True,1.0,False,5.6207525532984075,1.901463682474826
PX-390,0.946496340073228,False,0.0,False,5.6207525532984075,1.901463682474826
PX-391,1.1160372910226073,False,0.0,False,5.6207525532984075,1.901463682474826
PX-392,1.3138957494281396,False,0.0,False,5.6207525532984075,1.901463682474826
PX-393,1.7727530254044783,False,0.0,False,5.6207525532984075,1.901463682474826
PX-394,1.6113877275623238,False,0.0,False,5.6207525532984075,1.901463682474826
PX-395,1.6866433747552012,False,0.0,False,5.6207525532984075,1.901463682474826
PX-396,1.5749752714530008,False,0.0,False,5.6207525532984075,1.901463682474826
PX-397,1.4013960739845857,False,0.0,False,5.6207525532984075,1.901463682474826
PX-398,1.3730438474438476,False,0.0,False,5.6207525532984075,1.901463682474826
PX-399,1.1863493692932554,False,0.0,False,5.6207525532984075,1.901463682474826
PX-400,1.2842259176339201,False,0.0,False,5.6207525532984075,1.901463682474826
PX-401,1.2590143967798504,False,0.0,False,5.6207525532984075,1.901463682474826
PX-402,0.687802455066949,False,0.0,False,5.6207525532984075,1.901463682474826
PX-403,0.43761040684298536,False,0.0,False,5.6207525532984075,1.901463682474826
PX-404,0.35231010875194,False,0.0,False,5.6207525532984075,1.901463682474826
PX-405,0.3197244574630389,False,0.0,False,5.6207525532984075,1.901463682474826
PX-406,0.7663074278542883,False,0.0,False,5.6207525532984075,1.901463682474826
PX-407,3.170149095138056,False,0.0,False,5.6207525532984075,1.901463682474826
PX-408,3.252002941382969,False,0.0,False,5.6207525532984075,1.901463682474826
PX-409,3.192301749952291,False,0.0,False,5.6207525532984075,1.901463682474826
PX-410,3.1302476881058503,False,0.0,False,5.6207525532984075,1.901463682474826
PX-411,3.077063071199399,False,0.0,False,5.6207525532984075,1.901463682474826
PX-412,3.231606102726353,False,0.0,False,5.6207525532984075,1.901463682474826
PX-413,3.2543449342851005,False,0.0,False,5.6207525532984075,1.901463682474826
PX-414,3.422212977607126,False,0.0,False,5.6207525532984075,1.901463682474826
PX-415,3.592099055187054,False,0.0,False,5.6207525532984075,1.901463682474826
PX-416,3.678745146254137,False,0.0,False,5.6207525532984075,1.901463682474826
PX-417,3.6808746691094694,False,0.0,False,5.6207525532984075,1.901463682474826
PX-418,4.0704452078524564,False,0.0,False,5.6207525532984075,1.901463682474826
PX-419,4.339249717501486,True,1.0,False,5.6207525532984075,1.901463682474826
PX-420,4.625080493297201,True,1.0,False,5.6207525532984075,1.901463682474826
PX-421,4.430733338055882,True,1.0,False,5.6207525532984075,1.901463682474826
PX-422,4.198309099348203,True,1.0,False,5.6207525532984075,1.901463682474826
PX-423,3.8971448689769765,False,0.0,False,5.6207525532984075,1.901463682474826
PX-424,3.691159458592086,False,0.0,False,5.6207525532984075,1.901463682474826
PX-425,3.451836922539348,False,0.0,False,5.6207525532984075,1.901463682474826
PX-426,3.98476569137903,False,0.0,False,5.6207525532984075,1.901463682474826
PX-427,3.1520928718984536,False,0.0,False,5.6207525532984075,1.901463682474826
PX-428,2.4197197977580682,False,0.0,False,5.6207525532984075,1.901463682474826
PX-429,1.7543910643061515,False,0.0,False,5.6207525532984075,1.901463682474826
PX-430,0.7663401519442932,False,0.0,False,5.6207525532984075,1.901463682474826
PX-431,0.22673447185009188,False,0.0,False,5.6207525532984075,1.901463682474826
PX-432,0.02201647743397217,False,0.0,False,5.6207525532984075,1.901463682474826
PX-433,-0.01685038800786387,False,0.0,False,5.6207525532984075,1.901463682474826
PX-434,0.1892211900876717,False,0.0,False,5.6207525532984075,1.901463682474826
PX-435,1.1037211278855317,False,0.0,False,5.6207525532984075,1.901463682474826
PX-436,1.3820022551459807,False,0.0,False,5.6207525532984075,1.901463682474826
PX-437,-3.0703687669971966,False,0.0,False,5.6207525532984075,1.901463682474826
PX-438,-1.97365366155001,False,0.0,False,5.6207525532984075,1.901463682474826
PX-439,-0.7797047210531574,False,0.0,False,5.6207525532984075,1.901463682474826
PX-440,0.3788079599703913,False,0.0,False,5.6207525532984075,1.901463682474826
PX-441,0.9408951118313169,False,0.0,False,5.6207525532984075,1.901463682474826
PX-442,1.098746144697678,False,0.0,False,5.6207525532984075,1.901463682474826
PX-443,0.9353967863953123,False,0.0,False,5.6207525532984075,1.901463682474826
PX-444,0.8605895117137194,False,0.0,False,5.6207525532984075,1.901463682474826
PX-445,0.9197751330567652,False,0.0,False,5.6207525532984075,1.901463682474826
PX-446,0.8385763019968877,False,0.0,False,5.6207525532984075,1.901463682474826
PX-447,3.624750069313869,False,0.0,False,5.6207525532984075,1.901463682474826
PX-448,3.002058388139334,False,0.0,False,5.6207525532984075,1.901463682474826
PX-449,2.946334849250837,False,0.0,False,5.6207525532984075,1.901463682474826
PX-450,2.39927925645957,False,0.0,False,5.6207525532984075,1.901463682474826
PX-451,2.0093946726043033,False,0.0,False,5.6207525532984075,1.901463682474826
PX-452,2.046538681750377,False,0.0,False,5.6207525532984075,1.901463682474826
PX-453,2.0498428744246233,False,0.0,False,5.6207525532984075,1.901463682474826
PX-454,2.070053680704122,False,0.0,False,5.6207525532984075,1.901463682474826
PX-455,2.0220932789185184,False,0.0,False,5.6207525532984075,1.901463682474826
PX-456,2.003481532775025,False,0.0,False,5.6207525532984075,1.901463682474826
PX-457,2.1157861278086134,False,0.0,False,5.6207525532984075,1.901463682474826
PX-458,2.00901463951951,False,0.0,False,5.6207525532984075,1.901463682474826
PX-459,2.3323804591530095,False,0.0,False,5.6207525532984075,1.901463682474826
PX-460,2.423314759770406,False,0.0,False,5.6207525532984075,1.901463682474826
PX-461,2.352527477738052,False,0.0,False,5.6207525532984075,1.901463682474826
PX-462,2.420824289997366,False,0.0,False,5.6207525532984075,1.901463682474826
PX-463,2.227421398570261,False,0.0,False,5.6207525532984075,1.901463682474826
PX-464,2.24278728713152,False,0.0,False,5.6207525532984075,1.901463682474826
PX-465,2.3346654859715468,False,0.0,False,5.6207525532984075,1.901463682474826
PX-466,2.5394061890537927,False,0.0,False,5.6207525532984075,1.901463682474826
PX-467,2.556808773509708,False,0.0,False,5.6207525532984075,1.901463682474826
PX-468,2.5430493854280307,False,0.0,False,5.6207525532984075,1.901463682474826
PX-469,2.304515559932174,False,0.0,False,5.6207525532984075,1.901463682474826
PX-470,2.216525516019505,False,0.0,False,5.6207525532984075,1.901463682474826
PX-471,2.315361904539582,False,0.0,False,5.6207525532984075,1.901463682474826
PX-472,2.393113524300773,False,0.0,False,5.6207525532984075,1.901463682474826
PX-473,2.4039648395642885,False,0.0,False,5.6207525532984075,1.901463682474826
PX-474,2.391474315847397,False,0.0,False,5.6207525532984075,1.901463682474826
PX-475,2.2565211414953232,False,0.0,False,5.6207525532984075,1.901463682474826
PX-476,2.0646313295337464,False,0.0,False,5.6207525532984075,1.901463682474826
PX-477,1.8450503383377637,False,0.0,False,5.6207525532984075,1.901463682474826
PX-478,1.8023888534883916,False,0.0,False,5.6207525532984075,1.901463682474826
PX-479,1.731222031617671,False,0.0,False,5.6207525532984075,1.901463682474826
PX-480,1.5450614756605798,False,0.0,False,5.6207525532984075,1.901463682474826
PX-481,1.5889429797088575,False,0.0,False,5.6207525532984075,1.901463682474826
PX-482,1.4355792015813158,False,0.0,False,5.6207525532984075,1.901463682474826
PX-483,1.2015264868009758,False,0.0,False,5.6207525532984075,1.901463682474826
PX-484,1.0927394083089865,False,0.0,False,5.6207525532984075,1.901463682474826
PX-485,0.9619273098558772,False,0.0,False,5.6207525532984075,1.901463682474826
PX-486,1.2084018993275247,False,0.0,False,5.6207525532984075,1.901463682474826
PX-487,1.553573146845011,False,0.0,False,5.6207525532984075,1.901463682474826
PX-488,1.8011566439936022,False,0.0,False,5.6207525532984075,1.901463682474826
PX-489,2.001386368073934,False,0.0,False,5.6207525532984075,1.901463682474826
PX-490,2.169531949514516,False,0.0,False,5.6207525532984075,1.901463682474826
PX-491,3.274242038692158,False,0.0,False,5.6207525532984075,1.901463682474826
PX-492,3.317246062528742,False,0.0,False,5.6207525532984075,1.901463682474826
PX-493,-0.6939722564241482,False,0.0,False,5.6207525532984075,1.901463682474826
PX-494,0.770730414207133,False,0.0,False,5.6207525532984075,1.901463682474826
PX-495,1.7666456360444531,False,0.0,False,5.6207525532984075,1.901463682474826
PX-496,2.796718088706614,False,0.0,False,5.6207525532984075,1.901463682474826
PX-497,3.4133237188046426,False,0.0,False,5.6207525532984075,1.901463682474826
PX-498,3.664983624618328,False,0.0,False,5.6207525532984075,1.901463682474826
PX-499,3.6477242209313037,True,1.0,False,5.6207525532984075,1.901463682474826
PX-500,3.8179159789772825,True,1.0,False,5.6207525532984075,1.901463682474826
PX-501,4.008502963528445,True,1.0,False,5.6207525532984075,1.901463682474826
PX-502,4.1862678005593175,True,1.0,False,5.6207525532984075,1.901463682474826
PX-503,4.168111835084456,True,1.0,False,5.6207525532984075,1.901463682474826
PX-504,3.0182691243108195,True,1.0,False,5.6207525532984075,1.901463682474826
PX-505,2.941484759839904,False,0.0,False,5.6207525532984075,1.901463682474826
PX-506,2.723475141021069,False,0.0,False,5.6207525532984075,1.901463682474826
PX-507,2.8326816347946266,False,0.0,False,5.6207525532984075,1.901463682474826
PX-508,0.7886040340755862,False,0.0,False,5.6207525532984075,1.901463682474826
PX-509,0.4671875940862442,False,0.0,False,5.6207525532984075,1.901463682474826
PX-510,0.5009622382248864,False,0.0,False,5.6207525532984075,1.901463682474826
PX-511,0.8057849153678642,False,0.0,False,5.6207525532984075,1.901463682474826
PX-512,0.9762916578568639,False,0.0,False,5.6207525532984075,1.901463682474826
PX-513,1.1460162422828617,False,0.0,False,5.6207525532984075,1.901463682474826
PX-514,1.65857908143035,False,0.0,False,5.6207525532984075,1.901463682474826
PX-515,1.8644641119069938,False,0.0,False,5.6207525532984075,1.901463682474826
PX-516,1.8545656149166767,False,0.0,False,5.6207525532984075,1.901463682474826
PX-517,1.4708631686892009,False,0.0,False,5.6207525532984075,1.901463682474826
PX-518,1.4026125290729272,False,0.0,False,5.6207525532984075,1.901463682474826
PX-519,1.1275779287696697,False,0.0,False,5.6207525532984075,1.901463682474826
PX-520,0.5690522596966705,False,0.0,False,5.6207525532984075,1.901463682474826
PX-521,0.5847528121818844,False,0.0,False,5.6207525532984075,1.901463682474826
PX-522,0.4785781896452601,False,0.0,False,5.6207525532984075,1.901463682474826
PX-523,-0.16046462108823256,False,0.0,False,5.6207525532984075,1.901463682474826
PX-524,-0.5992190574530607,False,0.0,False,5.6207525532984075,1.901463682474826
PX-525,-0.674268110954646,False,0.0,False,5.6207525532984075,1.901463682474826
PX-526,-0.4717831421498584,False,0.0,False,5.6207525532984075,1.901463682474826
PX-527,-0.05181218427731871,False,0.0,False,5.6207525532984075,1.901463682474826
PX-528,2.155977488081003,False,0.0,False,5.6207525532984075,1.901463682474826
PX-529,2.437785278103842,False,0.0,False,5.6207525532984075,1.901463682474826
PX-530,2.700596639273728,False,0.0,False,5.6207525532984075,1.901463682474826
PX-531,2.9206207806102924,False,0.0,False,5.6207525532984075,1.901463682474826
PX-532,3.261033918128815,False,0.0,False,5.6207525532984075,1.901463682474826
PX-533,3.5973211296673107,False,0.0,False,5.6207525532984075,1.901463682474826
PX-534,3.6928807977422036,False,0.0,False,5.6207525532984075,1.901463682474826
PX-535,3.720237767053286,False,0.0,False,5.6207525532984075,1.901463682474826
PX-536,3.6924745112444306,False,0.0,False,5.6207525532984075,1.901463682474826
PX-537,3.6016034690913283,False,0.0,False,5.6207525532984075,1.901463682474826
PX-538,3.7318547395283943,False,0.0,False,5.6207525532984075,1.901463682474826
PX-539,3.9132650733846237,False,0.0,False,5.6207525532984075,1.901463682474826
PX-540,4.04930397155087,False,0.0,False,5.6207525532984075,1.901463682474826
PX-541,4.107045432846489,False,0.0,False,5.6207525532984075,1.901463682474826
PX-542,4.267142013963733,False,0.0,False,5.6207525532984075,1.901463682474826
PX-543,4.543889747922899,True,1.0,False,5.6207525532984075,1.901463682474826
PX-544,4.884128949701806,True,1.0,False,5.6207525532984075,1.901463682474826
PX-545,4.762446359194044,True,1.0,False,5.6207525532984075,1.901463682474826
PX-546,4.565884533627013,False,0.0,False,5.6207525532984075,1.901463682474826
PX-547,5.56619936069138,True,1.0,False,5.6207525532984075,1.901463682474826
PX-548,5.449768120919323,False,0.0,False,5.6207525532984075,1.901463682474826
PX-549,1.7081727886054505,False,0.0,False,5.6207525532984075,1.901463682474826
PX-550,2.4529951145342146,False,0.0,False,5.6207525532984075,1.901463682474826
PX-551,2.6858510680945216,False,0.0,False,5.6207525532984075,1.901463682474826
PX-552,2.929516073808424,False,0.0,False,5.6207525532984075,1.901463682474826
PX-553,2.8234405099804523,False,0.0,False,5.6207525532984075,1.901463682474826
PX-554,1.8881411919571782,False,0.0,False,5.6207525532984075,1.901463682474826
PX-555,0.9885389599781451,False,0.0,False,5.6207525532984075,1.901463682474826
PX-556,0.6652307727994078,False,0.0,False,5.6207525532984075,1.901463682474826
PX-557,0.619179921422699,False,0.0,False,5.6207525532984075,1.901463682474826
PX-558,0.5424289203741921,False,0.0,False,5.6207525532984075,1.901463682474826
PX-559,0.38025941104628913,False,0.0,False,5.6207525532984075,1.901463682474826
PX-560,0.2946015977721217,False,0.0,False,5.6207525532984075,1.901463682474826
PX-561,0.24695184111186208,False,0.0,False,5.6207525532984075,1.901463682474826
PX-562,-0.06587088020312137,False,0.0,False,5.6207525532984075,1.901463682474826
PX-563,0.06058569181872642,False,0.0,False,5.6207525532984075,1.901463682474826
PX-564,0.3587193481809443,False,0.0,False,5.6207525532984075,1.901463682474826
PX-565,0.2847148574865379,False,0.0,False,5.6207525532984075,1.901463682474826
PX-566,0.431886277903498,False,0.0,False,5.6207525532984075,1.901463682474826
PX-567,0.6871135273066784,False,0.0,False,5.6207525532984075,1.901463682474826
PX-568,0.7735154070621508,False,0.0,False,5.6207525532984075,1.901463682474826
PX-569,0.6266092547041264,False,0.0,False,5.6207525532984075,1.901463682474826
PX-570,0.5697646211411804,False,0.0,False,5.6207525532984075,1.901463682474826
PX-571,0.6631319645983762,False,0.0,False,5.6207525532984075,1.901463682474826
PX-572,0.5549980721089227,False,0.0,False,5.6207525532984075,1.901463682474826
PX-573,2.915383093401651,False,0.0,False,5.6207525532984075,1.901463682474826
PX-574,2.5531034418239837,False,0.0,False,5.6207525532984075,1.901463682474826
PX-575,2.3408284025290964,False,0.0,False,5.6207525532984075,1.901463682474826
PX-576,1.782329224394152,False,0.0,False,5.6207525532984075,1.901463682474826
PX-577,1.3520110628553006,False,0.0,False,5.6207525532984075,1.901463682474826
PX-578,1.274174652510565,False,0.0,False,5.6207525532984075,1.901463682474826
PX-579,1.290717485978135,False,0.0,False,5.6207525532984075,1.901463682474826
PX-580,1.229984014554942,False,0.0,False,5.6207525532984075,1.901463682474826
PX-581,0.8839898046139272,False,0.0,False,5.6207525532984075,1.901463682474826
PX-582,0.8400826374805312,False,0.0,False,5.6207525532984075,1.901463682474826
PX-583,0.8046925059207677,False,0.0,False,5.6207525532984075,1.901463682474826
PX-584,0.9103866054362548,False,0.0,False,5.6207525532984075,1.901463682474826
PX-585,1.3027644374218834,False,0.0,False,5.6207525532984075,1.901463682474826
PX-586,1.6250310552662661,False,0.0,False,5.6207525532984075,1.901463682474826
PX-587,1.7101833116096756,False,0.0,False,5.6207525532984075,1.901463682474826
PX-588,1.707882261537943,False,0.0,False,5.6207525532984075,1.901463682474826
PX-589,1.8978788682253018,False,0.0,False,5.6207525532984075,1.901463682474826
PX-590,2.3525400021861493,False,0.0,False,5.6207525532984075,1.901463682474826
PX-591,2.7042114739237757,False,0.0,False,5.6207525532984075,1.901463682474826
PX-592,3.0076073234320866,False,0.0,False,5.6207525532984075,1.901463682474826
PX-593,3.0010170071471194,False,0.0,False,5.6207525532984075,1.901463682474826
PX-594,2.9292285879972617,False,0.0,False,5.6207525532984075,1.901463682474826
PX-595,2.8757929587216324,False,0.0,False,5.6207525532984075,1.901463682474826
PX-596,3.052446465130229,False,0.0,False,5.6207525532984075,1.901463682474826
PX-597,3.2976078334932186,False,0.0,False,5.6207525532984075,1.901463682474826
PX-598,3.1049961037922564,False,0.0,False,5.6207525532984075,1.901463682474826
PX-599,3.24593157944369,False,0.0,False,5.6207525532984075,1.901463682474826
PX-600,3.193555443726286,False,0.0,False,5.6207525532984075,1.901463682474826
PX-601,3.150844334575252,False,0.0,False,5.6207525532984075,1.901463682474826
PX-602,3.2330333051511033,False,0.0,False,5.6207525532984075,1.901463682474826
PX-603,5.380816094950831,True,1.0,False,5.6207525532984075,1.901463682474826
PX-604,8.404648836787805,True,1.0,False,5.6207525532984075,1.901463682474826
PX-605,-0.9999348604394527,False,0.0,False,5.6207525532984075,1.901463682474826
PX-606,-0.3172378215537588,False,0.0,False,5.6207525532984075,1.901463682474826
PX-607,0.9899695067923435,False,0.0,False,5.6207525532984075,1.901463682474826
PX-608,1.7223957200742603,False,0.0,False,5.6207525532984075,1.901463682474826
PX-609,2.3097560091881846,False,0.0,False,5.6207525532984075,1.901463682474826
PX-610,2.457091477131291,False,0.0,False,5.6207525532984075,1.901463682474826
PX-611,2.0873571793804278,False,0.0,False,5.6207525532984075,1.901463682474826
PX-612,2.030338776755043,False,0.0,False,5.6207525532984075,1.901463682474826
PX-613,2.24730168985503,False,0.0,False,5.6207525532984075,1.901463682474826
PX-614,2.38254813694064,False,0.0,False,5.6207525532984075,1.901463682474826
PX-615,2.4936906455448113,False,0.0,False,5.6207525532984075,1.901463682474826
PX-616,2.4443714070942626,False,0.0,False,5.6207525532984075,1.901463682474826
PX-617,2.4541123568988077,False,0.0,False,5.6207525532984075,1.901463682474826
PX-618,2.6720742212980504,False,0.0,False,5.6207525532984075,1.901463682474826
PX-619,2.5265845612052953,False,0.0,False,5.6207525532984075,1.901463682474826
PX-620,2.7681798179067236,False,0.0,False,5.6207525532984075,1.901463682474826
PX-621,2.850164854099507,False,0.0,False,5.6207525532984075,1.901463682474826
PX-622,2.6526597169610167,False,0.0,False,5.6207525532984075,1.901463682474826
PX-623,2.8200035458354016,False,0.0,False,5.6207525532984075,1.901463682474826
PX-624,3.2183012510309172,False,0.0,False,5.6207525532984075,1.901463682474826
PX-625,3.3286131134793226,False,0.0,False,5.6207525532984075,1.901463682474826
PX-626,3.526280627281933,False,0.0,False,5.6207525532984075,1.901463682474826
PX-627,3.520166155478961,False,0.0,False,5.6207525532984075,1.901463682474826
PX-628,3.812346365956058,False,0.0,False,5.6207525532984075,1.901463682474826
PX-629,3.8211597772224746,False,0.0,False,5.6207525532984075,1.901463682474826
PX-630,3.7572863847839315,False,0.0,False,5.6207525532984075,1.901463682474826
PX-631,3.8956485406131094,False,0.0,False,5.6207525532984075,1.901463682474826
PX-632,3.675991459209216,False,0.0,False,5.6207525532984075,1.901463682474826
PX-633,3.433385435885546,False,0.0,False,5.6207525532984075,1.901463682474826
PX-634,3.280642580095803,False,0.0,False,5.6207525532984075,1.901463682474826
PX-635,2.3363470915881788,False,0.0,False,5.6207525532984075,1.901463682474826
PX-636,2.3069829740250274,False,0.0,False,5.6207525532984075,1.901463682474826
PX-637,2.1951719147548445,False,0.0,False,5.6207525532984075,1.901463682474826
PX-638,1.9592065916982797,False,0.0,False,5.6207525532984075,1.901463682474826
PX-639,1.7680281671704066,False,0.0,False,5.6207525532984075,1.901463682474826
PX-640,1.736455308492948,False,0.0,False,5.6207525532984075,1.901463682474826
PX-641,2.042100209647531,False,0.0,False,5.6207525532984075,1.901463682474826
PX-642,2.289652569640422,False,0.0,False,5.6207525532984075,1.901463682474826
PX-643,0.0818499559191217,False,0.0,False,5.6207525532984075,1.901463682474826
PX-644,-0.07904201344134698,False,0.0,False,5.6207525532984075,1.901463682474826
PX-645,-0.06323685572746385,False,0.0,False,5.6207525532984075,1.901463682474826
PX-646,-0.06913063102552641,False,0.0,False,5.6207525532984075,1.901463682474826
PX-647,0.09107134305781273,False,0.0,False,5.6207525532984075,1.901463682474826
PX-648,0.39449696438467186,False,0.0,False,5.6207525532984075,1.901463682474826
PX-649,0.6141277840359276,False,0.0,False,5.6207525532984075,1.901463682474826
PX-650,0.7434342767637201,False,0.0,False,5.6207525532984075,1.901463682474826
PX-651,1.1370471470313763,False,0.0,False,5.6207525532984075,1.901463682474826
PX-652,1.3780060043528888,False,0.0,False,5.6207525532984075,1.901463682474826
PX-653,1.5648863272097522,False,0.0,False,5.6207525532984075,1.901463682474826
PX-654,1.4582581246395492,False,0.0,False,5.6207525532984075,1.901463682474826
PX-655,1.290928957212678,False,0.0,False,5.6207525532984075,1.901463682474826
PX-656,1.4721400145764978,False,0.0,False,5.6207525532984075,1.901463682474826
PX-657,1.370671427349695,False,0.0,False,5.6207525532984075,1.901463682474826
PX-658,1.5319206520283135,False,0.0,False,5.6207525532984075,1.901463682474826
PX-659,1.658995648958765,False,0.0,False,5.6207525532984075,1.901463682474826
PX-660,5.034180869801467,True,1.0,False,5.6207525532984075,1.901463682474826
PX-661,-2.455358661640833,False,0.0,False,5.6207525532984075,1.901463682474826
PX-662,-1.6237269227989586,False,0.0,False,5.6207525532984075,1.901463682474826
PX-663,-0.3447076967626863,False,0.0,False,5.6207525532984075,1.901463682474826
PX-664,0.8137760944175465,False,0.0,False,5.6207525532984075,1.901463682474826
PX-665,1.7106241725134304,False,0.0,False,5.6207525532984075,1.901463682474826
PX-666,3.835411330828066,False,0.0,False,5.6207525532984075,1.901463682474826
PX-667,3.94481599321724,False,0.0,False,5.6207525532984075,1.901463682474826
PX-668,3.8748936379418133,False,0.0,False,5.6207525532984075,1.901463682474826
PX-669,4.14586940906333,True,1.0,False,5.6207525532984075,1.901463682474826
PX-670,4.628937943029081,True,1.0,False,5.6207525532984075,1.901463682474826
PX-671,4.923816213288861,True,1.0,False,5.6207525532984075,1.901463682474826
PX-672,4.868532242787914,True,1.0,False,5.6207525532984075,1.901463682474826
PX-673,4.819673676373101,True,1.0,False,5.6207525532984075,1.901463682474826
PX-674,4.784567079585905,True,1.0,False,5.6207525532984075,1.901463682474826
PX-675,4.525099910183867,True,1.0,False,5.6207525532984075,1.901463682474826
PX-676,4.504223902879897,True,1.0,False,5.6207525532984075,1.901463682474826
PX-677,4.667165276741278,True,1.0,False,5.6207525532984075,1.901463682474826
PX-678,4.577867536115917,True,1.0,False,5.6207525532984075,1.901463682474826
PX-679,4.544416010691178,True,1.0,False,5.6207525532984075,1.901463682474826
PX-680,4.838002825840963,True,1.0,False,5.6207525532984075,1.901463682474826
PX-681,4.822366665262628,True,1.0,False,5.6207525532984075,1.901463682474826
PX-682,4.931993233146244,True,1.0,False,5.6207525532984075,1.901463682474826
PX-683,4.82094240848755,True,1.0,False,5.6207525532984075,1.901463682474826
PX-684,4.6763548416570515,True,1.0,False,5.6207525532984075,1.901463682474826
PX-685,4.547743240531453,True,1.0,False,5.6207525532984075,1.901463682474826
PX-686,4.525442418263745,True,1.0,False,5.6207525532984075,1.901463682474826
PX-687,4.534323932414846,False,0.0,False,5.6207525532984075,1.901463682474826
PX-688,3.8309859012510685,False,0.0,False,5.6207525532984075,1.901463682474826
PX-689,3.2960579743673915,False,0.0,False,5.6207525532984075,1.901463682474826
PX-690,2.58545055207499,False,0.0,False,5.6207525532984075,1.901463682474826
PX-691,1.8614704339202408,False,0.0,False,5.6207525532984075,1.901463682474826
PX-692,1.3629016196373485,False,0.0,False,5.6207525532984075,1.901463682474826
PX-693,0.5607985709971253,False,0.0,False,5.6207525532984075,1.901463682474826
PX-694,0.00043607079519247804,False,0.0,False,5.6207525532984075,1.901463682474826
PX-695,-0.27976873114028145,False,0.0,False,5.6207525532984075,1.901463682474826
PX-696,-0.38450239870359226,False,0.0,False,5.6207525532984075,1.901463682474826
PX-697,-0.2368342341109937,False,0.0,False,5.6207525532984075,1.901463682474826
PX-698,-0.29288420189348585,False,0.0,False,5.6207525532984075,1.901463682474826
PX-699,-0.28417320265937107,False,0.0,False,5.6207525532984075,1.901463682474826
PX-700,-0.287248619531848,False,0.0,False,5.6207525532984075,1.901463682474826
PX-701,-0.38038724193650353,False,0.0,False,5.6207525532984075,1.901463682474826
PX-702,-0.008172666175159549,False,0.0,False,5.6207525532984075,1.901463682474826
PX-703,0.16257468855542356,False,0.0,False,5.6207525532984075,1.901463682474826
PX-704,0.2754338596812289,False,0.0,False,5.6207525532984075,1.901463682474826
PX-705,0.333587294086108,False,0.0,False,5.6207525532984075,1.901463682474826
PX-706,0.358459175921368,False,0.0,False,5.6207525532984075,1.901463682474826
PX-707,0.3782138453724446,False,0.0,False,5.6207525532984075,1.901463682474826
PX-708,0.37148543884713625,False,0.0,False,5.6207525532984075,1.901463682474826
PX-709,0.35407062294932423,False,0.0,False,5.6207525532984075,1.901463682474826
PX-710,0.4206966819121938,False,0.0,False,5.6207525532984075,1.901463682474826
PX-711,0.3510201734693066,False,0.0,False,5.6207525532984075,1.901463682474826
PX-712,0.569074398232793,False,0.0,False,5.6207525532984075,1.901463682474826
PX-713,0.6581623758522177,False,0.0,False,5.6207525532984075,1.901463682474826
PX-714,0.6463066039820724,False,0.0,False,5.6207525532984075,1.901463682474826
PX-715,2.941561637883508,False,0.0,False,5.6207525532984075,1.901463682474826
PX-716,7.96968222267993,True,1.0,False,5.6207525532984075,1.901463682474826
PX-717,-0.4766149935964368,False,0.0,False,5.6207525532984075,1.901463682474826
PX-718,0.044062106727855266,False,0.0,False,5.6207525532984075,1.901463682474826
PX-719,0.4278688318256929,False,0.0,False,5.6207525532984075,1.901463682474826
PX-720,1.0152684120834188,False,0.0,False,5.6207525532984075,1.901463682474826
PX-721,1.532635743371051,False,0.0,False,5.6207525532984075,1.901463682474826
PX-722,1.9780763174331213,False,0.0,False,5.6207525532984075,1.901463682474826
PX-723,2.11130319250322,False,0.0,False,5.6207525532984075,1.901463682474826
PX-724,1.8476137409539444,False,0.0,False,5.6207525532984075,1.901463682474826
PX-725,1.7537426615860117,False,0.0,False,5.6207525532984075,1.901463682474826
PX-726,1.8384088534951069,False,0.0,False,5.6207525532984075,1.901463682474826
PX-727,1.881586487845592,False,0.0,False,5.6207525532984075,1.901463682474826
PX-728,2.188782462761278,False,0.0,False,5.6207525532984075,1.901463682474826
PX-729,2.4165886033402817,False,0.0,False,5.6207525532984075,1.901463682474826
PX-730,2.5628630523839107,False,0.0,False,5.6207525532984075,1.901463682474826
PX-731,2.7578712673033685,False,0.0,False,5.6207525532984075,1.901463682474826
PX-732,2.6756351019259874,False,0.0,False,5.6207525532984075,1.901463682474826
PX-733,2.9309348419745938,False,0.0,False,5.6207525532984075,1.901463682474826
PX-734,3.3047997634989574,False,0.0,False,5.6207525532984075,1.901463682474826
PX-735,3.589083181873038,False,0.0,False,5.6207525532984075,1.901463682474826
PX-736,3.6360139514113126,False,0.0,False,5.6207525532984075,1.901463682474826
PX-737,3.708595029902501,False,0.0,False,5.6207525532984075,1.901463682474826
PX-738,3.6229448921785696,False,0.0,False,5.6207525532984075,1.901463682474826
PX-739,3.525536436696113,False,0.0,False,5.6207525532984075,1.901463682474826
PX-740,3.48599008695218,False,0.0,False,5.6207525532984075,1.901463682474826
PX-741,3.267633533675065,False,0.0,False,5.6207525532984075,1.901463682474826
PX-742,3.143325368469432,False,0.0,False,5.6207525532984075,1.901463682474826
PX-743,2.8662711895215,False,0.0,False,5.6207525532984075,1.901463682474826
PX-744,2.830748686503668,False,0.0,False,5.6207525532984075,1.901463682474826
PX-745,2.602353595057558,False,0.0,False,5.6207525532984075,1.901463682474826
PX-746,2.2636831657554435,False,0.0,False,5.6207525532984075,1.901463682474826
PX-747,2.037375453434949,False,0.0,False,5.6207525532984075,1.901463682474826
PX-748,2.0312858343493723,False,0.0,False,5.6207525532984075,1.901463682474826
PX-749,1.9118681001684177,False,0.0,False,5.6207525532984075,1.901463682474826
PX-750,1.9892778997210154,False,0.0,False,5.6207525532984075,1.901463682474826
PX-751,1.7167154804677924,False,0.0,False,5.6207525532984075,1.901463682474826
PX-752,1.5292631556579508,False,0.0,False,5.6207525532984075,1.901463682474826
PX-753,1.2514666522236695,False,0.0,False,5.6207525532984075,1.901463682474826
PX-754,1.1788212080199667,False,0.0,False,5.6207525532984075,1.901463682474826
PX-755,1.3758930320226561,False,0.0,False,5.6207525532984075,1.901463682474826
PX-756,1.6144281260892832,False,0.0,False,5.6207525532984075,1.901463682474826
PX-757,1.7442944388737587,False,0.0,False,5.6207525532984075,1.901463682474826
PX-758,1.8816841596226848,False,0.0,False,5.6207525532984075,1.901463682474826
PX-759,2.0604052537041397,False,0.0,False,5.6207525532984075,1.901463682474826
PX-760,2.160818412505156,False,0.0,False,5.6207525532984075,1.901463682474826
PX-761,2.2459276435595044,False,0.0,False,5.6207525532984075,1.901463682474826
PX-762,2.31136060576976,False,0.0,False,5.6207525532984075,1.901463682474826
PX-763,2.625437142238548,False,0.0,False,5.6207525532984075,1.901463682474826
PX-764,2.595741636016136,False,0.0,False,5.6207525532984075,1.901463682474826
PX-765,2.5713417747003415,False,0.0,False,5.6207525532984075,1.901463682474826
PX-766,2.619186886312672,False,0.0,False,5.6207525532984075,1.901463682474826
PX-767,2.867491406631528,False,0.0,False,5.6207525532984075,1.901463682474826
PX-768,2.9157178005519313,False,0.0,False,5.6207525532984075,1.901463682474826
PX-769,3.5407565727774184,False,0.0,False,5.6207525532984075,1.901463682474826
PX-770,3.8275860966932402,False,0.0,False,5.6207525532984075,1.901463682474826
PX-771,3.9185549079967927,False,0.0,False,5.6207525532984075,1.901463682474826
PX-772,2.1623139234319684,False,0.0,False,5.6207525532984075,1.901463682474826
PX-773,1.483482287582607,False,0.0,False,5.6207525532984075,1.901463682474826
PX-774,1.9503528022622625,False,0.0,False,5.6207525532984075,1.901463682474826
PX-775,2.299903652729803,False,0.0,False,5.6207525532984075,1.901463682474826
PX-776,2.7003099324526776,False,0.0,False,5.6207525532984075,1.901463682474826
PX-777,3.2949474043243363,False,0.0,False,5.6207525532984075,1.901463682474826
PX-778,3.4906201235344927,False,0.0,False,5.6207525532984075,1.901463682474826
PX-779,3.514048335431628,False,0.0,False,5.6207525532984075,1.901463682474826
PX-780,3.4282121288495,False,0.0,False,5.6207525532984075,1.901463682474826
PX-781,3.1658639940485553,False,0.0,False,5.6207525532984075,1.901463682474826
PX-782,2.225593542025038,False,0.0,False,5.6207525532984075,1.901463682474826
PX-783,2.114591759885654,False,0.0,False,5.6207525532984075,1.901463682474826
PX-784,2.129020714427238,False,0.0,False,5.6207525532984075,1.901463682474826
PX-785,2.347791057689216,False,0.0,False,5.6207525532984075,1.901463682474826
PX-786,2.5953605417657517,False,0.0,False,5.6207525532984075,1.901463682474826
PX-787,2.7008329868198278,False,0.0,False,5.6207525532984075,1.901463682474826
PX-788,2.943230349104102,False,0.0,False,5.6207525532984075,1.901463682474826
PX-789,2.797002621032142,False,0.0,False,5.6207525532984075,1.901463682474826
PX-790,2.692720625437939,False,0.0,False,5.6207525532984075,1.901463682474826
PX-791,2.817331948557179,False,0.0,False,5.6207525532984075,1.901463682474826
PX-792,2.8224932786587473,False,0.0,False,5.6207525532984075,1.901463682474826
PX-793,2.957376334146975,False,0.0,False,5.6207525532984075,1.901463682474826
PX-794,2.930021597617001,False,0.0,False,5.6207525532984075,1.901463682474826
PX-795,3.0448948247485816,False,0.0,False,5.6207525532984075,1.901463682474826
PX-796,2.5319514524297517,False,0.0,False,5.6207525532984075,1.901463682474826
PX-797,2.0358480286510225,False,0.0,False,5.6207525532984075,1.901463682474826
PX-798,1.564737319834686,False,0.0,False,5.6207525532984075,1.901463682474826
PX-799,1.152682722720554,False,0.0,False,5.6207525532984075,1.901463682474826
PX-800,0.729170329513682,False,0.0,False,5.6207525532984075,1.901463682474826
PX-801,0.4404422516617519,False,0.0,False,5.6207525532984075,1.901463682474826
PX-802,0.16490992072195,False,0.0,False,5.6207525532984075,1.901463682474826
PX-803,0.08000596121761205,False,0.0,False,5.6207525532984075,1.901463682474826
PX-804,0.12452149334041707,False,0.0,False,5.6207525532984075,1.901463682474826
PX-805,0.16835782202592853,False,0.0,False,5.6207525532984075,1.901463682474826
PX-806,0.38084605842716357,False,0.0,False,5.6207525532984075,1.901463682474826
PX-807,0.6285497128147544,False,0.0,False,5.6207525532984075,1.901463682474826
PX-808,0.7058504393066958,False,0.0,False,5.6207525532984075,1.901463682474826
PX-809,0.9315913592797482,False,0.0,False,5.6207525532984075,1.901463682474826
PX-810,1.3122320107622159,False,0.0,False,5.6207525532984075,1.901463682474826
PX-811,1.5493350897516223,False,0.0,False,5.6207525532984075,1.901463682474826
PX-812,1.5678311064457287,False,0.0,False,5.6207525532984075,1.901463682474826
PX-813,1.3195412318398763,False,0.0,False,5.6207525532984075,1.901463682474826
PX-814,1.1823978644171333,False,0.0,False,5.6207525532984075,1.901463682474826
PX-815,1.050427719482494,False,0.0,False,5.6207525532984075,1.901463682474826
PX-816,0.8839084156505947,False,0.0,False,5.6207525532984075,1.901463682474826
PX-817,1.0045016207954625,False,0.0,False,5.6207525532984075,1.901463682474826
PX-818,0.9422587323356169,False,0.0,False,5.6207525532984075,1.901463682474826
PX-819,0.48195580723177933,False,0.0,False,5.6207525532984075,1.901463682474826
PX-820,0.2732293958380865,False,0.0,False,5.6207525532984075,1.901463682474826
PX-821,0.32314848021768583,False,0.0,False,5.6207525532984075,1.901463682474826
PX-822,0.794923472529641,False,0.0,False,5.6207525532984075,1.901463682474826
PX-823,1.2137421708283007,False,0.0,False,5.6207525532984075,1.901463682474826
PX-824,1.500125565080273,False,0.0,False,5.6207525532984075,1.901463682474826
PX-825,2.5987593331245034,False,0.0,False,5.6207525532984075,1.901463682474826
PX-826,3.019809420474351,False,0.0,False,5.6207525532984075,1.901463682474826
PX-827,3.608247300570401,False,0.0,False,5.6207525532984075,1.901463682474826
PX-828,4.139570221701826,False,0.0,False,5.6207525532984075,1.901463682474826
PX-829,2.109195437351296,False,0.0,False,5.6207525532984075,1.901463682474826
PX-830,1.1737248075611841,False,0.0,False,5.6207525532984075,1.901463682474826
PX-831,2.151453653368657,False,0.0,False,5.6207525532984075,1.901463682474826
PX-832,2.707432507294067,False,0.0,False,5.6207525532984075,1.901463682474826
PX-833,3.274718702017097,False,0.0,False,5.6207525532984075,1.901463682474826
PX-834,4.008449217837384,False,0.0,False,5.6207525532984075,1.901463682474826
PX-835,4.73883991019636,True,1.0,False,5.6207525532984075,1.901463682474826
PX-836,4.8843467402718,True,1.0,False,5.6207525532984075,1.901463682474826
PX-837,4.875045349025418,True,1.0,False,5.6207525532984075,1.901463682474826
PX-838,4.664742352485716,True,1.0,False,5.6207525532984075,1.901463682474826
PX-839,4.494627507882207,True,1.0,False,5.6207525532984075,1.901463682474826
PX-840,4.30407960221808,True,1.0,False,5.6207525532984075,1.901463682474826
PX-841,4.38883538850922,True,1.0,False,5.6207525532984075,1.901463682474826
PX-842,4.523838904600959,True,1.0,False,5.6207525532984075,1.901463682474826
PX-843,4.5700747066157685,True,1.0,False,5.6207525532984075,1.901463682474826
PX-844,4.717328202216462,True,1.0,False,5.6207525532984075,1.901463682474826
PX-845,4.829663492678032,True,1.0,False,5.6207525532984075,1.901463682474826
PX-846,5.168229474255478,True,1.0,False,5.6207525532984075,1.901463682474826
PX-847,4.996937331163794,True,1.0,False,5.6207525532984075,1.901463682474826
PX-848,4.827216834783686,True,1.0,False,5.6207525532984075,1.901463682474826
PX-849,4.882403528592571,True,1.0,False,5.6207525532984075,1.901463682474826
PX-850,4.817319250873407,True,1.0,False,5.6207525532984075,1.901463682474826
PX-851,4.469553119129367,True,1.0,False,5.6207525532984075,1.901463682474826
PX-852,4.172702927741607,False,0.0,False,5.6207525532984075,1.901463682474826
PX-853,3.4130933455624,False,0.0,False,5.6207525532984075,1.901463682474826
PX-854,2.852270502914646,False,0.0,False,5.6207525532984075,1.901463682474826
PX-855,2.1028094646351754,False,0.0,False,5.6207525532984075,1.901463682474826
PX-856,1.5649130403307936,False,0.0,False,5.6207525532984075,1.901463682474826
PX-857,1.1132527770616765,False,0.0,False,5.6207525532984075,1.901463682474826
PX-858,0.4360275247386056,False,0.0,False,5.6207525532984075,1.901463682474826
PX-859,0.2309552202586289,False,0.0,False,5.6207525532984075,1.901463682474826
PX-860,0.053299345002205456,False,0.0,False,5.6207525532984075,1.901463682474826
PX-861,0.03532275034037724,False,0.0,False,5.6207525532984075,1.901463682474826
PX-862,0.07371750745296524,False,0.0,False,5.6207525532984075,1.901463682474826
PX-863,0.10687612904344945,False,0.0,False,5.6207525532984075,1.901463682474826
PX-864,0.16755940080465948,False,0.0,False,5.6207525532984075,1.901463682474826
PX-865,0.1057615426112406,False,0.0,False,5.6207525532984075,1.901463682474826
PX-866,-0.060495379231777946,False,0.0,False,5.6207525532984075,1.901463682474826
PX-867,0.0740476889053241,False,0.0,False,5.6207525532984075,1.901463682474826
PX-868,0.050024053068355556,False,0.0,False,5.6207525532984075,1.901463682474826
PX-869,0.1657405612402556,False,0.0,False,5.6207525532984075,1.901463682474826
PX-870,0.15978037850205595,False,0.0,False,5.6207525532984075,1.901463682474826
PX-871,0.09043500207206634,False,0.0,False,5.6207525532984075,1.901463682474826
PX-872,0.11279319989029091,False,0.0,False,5.6207525532984075,1.901463682474826
PX-873,0.08744659998482618,False,0.0,False,5.6207525532984075,1.901463682474826
PX-874,0.23597657768287128,False,0.0,False,5.6207525532984075,1.901463682474826
PX-875,0.22122016882134332,False,0.0,False,5.6207525532984075,1.901463682474826
PX-876,0.2538643606490254,False,0.0,False,5.6207525532984075,1.901463682474826
PX-877,0.27642772527016035,False,0.0,False,5.6207525532984075,1.901463682474826
PX-878,0.5504592418504046,False,0.0,False,5.6207525532984075,1.901463682474826
PX-879,0.5908597111412472,False,0.0,False,5.6207525532984075,1.901463682474826
PX-880,0.7791497332417485,False,0.0,False,5.6207525532984075,1.901463682474826
PX-881,0.9749956752155935,False,0.0,False,5.6207525532984075,1.901463682474826
PX-882,1.1613953549467766,False,0.0,False,5.6207525532984075,1.901463682474826
PX-883,3.009404160335059,False,0.0,False,5.6207525532984075,1.901463682474826
PX-884,3.2277740183582786,False,0.0,False,5.6207525532984075,1.901463682474826
PX-885,3.246911369002907,False,0.0,False,5.6207525532984075,1.901463682474826
PX-886,4.301880338322988,False,0.0,False,5.6207525532984075,1.901463682474826
PX-887,3.571488001986957,True,1.0,False,5.6207525532984075,1.901463682474826
PX-888,-0.7801635336415043,False,0.0,False,5.6207525532984075,1.901463682474826
PX-889,-0.11438031329105236,False,0.0,False,5.6207525532984075,1.901463682474826
PX-890,0.6155200596861974,False,0.0,False,5.6207525532984075,1.901463682474826
PX-891,1.0704764598014567,False,0.0,False,5.6207525532984075,1.901463682474826
PX-892,1.191408853476073,False,0.0,False,5.6207525532984075,1.901463682474826
PX-893,1.5003933857514848,False,0.0,False,5.6207525532984075,1.901463682474826
PX-894,1.920809935600026,False,0.0,False,5.6207525532984075,1.901463682474826
PX-895,1.9405721674975016,False,0.0,False,5.6207525532984075,1.901463682474826
PX-896,2.0410013407825716,False,0.0,False,5.6207525532984075,1.901463682474826
PX-897,2.2397764787329173,False,0.0,False,5.6207525532984075,1.901463682474826
PX-898,2.2872469165652944,False,0.0,False,5.6207525532984075,1.901463682474826
PX-899,2.0267012907604904,False,0.0,False,5.6207525532984075,1.901463682474826
PX-900,2.1718923630923417,False,0.0,False,5.6207525532984075,1.901463682474826
PX-901,2.7627244816102117,False,0.0,False,5.6207525532984075,1.901463682474826
PX-902,3.2216292281473553,False,0.0,False,5.6207525532984075,1.901463682474826
PX-903,3.4676467900220764,False,0.0,False,5.6207525532984075,1.901463682474826
PX-904,3.483811091956385,False,0.0,False,5.6207525532984075,1.901463682474826
PX-905,3.6144675759914477,False,0.0,False,5.6207525532984075,1.901463682474826
PX-906,3.550400903218243,False,0.0,False,5.6207525532984075,1.901463682474826
PX-907,3.474972558292654,False,0.0,False,5.6207525532984075,1.901463682474826
PX-908,3.70653372231717,False,0.0,False,5.6207525532984075,1.901463682474826
PX-909,3.438355173927981,False,0.0,False,5.6207525532984075,1.901463682474826
PX-910,3.16432350766339,False,0.0,False,5.6207525532984075,1.901463682474826
PX-911,2.9596091635218453,False,0.0,False,5.6207525532984075,1.901463682474826
PX-912,2.764762522640968,False,0.0,False,5.6207525532984075,1.901463682474826
PX-913,2.4913911498382806,False,0.0,False,5.6207525532984075,1.901463682474826
PX-914,2.121171873976209,False,0.0,False,5.6207525532984075,1.901463682474826
PX-915,1.9527774429063598,False,0.0,False,5.6207525532984075,1.901463682474826
PX-916,1.803216745168676,False,0.0,False,5.6207525532984075,1.901463682474826
PX-917,1.575015283508245,False,0.0,False,5.6207525532984075,1.901463682474826
PX-918,1.672161834471499,False,0.0,False,5.6207525532984075,1.901463682474826
PX-919,1.4876921167722017,False,0.0,False,5.6207525532984075,1.901463682474826
PX-920,1.4607269831176453,False,0.0,False,5.6207525532984075,1.901463682474826
PX-921,1.400111071450322,False,0.0,False,5.6207525532984075,1.901463682474826
PX-922,1.4002790865047121,False,0.0,False,5.6207525532984075,1.901463682474826
PX-923,1.7040736892750274,False,0.0,False,5.6207525532984075,1.901463682474826
PX-924,1.9379288442074376,False,0.0,False,5.6207525532984075,1.901463682474826
PX-925,2.0692761406652043,False,0.0,False,5.6207525532984075,1.901463682474826
PX-926,2.1189199323863726,False,0.0,False,5.6207525532984075,1.901463682474826
PX-927,2.03236298236507,False,0.0,False,5.6207525532984075,1.901463682474826
PX-928,2.1761581462322876,False,0.0,False,5.6207525532984075,1.901463682474826
PX-929,2.0880797828905866,False,0.0,False,5.6207525532984075,1.901463682474826
PX-930,2.033783145743591,False,0.0,False,5.6207525532984075,1.901463682474826
PX-931,2.190834917142496,False,0.0,False,5.6207525532984075,1.901463682474826
PX-932,2.2921787645866445,False,0.0,False,5.6207525532984075,1.901463682474826
PX-933,2.340894963647669,False,0.0,False,5.6207525532984075,1.901463682474826
PX-934,2.3762571904725824,False,0.0,False,5.6207525532984075,1.901463682474826
PX-935,2.6610264773734684,False,0.0,False,5.6207525532984075,1.901463682474826
PX-936,2.964563150774344,False,0.0,False,5.6207525532984075,1.901463682474826
PX-937,3.4719781882841776,False,0.0,False,5.6207525532984075,1.901463682474826
PX-938,3.6184166170144927,False,0.0,False,5.6207525532984075,1.901463682474826
PX-939,3.8285792240507828,False,0.0,False,5.6207525532984075,1.901463682474826
PX-940,3.993176457757217,False,0.0,False,5.6207525532984075,1.901463682474826
PX-941,4.140929087433387,False,0.0,False,5.6207525532984075,1.901463682474826
PX-942,3.9668782572039767,False,0.0,False,5.6207525532984075,1.901463682474826
PX-943,4.438634180451725,False,0.0,False,5.6207525532984075,1.901463682474826
PX-944,4.964316612983415,True,1.0,False,5.6207525532984075,1.901463682474826
PX-945,6.237730132930102,True,1.0,False,5.6207525532984075,1.901463682474826
PX-946,1.3963014211461129,False,0.0,False,5.6207525532984075,1.901463682474826
PX-947,1.726892101736187,False,0.0,False,5.6207525532984075,1.901463682474826
PX-948,2.3757978175469816,False,0.0,False,5.6207525532984075,1.901463682474826
PX-949,2.6577588702732555,False,0.0,False,5.6207525532984075,1.901463682474826
PX-950,2.5494777944675846,False,0.0,False,5.6207525532984075,1.901463682474826
PX-951,2.7306909940319546,False,0.0,False,5.6207525532984075,1.901463682474826
PX-952,2.884513043481972,False,0.0,False,5.6207525532984075,1.901463682474826
PX-953,2.9603338755436788,False,0.0,False,5.6207525532984075,1.901463682474826
PX-954,2.648176624858454,False,0.0,False,5.6207525532984075,1.901463682474826
PX-955,2.2256235850660975,False,0.0,False,5.6207525532984075,1.901463682474826
PX-956,2.1652272019236083,False,0.0,False,5.6207525532984075,1.901463682474826
PX-957,1.9074124525817293,False,0.0,False,5.6207525532984075,1.901463682474826
PX-958,1.5116681129782492,False,0.0,False,5.6207525532984075,1.901463682474826
PX-959,1.7381074886029122,False,0.0,False,5.6207525532984075,1.901463682474826
PX-960,2.144326114365052,False,0.0,False,5.6207525532984075,1.901463682474826
PX-961,2.3205083983859325,False,0.0,False,5.6207525532984075,1.901463682474826
PX-962,2.2829064794146596,False,0.0,False,5.6207525532984075,1.901463682474826
PX-963,2.4231517194348573,False,0.0,False,5.6207525532984075,1.901463682474826
PX-964,2.70066257981523,False,0.0,False,5.6207525532984075,1.901463682474826
PX-965,2.8326873489953943,False,0.0,False,5.6207525532984075,1.901463682474826
PX-966,2.8086726049664836,False,0.0,False,5.6207525532984075,1.901463682474826
PX-967,3.016278512683039,False,0.0,False,5.6207525532984075,1.901463682474826
PX-968,2.7824120722751093,False,0.0,False,5.6207525532984075,1.901463682474826
PX-969,2.35716884390102,False,0.0,False,5.6207525532984075,1.901463682474826
PX-970,2.386733131948093,False,0.0,False,5.6207525532984075,1.901463682474826
PX-971,2.8108780251692096,False,0.0,False,5.6207525532984075,1.901463682474826
PX-972,2.3006433097959924,False,0.0,False,5.6207525532984075,1.901463682474826
PX-973,1.7941173563745032,False,0.0,False,5.6207525532984075,1.901463682474826
PX-974,1.6420508393517412,False,0.0,False,5.6207525532984075,1.901463682474826
PX-975,1.1861802738747507,False,0.0,False,5.6207525532984075,1.901463682474826
PX-976,0.7740462117023803,False,0.0,False,5.6207525532984075,1.901463682474826
PX-977,0.35590373900007855,False,0.0,False,5.6207525532984075,1.901463682474826
PX-978,0.05898429643491099,False,0.0,False,5.6207525532984075,1.901463682474826
PX-979,0.03823356967787461,False,0.0,False,5.6207525532984075,1.901463682474826
PX-980,0.27802826731375774,False,0.0,False,5.6207525532984075,1.901463682474826
PX-981,0.4095774421691516,False,0.0,False,5.6207525532984075,1.901463682474826
PX-982,0.5261595693690388,False,0.0,False,5.6207525532984075,1.901463682474826
PX-983,0.6531595887782462,False,0.0,False,5.6207525532984075,1.901463682474826
PX-984,0.9729138626951848,False,0.0,False,5.6207525532984075,1.901463682474826
PX-985,1.1243838182924257,False,0.0,False,5.6207525532984075,1.901463682474826
PX-986,1.419496666477425,False,0.0,False,5.6207525532984075,1.901463682474826
PX-987,1.6869856727946555,False,0.0,False,5.6207525532984075,1.901463682474826
PX-988,1.568388174509776,False,0.0,False,5.6207525532984075,1.901463682474826
PX-989,1.3946664195737508,False,0.0,False,5.6207525532984075,1.901463682474826
PX-990,1.1528993869088087,False,0.0,False,5.6207525532984075,1.901463682474826
PX-991,0.983831737300175,False,0.0,False,5.6207525532984075,1.901463682474826
PX-992,0.8943878902288844,False,0.0,False,5.6207525532984075,1.901463682474826
PX-993,0.5023380329488099,False,0.0,False,5.6207525532984075,1.901463682474826
PX-994,0.7048533584920396,False,0.0,False,5.6207525532984075,1.901463682474826
PX-995,0.7607774084821326,False,0.0,False,5.6207525532984075,1.901463682474826
PX-996,0.7051014721345297,False,0.0,False,5.6207525532984075,1.901463682474826
PX-997,0.5271454167838439,False,0.0,False,5.6207525532984075,1.901463682474826
PX-998,0.7402301717528434,False,0.0,False,5.6207525532984075,1.901463682474826
PX-999,1.1950428002209552,False,0.0,False,5.6207525532984075,1.901463682474826
PX-1000,1.5350689862577855,False,0.0,False,5.6207525532984075,1.901463682474826
PX-1001,1.683031359030231,False,0.0,False,5.6207525532984075,1.901463682474826
PX-1002,2.2995133017845593,False,0.0,False,5.6207525532984075,1.901463682474826
PX-1003,4.136478445038064,False,0.0,False,5.6207525532984075,1.901463682474826
PX-1004,5.72415857083981,False,0.0,False,5.6207525532984075,1.901463682474826
PX-1005,1.6018079411447488,False,0.0,False,5.6207525532984075,1.901463682474826
PX-1006,2.388284937776058,False,0.0,False,5.6207525532984075,1.901463682474826
PX-1007,3.0783219473236922,False,0.0,False,5.6207525532984075,1.901463682474826
PX-1008,3.5440662087242103,False,0.0,False,5.6207525532984075,1.901463682474826
PX-1009,3.895771645764004,False,0.0,False,5.6207525532984075,1.901463682474826
PX-1010,4.512220668797662,False,0.0,False,5.6207525532984075,1.901463682474826
PX-1011,4.6887289655817685,True,1.0,False,5.6207525532984075,1.901463682474826
PX-1012,5.014130818190967,True,1.0,False,5.6207525532984075,1.901463682474826
PX-1013,5.2100158342975575,True,1.0,False,5.6207525532984075,1.901463682474826
PX-1014,5.111909133734427,True,1.0,False,5.6207525532984075,1.901463682474826
PX-1015,5.017352416371354,True,1.0,False,5.6207525532984075,1.901463682474826
PX-1016,4.828475824236387,True,1.0,False,5.6207525532984075,1.901463682474826
PX-1017,4.386404333598318,True,1.0,False,5.6207525532984075,1.901463682474826
PX-1018,4.02100840671994,False,0.0,False,5.6207525532984075,1.901463682474826
PX-1019,3.9797217434226084,True,1.0,False,5.6207525532984075,1.901463682474826
PX-1020,4.076109893459943,True,1.0,False,5.6207525532984075,1.901463682474826
PX-1021,4.158075581577613,True,1.0,False,5.6207525532984075,1.901463682474826
PX-1022,4.302072420026576,True,1.0,False,5.6207525532984075,1.901463682474826
PX-1023,4.647343477214282,True,1.0,False,5.6207525532984075,1.901463682474826
PX-1024,4.694154508627424,True,1.0,False,5.6207525532984075,1.901463682474826
PX-1025,4.677670578435748,True,1.0,False,5.6207525532984075,1.901463682474826
PX-1026,4.691342826159838,True,1.0,False,5.6207525532984075,1.901463682474826
PX-1027,4.694863673299187,True,1.0,False,5.6207525532984075,1.901463682474826
PX-1028,4.511523259749179,False,0.0,False,5.6207525532984075,1.901463682474826
PX-1029,4.583919555701197,False,0.0,False,5.6207525532984075,1.901463682474826
PX-1030,4.311939624508389,False,0.0,False,5.6207525532984075,1.901463682474826
PX-1031,3.966541160365825,False,0.0,False,5.6207525532984075,1.901463682474826
PX-1032,3.917740718827732,False,0.0,False,5.6207525532984075,1.901463682474826
PX-1033,3.112500667631476,False,0.0,False,5.6207525532984075,1.901463682474826
PX-1034,2.207043580781127,False,0.0,False,5.6207525532984075,1.901463682474826
PX-1035,1.7589680305540227,False,0.0,False,5.6207525532984075,1.901463682474826
PX-1036,1.2851555204045795,False,0.0,False,5.6207525532984075,1.901463682474826
PX-1037,0.875823950886236,False,0.0,False,5.6207525532984075,1.901463682474826
PX-1038,0.5963411767354483,False,0.0,False,5.6207525532984075,1.901463682474826
PX-1039,0.22471301083735895,False,0.0,False,5.6207525532984075,1.901463682474826
PX-1040,0.22298323184189783,False,0.0,False,5.6207525532984075,1.901463682474826
PX-1041,0.20540697467792057,False,0.0,False,5.6207525532984075,1.901463682474826
PX-1042,0.31632138997398584,False,0.0,False,5.6207525532984075,1.901463682474826
PX-1043,0.3802952532424513,False,0.0,False,5.6207525532984075,1.901463682474826
PX-1044,0.3395086461761352,False,0.0,False,5.6207525532984075,1.901463682474826
PX-1045,0.2759742268494847,False,0.0,False,5.6207525532984075,1.901463682474826
PX-1046,0.11212065994832798,False,0.0,False,5.6207525532984075,1.901463682474826
PX-1047,-0.16628954939712415,False,0.0,False,5.6207525532984075,1.901463682474826
PX-1048,-0.2518548522309807,False,0.0,False,5.6207525532984075,1.901463682474826
PX-1049,-0.3279405309767274,False,0.0,False,5.6207525532984075,1.901463682474826
PX-1050,-0.1473273242424149,False,0.0,False,5.6207525532984075,1.901463682474826
PX-1051,-0.10654553482063456,False,0.0,False,5.6207525532984075,1.901463682474826
PX-1052,-0.06542062399102555,False,0.0,False,5.6207525532984075,1.901463682474826
PX-1053,-0.02643331603001542,False,0.0,False,5.6207525532984075,1.901463682474826
PX-1054,0.08081813681543792,False,0.0,False,5.6207525532984075,1.901463682474826
PX-1055,0.4532094813093632,False,0.0,False,5.6207525532984075,1.901463682474826
PX-1056,0.6364933425709918,False,0.0,False,5.6207525532984075,1.901463682474826
PX-1057,0.8839325817628065,False,0.0,False,5.6207525532984075,1.901463682474826
PX-1058,0.8766388704343591,False,0.0,False,5.6207525532984075,1.901463682474826
PX-1059,0.8197610528436226,False,0.0,False,5.6207525532984075,1.901463682474826
PX-1060,0.7829717853139382,False,0.0,False,5.6207525532984075,1.901463682474826
PX-1061,1.3142807741678944,False,0.0,False,5.6207525532984075,1.901463682474826
PX-1062,2.169419016041166,False,0.0,False,5.6207525532984075,1.901463682474826
PX-1063,3.8872422192751017,False,0.0,False,5.6207525532984075,1.901463682474826
PX-1064,0.21306853129351744,False,0.0,False,5.6207525532984075,1.901463682474826
PX-1065,0.9434704915492063,False,0.0,False,5.6207525532984075,1.901463682474826
PX-1066,1.34613224692173,False,0.0,False,5.6207525532984075,1.901463682474826
PX-1067,1.7880607583977817,False,0.0,False,5.6207525532984075,1.901463682474826
PX-1068,1.8028210560272893,False,0.0,False,5.6207525532984075,1.901463682474826
PX-1069,3.882324645357272,False,0.0,False,5.6207525532984075,1.901463682474826
PX-1070,3.639439746592597,False,0.0,False,5.6207525532984075,1.901463682474826
PX-1071,3.403698115293018,False,0.0,False,5.6207525532984075,1.901463682474826
PX-1072,2.9600670418182844,False,0.0,False,5.6207525532984075,1.901463682474826
PX-1073,2.2924395561117272,False,0.0,False,5.6207525532984075,1.901463682474826
PX-1074,1.766297065661652,False,0.0,False,5.6207525532984075,1.901463682474826
PX-1075,1.6976039600592845,False,0.0,False,5.6207525532984075,1.901463682474826
PX-1076,1.391921449509752,False,0.0,False,5.6207525532984075,1.901463682474826
PX-1077,1.0834831413546695,False,0.0,False,5.6207525532984075,1.901463682474826
PX-1078,1.1552540172230703,False,0.0,False,5.6207525532984075,1.901463682474826
PX-1079,1.4537943494489713,False,0.0,False,5.6207525532984075,1.901463682474826
PX-1080,1.6218796686050716,False,0.0,False,5.6207525532984075,1.901463682474826
PX-1081,1.5776132925720923,False,0.0,False,5.6207525532984075,1.901463682474826
PX-1082,1.8460938925377643,False,0.0,False,5.6207525532984075,1.901463682474826
PX-1083,2.013491286510913,False,0.0,False,5.6207525532984075,1.901463682474826
PX-1084,1.8190097468566044,False,0.0,False,5.6207525532984075,1.901463682474826
PX-1085,2.074447367913539,False,0.0,False,5.6207525532984075,1.901463682474826
PX-1086,2.377717044433485,False,0.0,False,5.6207525532984075,1.901463682474826
PX-1087,2.257286354937138,False,0.0,False,5.6207525532984075,1.901463682474826
PX-1088,2.186421793352258,False,0.0,False,5.6207525532984075,1.901463682474826
PX-1089,2.351884482360436,False,0.0,False,5.6207525532984075,1.901463682474826
PX-1090,2.7936640034601616,False,0.0,False,5.6207525532984075,1.901463682474826
PX-1091,3.0022270636679895,False,0.0,False,5.6207525532984075,1.901463682474826
PX-1092,3.1168373033320744,False,0.0,False,5.6207525532984075,1.901463682474826
PX-1093,2.9904217340744257,False,0.0,False,5.6207525532984075,1.901463682474826
PX-1094,2.75419458131425,False,0.0,False,5.6207525532984075,1.901463682474826
PX-1095,2.56207169392302,False,0.0,False,5.6207525532984075,1.901463682474826
PX-1096,2.6782046365157477,False,0.0,False,5.6207525532984075,1.901463682474826
PX-1097,2.7536132562843374,False,0.0,False,5.6207525532984075,1.901463682474826
PX-1098,2.5471015900998477,False,0.0,False,5.6207525532984075,1.901463682474826
PX-1099,2.449355472491213,False,0.0,False,5.6207525532984075,1.901463682474826
PX-1100,2.2469391906591767,False,0.0,False,5.6207525532984075,1.901463682474826
PX-1101,2.242344195983133,False,0.0,False,5.6207525532984075,1.901463682474826
PX-1102,2.215648419357805,False,0.0,False,5.6207525532984075,1.901463682474826
PX-1103,2.0820831573310468,False,0.0,False,5.6207525532984075,1.901463682474826
PX-1104,2.0543748407012146,False,0.0,False,5.6207525532984075,1.901463682474826
PX-1105,1.7967461998393688,False,0.0,False,5.6207525532984075,1.901463682474826
PX-1106,1.4660803644546334,False,0.0,False,5.6207525532984075,1.901463682474826
PX-1107,1.3530170730111273,False,0.0,False,5.6207525532984075,1.901463682474826
PX-1108,1.0961111746234113,False,0.0,False,5.6207525532984075,1.901463682474826
PX-1109,1.114990708564756,False,0.0,False,5.6207525532984075,1.901463682474826
PX-1110,0.9953277104905514,False,0.0,False,5.6207525532984075,1.901463682474826
PX-1111,0.813496737334825,False,0.0,False,5.6207525532984075,1.901463682474826
PX-1112,0.9946804487668786,False,0.0,False,5.6207525532984075,1.901463682474826
PX-1113,1.427661854760938,False,0.0,False,5.6207525532984075,1.901463682474826
PX-1114,1.9066882503677487,False,0.0,False,5.6207525532984075,1.901463682474826
PX-1115,2.160602805079078,False,0.0,False,5.6207525532984075,1.901463682474826
PX-1116,2.298031160870277,False,0.0,False,5.6207525532984075,1.901463682474826
PX-1117,2.541253284241108,False,0.0,False,5.6207525532984075,1.901463682474826
PX-1118,2.6068495944505443,False,0.0,False,5.6207525532984075,1.901463682474826
PX-1119,2.7390664229827735,False,0.0,False,5.6207525532984075,1.901463682474826
PX-1120,3.563409996959873,False,0.0,False,5.6207525532984075,1.901463682474826
PX-1121,4.888582137582636,False,0.0,False,5.6207525532984075,1.901463682474826
PX-1122,5.946656237354485,False,0.0,False,5.6207525532984075,1.901463682474826
PX-1123,1.7042209070752499,False,0.0,False,5.6207525532984075,1.901463682474826
PX-1124,2.54890251010829,False,0.0,False,5.6207525532984075,1.901463682474826
PX-1125,3.4718552687369773,False,0.0,False,5.6207525532984075,1.901463682474826
PX-1126,4.039977684550308,False,0.0,False,5.6207525532984075,1.901463682474826
PX-1127,4.131564995504764,True,1.0,False,5.6207525532984075,1.901463682474826
PX-1128,4.113374864665451,True,1.0,False,5.6207525532984075,1.901463682474826
PX-1129,4.33737830290139,True,1.0,False,5.6207525532984075,1.901463682474826
PX-1130,4.441973152468407,True,1.0,False,5.6207525532984075,1.901463682474826
PX-1131,4.391061114651933,True,1.0,False,5.6207525532984075,1.901463682474826
PX-1132,4.123804664456719,True,1.0,False,5.6207525532984075,1.901463682474826
PX-1133,3.7881507974233966,True,1.0,False,5.6207525532984075,1.901463682474826
PX-1134,3.5854988708429385,False,0.0,False,5.6207525532984075,1.901463682474826
PX-1135,3.2648139178396107,False,0.0,False,5.6207525532984075,1.901463682474826
PX-1136,3.0418180155795245,False,0.0,False,5.6207525532984075,1.901463682474826
PX-1137,2.9642421973003863,False,0.0,False,5.6207525532984075,1.901463682474826
PX-1138,2.851290331694834,False,0.0,False,5.6207525532984075,1.901463682474826
PX-1139,2.498329875351258,False,0.0,False,5.6207525532984075,1.901463682474826
PX-1140,2.4212745278276273,False,0.0,False,5.6207525532984075,1.901463682474826
PX-1141,2.4575642281802885,False,0.0,False,5.6207525532984075,1.901463682474826
PX-1142,2.389917513617796,False,0.0,False,5.6207525532984075,1.901463682474826
PX-1143,2.2431157896510463,False,0.0,False,5.6207525532984075,1.901463682474826
PX-1144,2.0056362297242405,False,0.0,False,5.6207525532984075,1.901463682474826
PX-1145,1.9093229293317844,False,0.0,False,5.6207525532984075,1.901463682474826
PX-1146,1.8663325270619833,False,0.0,False,5.6207525532984075,1.901463682474826
PX-1147,1.546145159588475,False,0.0,False,5.6207525532984075,1.901463682474826
PX-1148,1.907009468887244,False,0.0,False,5.6207525532984075,1.901463682474826
PX-1149,2.259279817326842,False,0.0,False,5.6207525532984075,1.901463682474826
PX-1150,2.2408694211709097,False,0.0,False,5.6207525532984075,1.901463682474826
PX-1151,2.1360801471024278,False,0.0,False,5.6207525532984075,1.901463682474826
PX-1152,2.0606404311455986,False,0.0,False,5.6207525532984075,1.901463682474826
PX-1153,2.1377774105115357,False,0.0,False,5.6207525532984075,1.901463682474826
PX-1154,2.109201217552421,False,0.0,False,5.6207525532984075,1.901463682474826
PX-1155,1.9636355097858917,False,0.0,False,5.6207525532984075,1.901463682474826
PX-1156,2.0340827158572488,False,0.0,False,5.6207525532984075,1.901463682474826
PX-1157,1.7322439178683737,False,0.0,False,5.6207525532984075,1.901463682474826
PX-1158,1.55380310015809,False,0.0,False,5.6207525532984075,1.901463682474826
PX-1159,1.7876884865253366,False,0.0,False,5.6207525532984075,1.901463682474826
PX-1160,2.0877651861593165,False,0.0,False,5.6207525532984075,1.901463682474826
PX-1161,2.50024475440439,False,0.0,False,5.6207525532984075,1.901463682474826
PX-1162,2.0079872297135246,False,0.0,False,5.6207525532984075,1.901463682474826
PX-1163,1.685378874034006,False,0.0,False,5.6207525532984075,1.901463682474826
PX-1164,1.4855347605986893,False,0.0,False,5.6207525532984075,1.901463682474826
PX-1165,1.4611990286455878,False,0.0,False,5.6207525532984075,1.901463682474826
PX-1166,0.9786920357336832,False,0.0,False,5.6207525532984075,1.901463682474826
PX-1167,0.5127183750977533,False,0.0,False,5.6207525532984075,1.901463682474826
PX-1168,0.04593887307547284,False,0.0,False,5.6207525532984075,1.901463682474826
PX-1169,-0.18814507443576645,False,0.0,False,5.6207525532984075,1.901463682474826
PX-1170,-0.20513081428887148,False,0.0,False,5.6207525532984075,1.901463682474826
PX-1171,-0.07024550893023296,False,0.0,False,5.6207525532984075,1.901463682474826
PX-1172,-0.0829426106113349,False,0.0,False,5.6207525532984075,1.901463682474826
PX-1173,0.1970079720056006,False,0.0,False,5.6207525532984075,1.901463682474826
PX-1174,0.485322507430034,False,0.0,False,5.6207525532984075,1.901463682474826
PX-1175,0.9029235168309899,False,0.0,False,5.6207525532984075,1.901463682474826
PX-1176,1.2032061458300127,False,0.0,False,5.6207525532984075,1.901463682474826
PX-1177,1.5397238285466273,False,0.0,False,5.6207525532984075,1.901463682474826
PX-1178,1.878600257043523,False,0.0,False,5.6207525532984075,1.901463682474826
PX-1179,1.9891886454718062,False,0.0,False,5.6207525532984075,1.901463682474826
PX-1180,2.558041749730455,False,0.0,False,5.6207525532984075,1.901463682474826
PX-1181,3.782300424295226,False,0.0,False,5.6207525532984075,1.901463682474826
PX-1182,4.78401643559711,False,0.0,False,5.6207525532984075,1.901463682474826
PX-1183,0.11254655763929833,False,0.0,False,5.6207525532984075,1.901463682474826
PX-1184,0.26569979064043636,False,0.0,False,5.6207525532984075,1.901463682474826
PX-1185,1.0236328231681906,False,0.0,False,5.6207525532984075,1.901463682474826
PX-1186,1.7066884813910956,False,0.0,False,5.6207525532984075,1.901463682474826
PX-1187,1.8757914260744677,False,0.0,False,5.6207525532984075,1.901463682474826
PX-1188,1.562346957098491,False,0.0,False,5.6207525532984075,1.901463682474826
PX-1189,1.381420449974268,False,0.0,False,5.6207525532984075,1.901463682474826
PX-1190,1.7181857103959768,False,0.0,False,5.6207525532984075,1.901463682474826
PX-1191,2.004097459246415,False,0.0,False,5.6207525532984075,1.901463682474826
PX-1192,2.3033794494296647,False,0.0,False,5.6207525532984075,1.901463682474826
PX-1193,2.1293768456406585,False,0.0,False,5.6207525532984075,1.901463682474826
PX-1194,3.041612923806163,False,0.0,False,5.6207525532984075,1.901463682474826
PX-1195,3.1090732624766986,False,0.0,False,5.6207525532984075,1.901463682474826
PX-1196,3.035249747902551,False,0.0,False,5.6207525532984075,1.901463682474826
PX-1197,2.7836251861191528,False,0.0,False,5.6207525532984075,1.901463682474826
PX-1198,2.7034047378279595,False,0.0,False,5.6207525532984075,1.901463682474826
PX-1199,3.041513523733732,False,0.0,False,5.6207525532984075,1.901463682474826
PX-1200,3.23536089861061,False,0.0,False,5.6207525532984075,1.901463682474826
PX-1201,3.386010997569425,False,0.0,False,5.6207525532984075,1.901463682474826
PX-1202,3.645219058264603,False,0.0,False,5.6207525532984075,1.901463682474826
PX-1203,4.263036493990198,True,1.0,False,5.6207525532984075,1.901463682474826
PX-1204,4.518560845709004,True,1.0,False,5.6207525532984075,1.901463682474826
PX-1205,4.708431947479303,True,1.0,False,5.6207525532984075,1.901463682474826
PX-1206,5.129723543545413,True,1.0,False,5.6207525532984075,1.901463682474826
PX-1207,5.5168010434254775,True,1.0,False,5.6207525532984075,1.901463682474826
PX-1208,5.311239512749353,True,1.0,False,5.6207525532984075,1.901463682474826
PX-1209,5.221152782779779,True,1.0,False,5.6207525532984075,1.901463682474826
PX-1210,5.085014357950159,True,1.0,False,5.6207525532984075,1.901463682474826
PX-1211,4.56901965379787,False,0.0,False,5.6207525532984075,1.901463682474826
PX-1212,4.2757488277056765,False,0.0,False,5.6207525532984075,1.901463682474826
PX-1213,4.054042039800919,False,0.0,False,5.6207525532984075,1.901463682474826
PX-1214,4.092474279843076,False,0.0,False,5.6207525532984075,1.901463682474826
PX-1215,3.958328865829783,False,0.0,False,5.6207525532984075,1.901463682474826
PX-1216,3.685210518794028,False,0.0,False,5.6207525532984075,1.901463682474826
PX-1217,3.6344847724936606,False,0.0,False,5.6207525532984075,1.901463682474826
PX-1218,3.622761556602054,False,0.0,False,5.6207525532984075,1.901463682474826
PX-1219,3.561901088321415,False,0.0,False,5.6207525532984075,1.901463682474826
PX-1220,3.6675945087346467,False,0.0,False,5.6207525532984075,1.901463682474826
PX-1221,3.6889112217400086,False,0.0,False,5.6207525532984075,1.901463682474826
PX-1222,3.9444916695768413,False,0.0,False,5.6207525532984075,1.901463682474826
PX-1223,3.7206060525500195,False,0.0,False,5.6207525532984075,1.901463682474826
PX-1224,3.534955914880543,False,0.0,False,5.6207525532984075,1.901463682474826
PX-1225,3.350683164008119,False,0.0,False,5.6207525532984075,1.901463682474826
PX-1226,2.9288079057922634,False,0.0,False,5.6207525532984075,1.901463682474826
PX-1227,1.9980108492624566,False,0.0,False,5.6207525532984075,1.901463682474826
PX-1228,1.021692920355278,False,0.0,False,5.6207525532984075,1.901463682474826
PX-1229,0.7310710394143971,False,0.0,False,5.6207525532984075,1.901463682474826
PX-1230,0.4566012175135601,False,0.0,False,5.6207525532984075,1.901463682474826
PX-1231,0.1302873270057141,False,0.0,False,5.6207525532984075,1.901463682474826
PX-1232,-0.10298145708757289,False,0.0,False,5.6207525532984075,1.901463682474826
PX-1233,-0.3647508671302546,False,0.0,False,5.6207525532984075,1.901463682474826
PX-1234,0.010897032772039239,False,0.0,False,5.6207525532984075,1.901463682474826
PX-1235,0.30041180609364027,False,0.0,False,5.6207525532984075,1.901463682474826
PX-1236,0.4447958758276549,False,0.0,False,5.6207525532984075,1.901463682474826
PX-1237,0.5486680232598751,False,0.0,False,5.6207525532984075,1.901463682474826
PX-1238,0.5482493390260679,False,0.0,False,5.6207525532984075,1.901463682474826
PX-1239,0.5453905066528577,False,0.0,False,5.6207525532984075,1.901463682474826
PX-1240,0.7704996257319614,False,0.0,False,5.6207525532984075,1.901463682474826
PX-1241,1.5088962520961005,False,0.0,False,5.6207525532984075,1.901463682474826
PX-1242,2.8877041522562905,False,0.0,False,5.6207525532984075,1.901463682474826
PX-1243,4.220757308740783,False,0.0,False,5.6207525532984075,1.901463682474826
PX-1244,-0.11417304609123846,False,0.0,False,5.6207525532984075,1.901463682474826
PX-1245,-0.19067115807083646,False,0.0,False,5.6207525532984075,1.901463682474826
PX-1246,0.178414863507939,False,0.0,False,5.6207525532984075,1.901463682474826
PX-1247,0.7094069053061158,False,0.0,False,5.6207525532984075,1.901463682474826
PX-1248,1.1957295793480966,False,0.0,False,5.6207525532984075,1.901463682474826
PX-1249,1.570934008414655,False,0.0,False,5.6207525532984075,1.901463682474826
PX-1250,1.5437508801772264,False,0.0,False,5.6207525532984075,1.901463682474826
PX-1251,1.3568759246143411,False,0.0,False,5.6207525532984075,1.901463682474826
PX-1252,1.3242803594717216,False,0.0,False,5.6207525532984075,1.901463682474826
PX-1253,1.5029915558407545,False,0.0,False,5.6207525532984075,1.901463682474826
PX-1254,1.648548313467856,False,0.0,False,5.6207525532984075,1.901463682474826
PX-1255,1.5248069241059845,False,0.0,False,5.6207525532984075,1.901463682474826
PX-1256,1.368024112111014,False,0.0,False,5.6207525532984075,1.901463682474826
PX-1257,1.2398632976551234,False,0.0,False,5.6207525532984075,1.901463682474826
PX-1258,1.1558966529720163,False,0.0,False,5.6207525532984075,1.901463682474826
PX-1259,0.9952482877505524,False,0.0,False,5.6207525532984075,1.901463682474826
PX-1260,0.6768410523664983,False,0.0,False,5.6207525532984075,1.901463682474826
PX-1261,0.7357049326321068,False,0.0,False,5.6207525532984075,1.901463682474826
PX-1262,1.0558422060637689,False,0.0,False,5.6207525532984075,1.901463682474826
PX-1263,1.0610414494362708,False,0.0,False,5.6207525532984075,1.901463682474826
PX-1264,0.9813090324077667,False,0.0,False,5.6207525532984075,1.901463682474826
PX-1265,1.1032475396416892,False,0.0,False,5.6207525532984075,1.901463682474826
PX-1266,1.4139644548592134,False,0.0,False,5.6207525532984075,1.901463682474826
PX-1267,1.5547520750104216,False,0.0,False,5.6207525532984075,1.901463682474826
PX-1268,3.3453600985841234,False,0.0,False,5.6207525532984075,1.901463682474826
PX-1269,3.3386057869334476,False,0.0,False,5.6207525532984075,1.901463682474826
PX-1270,3.075709253557708,False,0.0,False,5.6207525532984075,1.901463682474826
PX-1271,3.1546312104178753,False,0.0,False,5.6207525532984075,1.901463682474826
PX-1272,3.5138623529903388,False,0.0,False,5.6207525532984075,1.901463682474826
PX-1273,3.5167239798403607,False,0.0,False,5.6207525532984075,1.901463682474826
PX-1274,2.477852465284304,False,0.0,False,5.6207525532984075,1.901463682474826
PX-1275,2.249809294558368,False,0.0,False,5.6207525532984075,1.901463682474826
PX-1276,1.9673676072609432,False,0.0,False,5.6207525532984075,1.901463682474826
PX-1277,1.5341845270644487,False,0.0,False,5.6207525532984075,1.901463682474826
PX-1278,1.363663011021412,False,0.0,False,5.6207525532984075,1.901463682474826
PX-1279,1.2762549147103357,False,0.0,False,5.6207525532984075,1.901463682474826
PX-1280,1.1161920496825157,False,0.0,False,5.6207525532984075,1.901463682474826
PX-1281,1.125508138173327,False,0.0,False,5.6207525532984075,1.901463682474826
PX-1282,1.2341629321421994,False,0.0,False,5.6207525532984075,1.901463682474826
PX-1283,1.3118213083492556,False,0.0,False,5.6207525532984075,1.901463682474826
PX-1284,1.2544685942305094,False,0.0,False,5.6207525532984075,1.901463682474826
PX-1285,1.1906715770543421,False,0.0,False,5.6207525532984075,1.901463682474826
PX-1286,1.1624802219826318,False,0.0,False,5.6207525532984075,1.901463682474826
PX-1287,1.14686043671807,False,0.0,False,5.6207525532984075,1.901463682474826
PX-1288,1.2452181179835868,False,0.0,False,5.6207525532984075,1.901463682474826
PX-1289,1.267301674541807,False,0.0,False,5.6207525532984075,1.901463682474826
PX-1290,1.1860509520756928,False,0.0,False,5.6207525532984075,1.901463682474826
PX-1291,1.1331480898463973,False,0.0,False,5.6207525532984075,1.901463682474826
PX-1292,1.3877773668481161,False,0.0,False,5.6207525532984075,1.901463682474826
PX-1293,1.7634529729409927,False,0.0,False,5.6207525532984075,1.901463682474826
PX-1294,2.0923328363169045,False,0.0,False,5.6207525532984075,1.901463682474826
PX-1295,2.657882308347819,False,0.0,False,5.6207525532984075,1.901463682474826
PX-1296,2.856089817560864,False,0.0,False,5.6207525532984075,1.901463682474826
PX-1297,2.9846160266153205,False,0.0,False,5.6207525532984075,1.901463682474826
PX-1298,3.1723530946052616,False,0.0,False,5.6207525532984075,1.901463682474826
PX-1299,3.479860474588465,False,0.0,False,5.6207525532984075,1.901463682474826
PX-1300,3.7354893743661943,False,0.0,False,5.6207525532984075,1.901463682474826
PX-1301,3.5832720769082425,False,0.0,False,5.6207525532984075,1.901463682474826
PX-1302,4.015257386769944,False,0.0,False,5.6207525532984075,1.901463682474826
PX-1303,5.016553903906686,True,1.0,False,5.6207525532984075,1.901463682474826
PX-1304,5.608711268587873,True,1.0,False,5.6207525532984075,1.901463682474826
PX-1305,7.83716267297457,True,1.0,False,5.6207525532984075,1.901463682474826
PX-1306,2.026912590287921,False,0.0,False,5.6207525532984075,1.901463682474826
PX-1307,2.187856456612561,False,0.0,False,5.6207525532984075,1.901463682474826
PX-1308,1.6008177016119607,False,0.0,False,5.6207525532984075,1.901463682474826
PX-1309,1.1079060178766031,False,0.0,False,5.6207525532984075,1.901463682474826
PX-1310,1.379700578439735,False,0.0,False,5.6207525532984075,1.901463682474826
PX-1311,1.6175609635529504,False,0.0,False,5.6207525532984075,1.901463682474826
PX-1312,1.9599540276135414,False,0.0,False,5.6207525532984075,1.901463682474826
PX-1313,2.1525476278713587,False,0.0,False,5.6207525532984075,1.901463682474826
PX-1314,1.8751761678455985,False,0.0,False,5.6207525532984075,1.901463682474826
PX-1315,1.7380134585841365,False,0.0,False,5.6207525532984075,1.901463682474826
PX-1316,1.9072182588719748,False,0.0,False,5.6207525532984075,1.901463682474826
PX-1317,2.3338894240692376,False,0.0,False,5.6207525532984075,1.901463682474826
PX-1318,2.7381317746982514,False,0.0,False,5.6207525532984075,1.901463682474826
PX-1319,2.6908554772602233,False,0.0,False,5.6207525532984075,1.901463682474826
PX-1320,2.5193070483921947,False,0.0,False,5.6207525532984075,1.901463682474826
PX-1321,2.352807088859368,False,0.0,False,5.6207525532984075,1.901463682474826
PX-1322,2.280635260249616,False,0.0,False,5.6207525532984075,1.901463682474826
PX-1323,2.3776298656599497,False,0.0,False,5.6207525532984075,1.901463682474826
PX-1324,2.267454423366871,False,0.0,False,5.6207525532984075,1.901463682474826
PX-1325,2.2159004881581996,False,0.0,False,5.6207525532984075,1.901463682474826
PX-1326,2.284668373831815,False,0.0,False,5.6207525532984075,1.901463682474826
PX-1327,2.579754855153613,False,0.0,False,5.6207525532984075,1.901463682474826
PX-1328,2.6755289295705857,False,0.0,False,5.6207525532984075,1.901463682474826
PX-1329,2.985924424392925,False,0.0,False,5.6207525532984075,1.901463682474826
PX-1330,3.2855149470292275,False,0.0,False,5.6207525532984075,1.901463682474826
PX-1331,3.3725456248172367,False,0.0,False,5.6207525532984075,1.901463682474826
PX-1332,3.4923316394681247,False,0.0,False,5.6207525532984075,1.901463682474826
PX-1333,3.7531590442262015,False,0.0,False,5.6207525532984075,1.901463682474826
PX-1334,3.713109777468757,False,0.0,False,5.6207525532984075,1.901463682474826
PX-1335,3.709127205979456,False,0.0,False,5.6207525532984075,1.901463682474826
PX-1336,3.7223468772083645,False,0.0,False,5.6207525532984075,1.901463682474826
PX-1337,3.7759311566682356,False,0.0,False,5.6207525532984075,1.901463682474826
PX-1338,3.537314324426447,False,0.0,False,5.6207525532984075,1.901463682474826
PX-1339,3.420631577128356,False,0.0,False,5.6207525532984075,1.901463682474826
PX-1340,3.479354122735586,False,0.0,False,5.6207525532984075,1.901463682474826
PX-1341,3.1783760259684612,False,0.0,False,5.6207525532984075,1.901463682474826
PX-1342,2.6247635470720247,False,0.0,False,5.6207525532984075,1.901463682474826
PX-1343,2.372481327620834,False,0.0,False,5.6207525532984075,1.901463682474826
PX-1344,2.172884828835718,False,0.0,False,5.6207525532984075,1.901463682474826
PX-1345,1.787766277674411,False,0.0,False,5.6207525532984075,1.901463682474826
PX-1346,1.3531713030435988,False,0.0,False,5.6207525532984075,1.901463682474826
PX-1347,1.052148721626459,False,0.0,False,5.6207525532984075,1.901463682474826
PX-1348,0.875825440143533,False,0.0,False,5.6207525532984075,1.901463682474826
PX-1349,0.7658220487709713,False,0.0,False,5.6207525532984075,1.901463682474826
PX-1350,0.7427089956016655,False,0.0,False,5.6207525532984075,1.901463682474826
PX-1351,1.1263140778596927,False,0.0,False,5.6207525532984075,1.901463682474826
PX-1352,1.4851681005003758,False,0.0,False,5.6207525532984075,1.901463682474826
PX-1353,1.5574834478589228,False,0.0,False,5.6207525532984075,1.901463682474826
PX-1354,1.496442011227936,False,0.0,False,5.6207525532984075,1.901463682474826
PX-1355,1.5276676446407826,False,0.0,False,5.6207525532984075,1.901463682474826
PX-1356,1.6824300612439806,False,0.0,False,5.6207525532984075,1.901463682474826
PX-1357,1.7824252836050842,False,0.0,False,5.6207525532984075,1.901463682474826
PX-1358,1.8340216116328207,False,0.0,False,5.6207525532984075,1.901463682474826
PX-1359,2.1560556982450105,False,0.0,False,5.6207525532984075,1.901463682474826
PX-1360,2.2356592180412918,False,0.0,False,5.6207525532984075,1.901463682474826
PX-1361,2.322920599601641,False,0.0,False,5.6207525532984075,1.901463682474826
PX-1362,2.693472241096874,False,0.0,False,5.6207525532984075,1.901463682474826
PX-1363,3.1547394349827584,False,0.0,False,5.6207525532984075,1.901463682474826
PX-1364,3.695500602995848,False,0.0,False,5.6207525532984075,1.901463682474826
PX-1365,4.153948867261608,True,1.0,False,5.6207525532984075,1.901463682474826
PX-1366,4.587945110774731,True,1.0,False,5.6207525532984075,1.901463682474826
PX-1367,5.86843448009224,True,1.0,False,5.6207525532984075,1.901463682474826
PX-1368,6.688809265869839,True,1.0,False,5.6207525532984075,1.901463682474826
PX-1369,9.850438664723146,True,1.0,False,5.6207525532984075,1.901463682474826
PX-1370,2.1857044117754914,False,0.0,False,5.6207525532984075,1.901463682474826
PX-1371,1.335630856594733,False,0.0,False,5.6207525532984075,1.901463682474826
PX-1372,0.678517584018083,False,0.0,False,5.6207525532984075,1.901463682474826
PX-1373,0.8736920759326612,False,0.0,False,5.6207525532984075,1.901463682474826
PX-1374,0.8894060002172424,False,0.0,False,5.6207525532984075,1.901463682474826
PX-1375,0.9103320839231888,False,0.0,False,5.6207525532984075,1.901463682474826
PX-1376,0.8971422796543074,False,0.0,False,5.6207525532984075,1.901463682474826
PX-1377,0.5999630986207407,False,0.0,False,5.6207525532984075,1.901463682474826
PX-1378,0.38185894134376674,False,0.0,False,5.6207525532984075,1.901463682474826
PX-1379,0.7127503756509235,False,0.0,False,5.6207525532984075,1.901463682474826
PX-1380,1.0692773411258223,False,0.0,False,5.6207525532984075,1.901463682474826
PX-1381,1.4376774663945167,False,0.0,False,5.6207525532984075,1.901463682474826
PX-1382,1.3729024903617635,False,0.0,False,5.6207525532984075,1.901463682474826
PX-1383,1.2863975761184037,False,0.0,False,5.6207525532984075,1.901463682474826
PX-1384,1.2181055444367264,False,0.0,False,5.6207525532984075,1.901463682474826
PX-1385,1.2949625611799505,False,0.0,False,5.6207525532984075,1.901463682474826
PX-1386,1.463350054441257,False,0.0,False,5.6207525532984075,1.901463682474826
PX-1387,1.1386684434723424,False,0.0,False,5.6207525532984075,1.901463682474826
PX-1388,1.0265274339965273,False,0.0,False,5.6207525532984075,1.901463682474826
PX-1389,0.9386502164294779,False,0.0,False,5.6207525532984075,1.901463682474826
PX-1390,0.6629565876680328,False,0.0,False,5.6207525532984075,1.901463682474826
PX-1391,0.5696790602079851,False,0.0,False,5.6207525532984075,1.901463682474826
PX-1392,0.6659784868537972,False,0.0,False,5.6207525532984075,1.901463682474826
PX-1393,1.1908680041278643,False,0.0,False,5.6207525532984075,1.901463682474826
PX-1394,1.3043029120386063,False,0.0,False,5.6207525532984075,1.901463682474826
PX-1395,1.0387575329570993,False,0.0,False,5.6207525532984075,1.901463682474826
PX-1396,1.094579246037794,False,0.0,False,5.6207525532984075,1.901463682474826
PX-1397,1.098365274988991,False,0.0,False,5.6207525532984075,1.901463682474826
PX-1398,1.358393694720407,False,0.0,False,5.6207525532984075,1.901463682474826
PX-1399,1.5980463973732988,False,0.0,False,5.6207525532984075,1.901463682474826
PX-1400,1.7890747690722861,False,0.0,False,5.6207525532984075,1.901463682474826
PX-1401,1.5852898710640861,False,0.0,False,5.6207525532984075,1.901463682474826
PX-1402,1.3260386198672283,False,0.0,False,5.6207525532984075,1.901463682474826
PX-1403,2.9395282953823294,False,0.0,False,5.6207525532984075,1.901463682474826
PX-1404,3.0889372780117714,False,0.0,False,5.6207525532984075,1.901463682474826
PX-1405,3.0016304419869932,False,0.0,False,5.6207525532984075,1.901463682474826
PX-1406,2.8036775975584227,False,0.0,False,5.6207525532984075,1.901463682474826
PX-1407,2.813338465414322,False,0.0,False,5.6207525532984075,1.901463682474826
PX-1408,3.055940469150599,False,0.0,False,5.6207525532984075,1.901463682474826
PX-1409,3.1289950374237794,False,0.0,False,5.6207525532984075,1.901463682474826
PX-1410,3.219904898838708,False,0.0,False,5.6207525532984075,1.901463682474826
PX-1411,3.5006642679669486,False,0.0,False,5.6207525532984075,1.901463682474826
PX-1412,3.8732587240760505,False,0.0,False,5.6207525532984075,1.901463682474826
PX-1413,4.011108305325404,False,0.0,False,5.6207525532984075,1.901463682474826
PX-1414,4.272783484386759,True,1.0,False,5.6207525532984075,1.901463682474826
PX-1415,4.671218250522925,True,1.0,False,5.6207525532984075,1.901463682474826
PX-1416,4.995240110905847,True,1.0,False,5.6207525532984075,1.901463682474826
PX-1417,4.80813123877029,True,1.0,False,5.6207525532984075,1.901463682474826
PX-1418,4.55702952253786,True,1.0,False,5.6207525532984075,1.901463682474826
PX-1419,4.433614454163626,True,1.0,False,5.6207525532984075,1.901463682474826
PX-1420,3.9035170797662673,False,0.0,False,5.6207525532984075,1.901463682474826
PX-1421,3.869687724650934,False,0.0,False,5.6207525532984075,1.901463682474826
PX-1422,4.021062558081718,False,0.0,False,5.6207525532984075,1.901463682474826
PX-1423,4.322353950591406,False,0.0,False,5.6207525532984075,1.901463682474826
PX-1424,4.440338491169507,False,0.0,False,5.6207525532984075,1.901463682474826
PX-1425,4.369624808335651,False,0.0,False,5.6207525532984075,1.901463682474826
PX-1426,4.467663726450667,False,0.0,False,5.6207525532984075,1.901463682474826
PX-1427,4.867562586137705,True,1.0,False,5.6207525532984075,1.901463682474826
PX-1428,5.224780074837277,True,1.0,False,5.6207525532984075,1.901463682474826
PX-1429,6.280295396329484,True,1.0,False,5.6207525532984075,1.901463682474826
PX-1430,7.358855750373474,True,1.0,False,5.6207525532984075,1.901463682474826
PX-1431,8.328588167212638,True,1.0,False,5.6207525532984075,1.901463682474826
PX-1432,3.9099846066359962,True,1.0,False,5.6207525532984075,1.901463682474826
PX-1433,3.0264383868162756,False,0.0,False,5.6207525532984075,1.901463682474826
PX-1434,2.772942415301383,False,0.0,False,5.6207525532984075,1.901463682474826
PX-1435,2.6196770080225633,False,0.0,False,5.6207525532984075,1.901463682474826
PX-1436,2.1482451248989562,False,0.0,False,5.6207525532984075,1.901463682474826
PX-1437,1.758813224503207,False,0.0,False,5.6207525532984075,1.901463682474826
PX-1438,1.0225449168684726,False,0.0,False,5.6207525532984075,1.901463682474826
PX-1439,0.5919181664643176,False,0.0,False,5.6207525532984075,1.901463682474826
PX-1440,0.4886885018767284,False,0.0,False,5.6207525532984075,1.901463682474826
PX-1441,0.7664289039916898,False,0.0,False,5.6207525532984075,1.901463682474826
PX-1442,1.0909203344972234,False,0.0,False,5.6207525532984075,1.901463682474826
PX-1443,1.044275984558464,False,0.0,False,5.6207525532984075,1.901463682474826
PX-1444,0.9841170530787124,False,0.0,False,5.6207525532984075,1.901463682474826
PX-1445,0.7494141116604958,False,0.0,False,5.6207525532984075,1.901463682474826
PX-1446,0.5457200290170032,False,0.0,False,5.6207525532984075,1.901463682474826
PX-1447,0.4479989733188443,False,0.0,False,5.6207525532984075,1.901463682474826
PX-1448,0.1590673623837695,False,0.0,False,5.6207525532984075,1.901463682474826
PX-1449,0.10567619676239559,False,0.0,False,5.6207525532984075,1.901463682474826
PX-1450,0.15242759802980643,False,0.0,False,5.6207525532984075,1.901463682474826
PX-1451,0.06638006942033314,False,0.0,False,5.6207525532984075,1.901463682474826
PX-1452,0.03879183869016245,False,0.0,False,5.6207525532984075,1.901463682474826
PX-1453,0.09028552907874854,False,0.0,False,5.6207525532984075,1.901463682474826
PX-1454,0.33526374695758676,False,0.0,False,5.6207525532984075,1.901463682474826
PX-1455,0.4237513641537163,False,0.0,False,5.6207525532984075,1.901463682474826
PX-1456,0.5459382929956291,False,0.0,False,5.6207525532984075,1.901463682474826
PX-1457,0.7643024857925091,False,0.0,False,5.6207525532984075,1.901463682474826
PX-1458,0.7999326533134088,False,0.0,False,5.6207525532984075,1.901463682474826
PX-1459,0.7307935425032088,False,0.0,False,5.6207525532984075,1.901463682474826
PX-1460,0.8171043227958936,False,0.0,False,5.6207525532984075,1.901463682474826
PX-1461,1.0768400721566262,False,0.0,False,5.6207525532984075,1.901463682474826
PX-1462,1.0678592741114574,False,0.0,False,5.6207525532984075,1.901463682474826
PX-1463,0.9859604004104288,False,0.0,False,5.6207525532984075,1.901463682474826
PX-1464,0.8367895942749914,False,0.0,False,5.6207525532984075,1.901463682474826
PX-1465,0.7273107333486415,False,0.0,False,5.6207525532984075,1.901463682474826
PX-1466,0.7204190021906065,False,0.0,False,5.6207525532984075,1.901463682474826
PX-1467,0.7673337898708184,False,0.0,False,5.6207525532984075,1.901463682474826
PX-1468,0.8372917031070024,False,0.0,False,5.6207525532984075,1.901463682474826
PX-1469,0.860621489260522,False,0.0,False,5.6207525532984075,1.901463682474826
PX-1470,0.49997599983565877,False,0.0,False,5.6207525532984075,1.901463682474826
PX-1471,0.5444126382161674,False,0.0,False,5.6207525532984075,1.901463682474826
PX-1472,0.781412469740463,False,0.0,False,5.6207525532984075,1.901463682474826
PX-1473,0.9029281157814566,False,0.0,False,5.6207525532984075,1.901463682474826
PX-1474,1.0320446993867378,False,0.0,False,5.6207525532984075,1.901463682474826
PX-1475,1.156833186981082,False,0.0,False,5.6207525532984075,1.901463682474826
PX-1476,1.1537824885493713,False,0.0,False,5.6207525532984075,1.901463682474826
PX-1477,1.043465433272667,False,0.0,False,5.6207525532984075,1.901463682474826
PX-1478,0.84615726757443,False,0.0,False,5.6207525532984075,1.901463682474826
PX-1479,0.9920558758489744,False,0.0,False,5.6207525532984075,1.901463682474826
PX-1480,1.0593603280622297,False,0.0,False,5.6207525532984075,1.901463682474826
PX-1481,0.9626725778409675,False,0.0,False,5.6207525532984075,1.901463682474826
PX-1482,1.3110391176186784,False,0.0,False,5.6207525532984075,1.901463682474826
PX-1483,1.5558816258015273,False,0.0,False,5.6207525532984075,1.901463682474826
PX-1484,1.8025501264592236,False,0.0,False,5.6207525532984075,1.901463682474826
PX-1485,1.9142267940217206,False,0.0,False,5.6207525532984075,1.901463682474826
PX-1486,3.4780198597424956,False,0.0,False,5.6207525532984075,1.901463682474826
PX-1487,3.837262225425663,False,0.0,False,5.6207525532984075,1.901463682474826
PX-1488,4.213661145083488,False,0.0,False,5.6207525532984075,1.901463682474826
PX-1489,4.717015844722917,True,1.0,False,5.6207525532984075,1.901463682474826
PX-1490,6.166722336919619,True,1.0,False,5.6207525532984075,1.901463682474826
PX-1491,7.344549274005361,True,1.0,False,5.6207525532984075,1.901463682474826
PX-1492,8.6766661923961,True,1.0,False,5.6207525532984075,1.901463682474826
PX-1493,1.9897438426512295,False,0.0,False,5.6207525532984075,1.901463682474826
PX-1494,1.236331752173454,False,0.0,False,5.6207525532984075,1.901463682474826
PX-1495,1.0432502869835094,False,0.0,False,5.6207525532984075,1.901463682474826
PX-1496,0.962432714441551,False,0.0,False,5.6207525532984075,1.901463682474826
PX-1497,1.1730361750573426,False,0.0,False,5.6207525532984075,1.901463682474826
PX-1498,1.57672771383651,False,0.0,False,5.6207525532984075,1.901463682474826
PX-1499,1.4839541899550337,False,0.0,False,5.6207525532984075,1.901463682474826
PX-1500,1.1443653836515502,False,0.0,False,5.6207525532984075,1.901463682474826
PX-1501,1.310057731465358,False,0.0,False,5.6207525532984075,1.901463682474826
PX-1502,1.8299889105561924,False,0.0,False,5.6207525532984075,1.901463682474826
PX-1503,2.187170342999755,False,0.0,False,5.6207525532984075,1.901463682474826
PX-1504,2.1095694857442826,False,0.0,False,5.6207525532984075,1.901463682474826
PX-1505,2.007625716341586,False,0.0,False,5.6207525532984075,1.901463682474826
PX-1506,1.6792249986084116,False,0.0,False,5.6207525532984075,1.901463682474826
PX-1507,1.490667206284618,False,0.0,False,5.6207525532984075,1.901463682474826
PX-1508,1.6297176509159268,False,0.0,False,5.6207525532984075,1.901463682474826
PX-1509,1.6468798112801082,False,0.0,False,5.6207525532984075,1.901463682474826
PX-1510,1.5728197333147023,False,0.0,False,5.6207525532984075,1.901463682474826
PX-1511,1.6362515485078237,False,0.0,False,5.6207525532984075,1.901463682474826
PX-1512,1.9859310867579687,False,0.0,False,5.6207525532984075,1.901463682474826
PX-1513,2.440219991856786,False,0.0,False,5.6207525532984075,1.901463682474826
PX-1514,2.8155012167753384,False,0.0,False,5.6207525532984075,1.901463682474826
PX-1515,3.1285283009263924,False,0.0,False,5.6207525532984075,1.901463682474826
PX-1516,2.9132868048061535,False,0.0,False,5.6207525532984075,1.901463682474826
PX-1517,2.7022031561954343,False,0.0,False,5.6207525532984075,1.901463682474826
PX-1518,2.7776105532360695,False,0.0,False,5.6207525532984075,1.901463682474826
PX-1519,3.0412583867928777,False,0.0,False,5.6207525532984075,1.901463682474826
PX-1520,3.0467240479037976,False,0.0,False,5.6207525532984075,1.901463682474826
PX-1521,2.5765831882436547,False,0.0,False,5.6207525532984075,1.901463682474826
PX-1522,2.450659013286323,False,0.0,False,5.6207525532984075,1.901463682474826
PX-1523,2.231614401159421,False,0.0,False,5.6207525532984075,1.901463682474826
PX-1524,2.009764488829198,False,0.0,False,5.6207525532984075,1.901463682474826
PX-1525,2.0104545352367325,False,0.0,False,5.6207525532984075,1.901463682474826
PX-1526,1.8519565493985528,False,0.0,False,5.6207525532984075,1.901463682474826
PX-1527,1.8231886497179115,False,0.0,False,5.6207525532984075,1.901463682474826
PX-1528,1.5323122254730244,False,0.0,False,5.6207525532984075,1.901463682474826
PX-1529,1.36461756667671,False,0.0,False,5.6207525532984075,1.901463682474826
PX-1530,1.5109269880040408,False,0.0,False,5.6207525532984075,1.901463682474826
PX-1531,1.2145993956355596,False,0.0,False,5.6207525532984075,1.901463682474826
PX-1532,1.127590913998521,False,0.0,False,5.6207525532984075,1.901463682474826
PX-1533,1.2296536773746833,False,0.0,False,5.6207525532984075,1.901463682474826
PX-1534,1.0301798992448372,False,0.0,False,5.6207525532984075,1.901463682474826
PX-1535,1.2702431889425103,False,0.0,False,5.6207525532984075,1.901463682474826
PX-1536,1.3760792664440835,False,0.0,False,5.6207525532984075,1.901463682474826
PX-1537,1.5027033528139455,False,0.0,False,5.6207525532984075,1.901463682474826
PX-1538,1.5989452097069599,False,0.0,False,5.6207525532984075,1.901463682474826
PX-1539,1.5697014394258453,False,0.0,False,5.6207525532984075,1.901463682474826
PX-1540,1.6840155131749874,False,0.0,False,5.6207525532984075,1.901463682474826
PX-1541,1.7196442306858977,False,0.0,False,5.6207525532984075,1.901463682474826
PX-1542,1.6119640827725643,False,0.0,False,5.6207525532984075,1.901463682474826
PX-1543,2.3624571321493555,False,0.0,False,5.6207525532984075,1.901463682474826
PX-1544,2.7876851655319186,False,0.0,False,5.6207525532984075,1.901463682474826
PX-1545,3.105299326667362,False,0.0,False,5.6207525532984075,1.901463682474826
PX-1546,3.239896097478278,False,0.0,False,5.6207525532984075,1.901463682474826
PX-1547,3.6926866427846843,False,0.0,False,5.6207525532984075,1.901463682474826
PX-1548,4.0783850144505145,False,0.0,False,5.6207525532984075,1.901463682474826
PX-1549,4.651381153217168,False,0.0,False,5.6207525532984075,1.901463682474826
PX-1550,5.437547368689957,True,1.0,False,5.6207525532984075,1.901463682474826
PX-1551,7.5205691085365505,True,1.0,False,5.6207525532984075,1.901463682474826
PX-1552,9.105052216751579,True,1.0,False,5.6207525532984075,1.901463682474826
PX-1553,12.054976331351238,True,1.0,False,5.6207525532984075,1.901463682474826
PX-1554,2.6757794964682073,False,0.0,False,5.6207525532984075,1.901463682474826
PX-1555,2.5074574666433715,False,0.0,False,5.6207525532984075,1.901463682474826
PX-1556,2.5336620054639827,False,0.0,False,5.6207525532984075,1.901463682474826
PX-1557,2.822293809054905,False,0.0,False,5.6207525532984075,1.901463682474826
PX-1558,3.109073284178441,False,0.0,False,5.6207525532984075,1.901463682474826
PX-1559,3.243202715930593,False,0.0,False,5.6207525532984075,1.901463682474826
PX-1560,3.150103056376521,False,0.0,False,5.6207525532984075,1.901463682474826
PX-1561,3.0170709385269117,False,0.0,False,5.6207525532984075,1.901463682474826
PX-1562,2.9338630766379463,False,0.0,False,5.6207525532984075,1.901463682474826
PX-1563,3.0378293150189553,False,0.0,False,5.6207525532984075,1.901463682474826
PX-1564,2.9915493530156336,False,0.0,False,5.6207525532984075,1.901463682474826
PX-1565,2.6402925966297275,False,0.0,False,5.6207525532984075,1.901463682474826
PX-1566,2.0836452994789703,False,0.0,False,5.6207525532984075,1.901463682474826
PX-1567,1.5922617932933978,False,0.0,False,5.6207525532984075,1.901463682474826
PX-1568,1.1615229999665146,False,0.0,False,5.6207525532984075,1.901463682474826
PX-1569,0.8965251779362191,False,0.0,False,5.6207525532984075,1.901463682474826
PX-1570,0.827535828201432,False,0.0,False,5.6207525532984075,1.901463682474826
PX-1571,1.2012285456896574,False,0.0,False,5.6207525532984075,1.901463682474826
PX-1572,1.6231586287194872,False,0.0,False,5.6207525532984075,1.901463682474826
PX-1573,1.793312975650048,False,0.0,False,5.6207525532984075,1.901463682474826
PX-1574,1.885473985450938,False,0.0,False,5.6207525532984075,1.901463682474826
PX-1575,2.113070924089607,False,0.0,False,5.6207525532984075,1.901463682474826
PX-1576,2.133241179295796,False,0.0,False,5.6207525532984075,1.901463682474826
PX-1577,2.3619836265655945,False,0.0,False,5.6207525532984075,1.901463682474826
PX-1578,2.4083128594665038,False,0.0,False,5.6207525532984075,1.901463682474826
PX-1579,2.3812518490072563,False,0.0,False,5.6207525532984075,1.901463682474826
PX-1580,2.277256858645261,False,0.0,False,5.6207525532984075,1.901463682474826
PX-1581,2.2586924828204538,False,0.0,False,5.6207525532984075,1.901463682474826
PX-1582,2.6120742026346875,False,0.0,False,5.6207525532984075,1.901463682474826
PX-1583,2.93399253074427,False,0.0,False,5.6207525532984075,1.901463682474826
PX-1584,3.0174108509199797,False,0.0,False,5.6207525532984075,1.901463682474826
PX-1585,3.1194128510239647,False,0.0,False,5.6207525532984075,1.901463682474826
PX-1586,2.7743837547530728,False,0.0,False,5.6207525532984075,1.901463682474826
PX-1587,2.6985530953347006,False,0.0,False,5.6207525532984075,1.901463682474826
PX-1588,2.5527119567195253,False,0.0,False,5.6207525532984075,1.901463682474826
PX-1589,2.381536407107241,False,0.0,False,5.6207525532984075,1.901463682474826
PX-1590,2.1053231097746448,False,0.0,False,5.6207525532984075,1.901463682474826
PX-1591,1.4980677839885725,False,0.0,False,5.6207525532984075,1.901463682474826
PX-1592,0.9024619746810636,False,0.0,False,5.6207525532984075,1.901463682474826
PX-1593,0.7955231200992792,False,0.0,False,5.6207525532984075,1.901463682474826
PX-1594,0.7141161153953579,False,0.0,False,5.6207525532984075,1.901463682474826
PX-1595,0.8555335321120037,False,0.0,False,5.6207525532984075,1.901463682474826
PX-1596,0.7282542768381219,False,0.0,False,5.6207525532984075,1.901463682474826
PX-1597,0.5905502114261445,False,0.0,False,5.6207525532984075,1.901463682474826
PX-1598,0.42196632994465233,False,0.0,False,5.6207525532984075,1.901463682474826
PX-1599,0.24147171022546132,False,0.0,False,5.6207525532984075,1.901463682474826
PX-1600,0.3550109921516249,False,0.0,False,5.6207525532984075,1.901463682474826
PX-1601,0.5399936268373295,False,0.0,False,5.6207525532984075,1.901463682474826
PX-1602,0.319580617221483,False,0.0,False,5.6207525532984075,1.901463682474826
PX-1603,0.6131969940177449,False,0.0,False,5.6207525532984075,1.901463682474826
PX-1604,0.9002852003464685,False,0.0,False,5.6207525532984075,1.901463682474826
PX-1605,1.2725081310030912,False,0.0,False,5.6207525532984075,1.901463682474826
PX-1606,1.5515664813733228,False,0.0,False,5.6207525532984075,1.901463682474826
PX-1607,1.8589772083184748,False,0.0,False,5.6207525532984075,1.901463682474826
PX-1608,2.313539529515097,False,0.0,False,5.6207525532984075,1.901463682474826
PX-1609,2.692781245586346,False,0.0,False,5.6207525532984075,1.901463682474826
PX-1610,3.38981048390791,False,0.0,False,5.6207525532984075,1.901463682474826
PX-1611,5.798842682423839,True,1.0,False,5.6207525532984075,1.901463682474826
PX-1612,7.757777825822048,True,1.0,False,5.6207525532984075,1.901463682474826
PX-1613,13.824757797510651,True,1.0,False,5.6207525532984075,1.901463682474826
PX-1614,0.04515677286811837,False,0.0,False,5.6207525532984075,1.901463682474826
PX-1615,0.3467828299163713,False,0.0,False,5.6207525532984075,1.901463682474826
PX-1616,0.6120634688237221,False,0.0,False,5.6207525532984075,1.901463682474826
PX-1617,0.5121873859557056,False,0.0,False,5.6207525532984075,1.901463682474826
PX-1618,0.375948224805045,False,0.0,False,5.6207525532984075,1.901463682474826
PX-1619,0.4885912370887677,False,0.0,False,5.6207525532984075,1.901463682474826
PX-1620,1.008202195814805,False,0.0,False,5.6207525532984075,1.901463682474826
PX-1621,1.5709124043021863,False,0.0,False,5.6207525532984075,1.901463682474826
PX-1622,1.7198466936177628,False,0.0,False,5.6207525532984075,1.901463682474826
PX-1623,1.570807260270163,False,0.0,False,5.6207525532984075,1.901463682474826
PX-1624,1.4552037609576676,False,0.0,False,5.6207525532984075,1.901463682474826
PX-1625,3.2646738648619014,False,0.0,False,5.6207525532984075,1.901463682474826
PX-1626,3.261231773254522,False,0.0,False,5.6207525532984075,1.901463682474826
PX-1627,3.3023371440787503,False,0.0,False,5.6207525532984075,1.901463682474826
PX-1628,3.3208891195283012,False,0.0,False,5.6207525532984075,1.901463682474826
PX-1629,3.1470804291917425,False,0.0,False,5.6207525532984075,1.901463682474826
PX-1630,3.166770658086673,False,0.0,False,5.6207525532984075,1.901463682474826
PX-1631,3.5064721689419738,False,0.0,False,5.6207525532984075,1.901463682474826
PX-1632,3.7049202908313354,False,0.0,False,5.6207525532984075,1.901463682474826
PX-1633,3.8530892123328577,False,0.0,False,5.6207525532984075,1.901463682474826
PX-1634,3.8722435284944687,False,0.0,False,5.6207525532984075,1.901463682474826
PX-1635,4.103676794611086,False,0.0,False,5.6207525532984075,1.901463682474826
PX-1636,4.1411727867125645,False,0.0,False,5.6207525532984075,1.901463682474826
PX-1637,4.314211883369117,False,0.0,False,5.6207525532984075,1.901463682474826
PX-1638,4.754846486038444,False,0.0,False,5.6207525532984075,1.901463682474826
PX-1639,5.16019850248156,True,1.0,False,5.6207525532984075,1.901463682474826
PX-1640,5.085790778697747,True,1.0,False,5.6207525532984075,1.901463682474826
PX-1641,4.752172780997741,True,1.0,False,5.6207525532984075,1.901463682474826
PX-1642,4.588325516145661,False,0.0,False,5.6207525532984075,1.901463682474826
PX-1643,4.239839879307333,False,0.0,False,5.6207525532984075,1.901463682474826
PX-1644,4.025947078834127,False,0.0,False,5.6207525532984075,1.901463682474826
PX-1645,3.8587703128393915,False,0.0,False,5.6207525532984075,1.901463682474826
PX-1646,3.773871618784586,False,0.0,False,5.6207525532984075,1.901463682474826
PX-1647,3.771027671571783,False,0.0,False,5.6207525532984075,1.901463682474826
PX-1648,3.426462762199785,False,0.0,False,5.6207525532984075,1.901463682474826
PX-1649,3.128882654843718,False,0.0,False,5.6207525532984075,1.901463682474826
PX-1650,3.2644124053545163,False,0.0,False,5.6207525532984075,1.901463682474826
PX-1651,3.3859142371489863,False,0.0,False,5.6207525532984075,1.901463682474826
PX-1652,3.44734071828365,False,0.0,False,5.6207525532984075,1.901463682474826
PX-1653,3.5427453001646345,False,0.0,False,5.6207525532984075,1.901463682474826
PX-1654,3.800582165985924,False,0.0,False,5.6207525532984075,1.901463682474826
PX-1655,3.5596352677134604,False,0.0,False,5.6207525532984075,1.901463682474826
PX-1656,3.2762264240833847,False,0.0,False,5.6207525532984075,1.901463682474826
PX-1657,2.5734494686911233,False,0.0,False,5.6207525532984075,1.901463682474826
PX-1658,1.7311309658716674,False,0.0,False,5.6207525532984075,1.901463682474826
PX-1659,0.921279669656272,False,0.0,False,5.6207525532984075,1.901463682474826
PX-1660,0.22957364644990896,False,0.0,False,5.6207525532984075,1.901463682474826
PX-1661,0.42233400960019907,False,0.0,False,5.6207525532984075,1.901463682474826
PX-1662,0.5225131890749601,False,0.0,False,5.6207525532984075,1.901463682474826
PX-1663,0.5103695415135938,False,0.0,False,5.6207525532984075,1.901463682474826
PX-1664,0.6559766459017666,False,0.0,False,5.6207525532984075,1.901463682474826
PX-1665,0.7439040562347223,False,0.0,False,5.6207525532984075,1.901463682474826
PX-1666,1.1118753637799088,False,0.0,False,5.6207525532984075,1.901463682474826
PX-1667,1.6212379231996863,False,0.0,False,5.6207525532984075,1.901463682474826
PX-1668,2.52902854663024,False,0.0,False,5.6207525532984075,1.901463682474826
PX-1669,5.360879566821534,False,0.0,False,5.6207525532984075,1.901463682474826
PX-1670,7.3933107885392815,True,1.0,False,5.6207525532984075,1.901463682474826
PX-1671,-0.4715299811441618,False,0.0,False,5.6207525532984075,1.901463682474826
PX-1672,-0.2741314160034225,False,0.0,False,5.6207525532984075,1.901463682474826
PX-1673,-0.22609133938638415,False,0.0,False,5.6207525532984075,1.901463682474826
PX-1674,-0.2668749147076337,False,0.0,False,5.6207525532984075,1.901463682474826
PX-1675,-0.2939489179495851,False,0.0,False,5.6207525532984075,1.901463682474826
PX-1676,-0.07764578997903371,False,0.0,False,5.6207525532984075,1.901463682474826
PX-1677,0.1929537677426172,False,0.0,False,5.6207525532984075,1.901463682474826
PX-1678,0.5519007785754049,False,0.0,False,5.6207525532984075,1.901463682474826
PX-1679,0.7505201286720968,False,0.0,False,5.6207525532984075,1.901463682474826
PX-1680,0.8602979425946149,False,0.0,False,5.6207525532984075,1.901463682474826
PX-1681,0.7406836567987405,False,0.0,False,5.6207525532984075,1.901463682474826
PX-1682,0.692501558070509,False,0.0,False,5.6207525532984075,1.901463682474826
PX-1683,0.7176527804798152,False,0.0,False,5.6207525532984075,1.901463682474826
PX-1684,0.748771246144365,False,0.0,False,5.6207525532984075,1.901463682474826
PX-1685,0.9216972134470343,False,0.0,False,5.6207525532984075,1.901463682474826
PX-1686,0.8565864183744658,False,0.0,False,5.6207525532984075,1.901463682474826
PX-1687,0.8876561174811286,False,0.0,False,5.6207525532984075,1.901463682474826
PX-1688,0.9820864889013947,False,0.0,False,5.6207525532984075,1.901463682474826
PX-1689,1.156527487651573,False,0.0,False,5.6207525532984075,1.901463682474826
PX-1690,1.131079252750995,False,0.0,False,5.6207525532984075,1.901463682474826
PX-1691,1.1214973788727267,False,0.0,False,5.6207525532984075,1.901463682474826
PX-1692,0.8444309565313795,False,0.0,False,5.6207525532984075,1.901463682474826
PX-1693,0.8976246291619834,False,0.0,False,5.6207525532984075,1.901463682474826
PX-1694,0.8974271533384623,False,0.0,False,5.6207525532984075,1.901463682474826
PX-1695,1.0887671093685718,False,0.0,False,5.6207525532984075,1.901463682474826
PX-1696,1.2493555892243506,False,0.0,False,5.6207525532984075,1.901463682474826
PX-1697,1.260435670581451,False,0.0,False,5.6207525532984075,1.901463682474826
PX-1698,1.1803805421549587,False,0.0,False,5.6207525532984075,1.901463682474826
PX-1699,1.1531155264487953,False,0.0,False,5.6207525532984075,1.901463682474826
PX-1700,1.1512508995655963,False,0.0,False,5.6207525532984075,1.901463682474826
PX-1701,1.3319979573589897,False,0.0,False,5.6207525532984075,1.901463682474826
PX-1702,1.2775102273395298,False,0.0,False,5.6207525532984075,1.901463682474826
PX-1703,1.4498259884046192,False,0.0,False,5.6207525532984075,1.901463682474826
PX-1704,1.4646437054312376,False,0.0,False,5.6207525532984075,1.901463682474826
PX-1705,1.2183785052987517,False,0.0,False,5.6207525532984075,1.901463682474826
PX-1706,1.2231258555430085,False,0.0,False,5.6207525532984075,1.901463682474826
PX-1707,1.293835494461181,False,0.0,False,5.6207525532984075,1.901463682474826
PX-1708,1.3233746243975837,False,0.0,False,5.6207525532984075,1.901463682474826
PX-1709,1.2832399601691389,False,0.0,False,5.6207525532984075,1.901463682474826
PX-1710,1.3034727928445626,False,0.0,False,5.6207525532984075,1.901463682474826
PX-1711,1.065668092281971,False,0.0,False,5.6207525532984075,1.901463682474826
PX-1712,0.8805593698614373,False,0.0,False,5.6207525532984075,1.901463682474826
PX-1713,0.8288567306265318,False,0.0,False,5.6207525532984075,1.901463682474826
PX-1714,2.11057029359206,False,0.0,False,5.6207525532984075,1.901463682474826
PX-1715,2.2044215124287447,False,0.0,False,5.6207525532984075,1.901463682474826
PX-1716,2.1457689808200904,False,0.0,False,5.6207525532984075,1.901463682474826
PX-1717,2.4846783404116284,False,0.0,False,5.6207525532984075,1.901463682474826
PX-1718,2.719952606825455,False,0.0,False,5.6207525532984075,1.901463682474826
PX-1719,2.8103357210730326,False,0.0,False,5.6207525532984075,1.901463682474826
PX-1720,3.282177525811207,False,0.0,False,5.6207525532984075,1.901463682474826
PX-1721,3.4175321022285825,False,0.0,False,5.6207525532984075,1.901463682474826
PX-1722,3.3639650589056895,False,0.0,False,5.6207525532984075,1.901463682474826
PX-1723,3.9122664950209955,False,0.0,False,5.6207525532984075,1.901463682474826
PX-1724,5.114561631336015,False,0.0,False,5.6207525532984075,1.901463682474826
PX-1725,9.226871911511683,True,1.0,False,5.6207525532984075,1.901463682474826
PX-1726,13.129615158277057,True,1.0,False,5.6207525532984075,1.901463682474826
PX-1727,1.9925491244931202,False,0.0,False,5.6207525532984075,1.901463682474826
PX-1728,2.0900424023475743,False,0.0,False,5.6207525532984075,1.901463682474826
PX-1729,1.8900087093802114,False,0.0,False,5.6207525532984075,1.901463682474826
PX-1730,1.7015264423413878,False,0.0,False,5.6207525532984075,1.901463682474826
PX-1731,1.468849212774325,False,0.0,False,5.6207525532984075,1.901463682474826
PX-1732,1.426275435144369,False,0.0,False,5.6207525532984075,1.901463682474826
PX-1733,1.509654883343286,False,0.0,False,5.6207525532984075,1.901463682474826
PX-1734,1.6715387425980293,False,0.0,False,5.6207525532984075,1.901463682474826
PX-1735,1.7315747213550132,False,0.0,False,5.6207525532984075,1.901463682474826
PX-1736,1.8187658373190807,False,0.0,False,5.6207525532984075,1.901463682474826
PX-1737,1.7657950650710195,False,0.0,False,5.6207525532984075,1.901463682474826
PX-1738,1.646332339052428,False,0.0,False,5.6207525532984075,1.901463682474826
PX-1739,1.5780110670455976,False,0.0,False,5.6207525532984075,1.901463682474826
PX-1740,1.777135612607351,False,0.0,False,5.6207525532984075,1.901463682474826
PX-1741,1.7919292122065844,False,0.0,False,5.6207525532984075,1.901463682474826
PX-1742,1.661341737664916,False,0.0,False,5.6207525532984075,1.901463682474826
PX-1743,1.572816486471078,False,0.0,False,5.6207525532984075,1.901463682474826
PX-1744,1.5341105530803034,False,0.0,False,5.6207525532984075,1.901463682474826
PX-1745,1.464842472280047,False,0.0,False,5.6207525532984075,1.901463682474826
PX-1746,1.4412093145905853,False,0.0,False,5.6207525532984075,1.901463682474826
PX-1747,1.4250761461142254,False,0.0,False,5.6207525532984075,1.901463682474826
PX-1748,1.430600575053429,False,0.0,False,5.6207525532984075,1.901463682474826
PX-1749,1.4935890709592243,False,0.0,False,5.6207525532984075,1.901463682474826
PX-1750,1.884513835504686,False,0.0,False,5.6207525532984075,1.901463682474826
PX-1751,2.530555135550772,False,0.0,False,5.6207525532984075,1.901463682474826
PX-1752,2.739004955116444,False,0.0,False,5.6207525532984075,1.901463682474826
PX-1753,2.8482684024670437,False,0.0,False,5.6207525532984075,1.901463682474826
PX-1754,2.5113347600103335,False,0.0,False,5.6207525532984075,1.901463682474826
PX-1755,2.3849260440985613,False,0.0,False,5.6207525532984075,1.901463682474826
PX-1756,2.5236786291500977,False,0.0,False,5.6207525532984075,1.901463682474826
PX-1757,2.5903055582665715,False,0.0,False,5.6207525532984075,1.901463682474826
PX-1758,2.501877583598173,False,0.0,False,5.6207525532984075,1.901463682474826
PX-1759,2.0314218353235596,False,0.0,False,5.6207525532984075,1.901463682474826
PX-1760,1.716867971884378,False,0.0,False,5.6207525532984075,1.901463682474826
PX-1761,1.5413227879383182,False,0.0,False,5.6207525532984075,1.901463682474826
PX-1762,1.5254575066581264,False,0.0,False,5.6207525532984075,1.901463682474826
PX-1763,1.6716110871311436,False,0.0,False,5.6207525532984075,1.901463682474826
PX-1764,1.558774717941322,False,0.0,False,5.6207525532984075,1.901463682474826
PX-1765,1.571176950026409,False,0.0,False,5.6207525532984075,1.901463682474826
PX-1766,1.2724263136986966,False,0.0,False,5.6207525532984075,1.901463682474826
PX-1767,1.2084386866275736,False,0.0,False,5.6207525532984075,1.901463682474826
PX-1768,1.3380471322827105,False,0.0,False,5.6207525532984075,1.901463682474826
PX-1769,1.1612931728527691,False,0.0,False,5.6207525532984075,1.901463682474826
PX-1770,1.0726725568189028,False,0.0,False,5.6207525532984075,1.901463682474826
PX-1771,0.936147355369819,False,0.0,False,5.6207525532984075,1.901463682474826
PX-1772,1.130083716001348,False,0.0,False,5.6207525532984075,1.901463682474826
PX-1773,1.6498336122907347,False,0.0,False,5.6207525532984075,1.901463682474826
PX-1774,1.7199691857497186,False,0.0,False,5.6207525532984075,1.901463682474826
PX-1775,2.053942512685955,False,0.0,False,5.6207525532984075,1.901463682474826
PX-1776,2.326674929250254,False,0.0,False,5.6207525532984075,1.901463682474826
PX-1777,2.6735051885042633,False,0.0,False,5.6207525532984075,1.901463682474826
PX-1778,3.419347844374519,False,0.0,False,5.6207525532984075,1.901463682474826
PX-1779,5.174411676901112,False,0.0,False,5.6207525532984075,1.901463682474826
PX-1780,10.589052053669295,True,1.0,False,5.6207525532984075,1.901463682474826
PX-1781,18.30572383345688,True,1.0,False,5.6207525532984075,1.901463682474826
PX-1782,1.8645356422167136,False,0.0,False,5.6207525532984075,1.901463682474826
PX-1783,1.9449766323727484,False,0.0,False,5.6207525532984075,1.901463682474826
PX-1784,1.936907533081392,False,0.0,False,5.6207525532984075,1.901463682474826
PX-1785,1.939822672003256,False,0.0,False,5.6207525532984075,1.901463682474826
PX-1786,1.9744465614629263,False,0.0,False,5.6207525532984075,1.901463682474826
PX-1787,2.190193702475721,False,0.0,False,5.6207525532984075,1.901463682474826
PX-1788,2.494080662444727,False,0.0,False,5.6207525532984075,1.901463682474826
PX-1789,2.7956666591337136,False,0.0,False,5.6207525532984075,1.901463682474826
PX-1790,2.871813260864746,False,0.0,False,5.6207525532984075,1.901463682474826
PX-1791,2.850519386290568,False,0.0,False,5.6207525532984075,1.901463682474826
PX-1792,2.8414244325093314,False,0.0,False,5.6207525532984075,1.901463682474826
PX-1793,2.9794197263108426,False,0.0,False,5.6207525532984075,1.901463682474826
PX-1794,3.15124871924659,False,0.0,False,5.6207525532984075,1.901463682474826
PX-1795,3.441658465283181,False,0.0,False,5.6207525532984075,1.901463682474826
PX-1796,3.709699677546501,False,0.0,False,5.6207525532984075,1.901463682474826
PX-1797,3.8333181491288872,False,0.0,False,5.6207525532984075,1.901463682474826
PX-1798,4.073495557640074,True,1.0,False,5.6207525532984075,1.901463682474826
PX-1799,3.673914189393635,False,0.0,False,5.6207525532984075,1.901463682474826
PX-1800,3.197424836618657,False,0.0,False,5.6207525532984075,1.901463682474826
PX-1801,2.657157222057453,False,0.0,False,5.6207525532984075,1.901463682474826
PX-1802,2.3213713678864263,False,0.0,False,5.6207525532984075,1.901463682474826
PX-1803,2.0065782236860485,False,0.0,False,5.6207525532984075,1.901463682474826
PX-1804,1.657822731929441,False,0.0,False,5.6207525532984075,1.901463682474826
PX-1805,1.3976779045510828,False,0.0,False,5.6207525532984075,1.901463682474826
PX-1806,0.973342293337609,False,0.0,False,5.6207525532984075,1.901463682474826
PX-1807,0.7670130411688536,False,0.0,False,5.6207525532984075,1.901463682474826
PX-1808,0.7697740634627728,False,0.0,False,5.6207525532984075,1.901463682474826
PX-1809,1.089156342090691,False,0.0,False,5.6207525532984075,1.901463682474826
PX-1810,1.6303306227283496,False,0.0,False,5.6207525532984075,1.901463682474826
PX-1811,1.7979610218543662,False,0.0,False,5.6207525532984075,1.901463682474826
PX-1812,1.8417132842949169,False,0.0,False,5.6207525532984075,1.901463682474826
PX-1813,1.862150929649271,False,0.0,False,5.6207525532984075,1.901463682474826
PX-1814,1.8457377216745972,False,0.0,False,5.6207525532984075,1.901463682474826
PX-1815,2.189726536767033,False,0.0,False,5.6207525532984075,1.901463682474826
PX-1816,2.206455032928858,False,0.0,False,5.6207525532984075,1.901463682474826
PX-1817,2.1977824131327335,False,0.0,False,5.6207525532984075,1.901463682474826
PX-1818,2.161303175104397,False,0.0,False,5.6207525532984075,1.901463682474826
PX-1819,2.167443206374573,False,0.0,False,5.6207525532984075,1.901463682474826
PX-1820,2.3198489409539214,False,0.0,False,5.6207525532984075,1.901463682474826
PX-1821,2.6446892379810674,False,0.0,False,5.6207525532984075,1.901463682474826
PX-1822,2.69985745613058,False,0.0,False,5.6207525532984075,1.901463682474826
PX-1823,2.641417969600818,False,0.0,False,5.6207525532984075,1.901463682474826
PX-1824,2.1566363673819318,False,0.0,False,5.6207525532984075,1.901463682474826
PX-1825,2.0834192771369917,False,0.0,False,5.6207525532984075,1.901463682474826
PX-1826,2.295541229014905,False,0.0,False,5.6207525532984075,1.901463682474826
PX-1827,1.9924303217342718,False,0.0,False,5.6207525532984075,1.901463682474826
PX-1828,1.79508225190453,False,0.0,False,5.6207525532984075,1.901463682474826
PX-1829,1.5383105936680561,False,0.0,False,5.6207525532984075,1.901463682474826
PX-1830,1.1250850356305797,False,0.0,False,5.6207525532984075,1.901463682474826
PX-1831,1.2945953318862582,False,0.0,False,5.6207525532984075,1.901463682474826
PX-1832,1.8252341354967196,False,0.0,False,5.6207525532984075,1.901463682474826
PX-1833,3.883139710678929,False,0.0,False,5.6207525532984075,1.901463682474826
PX-1834,9.804820071666795,True,1.0,False,5.6207525532984075,1.901463682474826
PX-1835,0.2606989995226865,False,0.0,False,5.6207525532984075,1.901463682474826
PX-1836,0.1927446907539352,False,0.0,False,5.6207525532984075,1.901463682474826
PX-1837,-0.1843271305660501,False,0.0,False,5.6207525532984075,1.901463682474826
PX-1838,-0.20909588884101815,False,0.0,False,5.6207525532984075,1.901463682474826
PX-1839,0.004141506063811917,False,0.0,False,5.6207525532984075,1.901463682474826
PX-1840,0.20680756099066322,False,0.0,False,5.6207525532984075,1.901463682474826
PX-1841,0.3727092124154634,False,0.0,False,5.6207525532984075,1.901463682474826
PX-1842,0.5600987198099627,False,0.0,False,5.6207525532984075,1.901463682474826
PX-1843,0.4303300284300331,False,0.0,False,5.6207525532984075,1.901463682474826
PX-1844,0.38502368835498224,False,0.0,False,5.6207525532984075,1.901463682474826
PX-1845,0.4579747976612403,False,0.0,False,5.6207525532984075,1.901463682474826
PX-1846,0.7481670076729596,False,0.0,False,5.6207525532984075,1.901463682474826
PX-1847,0.7365561072162983,False,0.0,False,5.6207525532984075,1.901463682474826
PX-1848,0.871798440078134,False,0.0,False,5.6207525532984075,1.901463682474826
PX-1849,0.6514536032038478,False,0.0,False,5.6207525532984075,1.901463682474826
PX-1850,0.5753976780811065,False,0.0,False,5.6207525532984075,1.901463682474826
PX-1851,0.6141377063670905,False,0.0,False,5.6207525532984075,1.901463682474826
PX-1852,0.8438130552312213,False,0.0,False,5.6207525532984075,1.901463682474826
PX-1853,0.8893123629923014,False,0.0,False,5.6207525532984075,1.901463682474826
PX-1854,0.8299005941139654,False,0.0,False,5.6207525532984075,1.901463682474826
PX-1855,0.6897794791137031,False,0.0,False,5.6207525532984075,1.901463682474826
PX-1856,0.782436458277715,False,0.0,False,5.6207525532984075,1.901463682474826
PX-1857,0.9640232336578904,False,0.0,False,5.6207525532984075,1.901463682474826
PX-1858,1.2707996275310602,False,0.0,False,5.6207525532984075,1.901463682474826
PX-1859,1.4145340080040647,False,0.0,False,5.6207525532984075,1.901463682474826
PX-1860,1.2689777169651109,False,0.0,False,5.6207525532984075,1.901463682474826
PX-1861,1.0359878195351087,False,0.0,False,5.6207525532984075,1.901463682474826
PX-1862,1.0871052069640061,False,0.0,False,5.6207525532984075,1.901463682474826
PX-1863,1.223769332772271,False,0.0,False,5.6207525532984075,1.901463682474826
PX-1864,3.1924063321397806,False,0.0,False,5.6207525532984075,1.901463682474826
PX-1865,3.526784551189687,False,0.0,False,5.6207525532984075,1.901463682474826
PX-1866,3.503407023719557,False,0.0,False,5.6207525532984075,1.901463682474826
PX-1867,3.6004353476273625,False,0.0,False,5.6207525532984075,1.901463682474826
PX-1868,3.6073073927055095,False,0.0,False,5.6207525532984075,1.901463682474826
PX-1869,3.407917075008733,False,0.0,False,5.6207525532984075,1.901463682474826
PX-1870,3.390041275577879,False,0.0,False,5.6207525532984075,1.901463682474826
PX-1871,3.6430870675320826,False,0.0,False,5.6207525532984075,1.901463682474826
PX-1872,3.5852944400029063,False,0.0,False,5.6207525532984075,1.901463682474826
PX-1873,3.3975837685168315,False,0.0,False,5.6207525532984075,1.901463682474826
PX-1874,3.3518924411170037,False,0.0,False,5.6207525532984075,1.901463682474826
PX-1875,3.506963908889052,False,0.0,False,5.6207525532984075,1.901463682474826
PX-1876,3.4688779518389214,False,0.0,False,5.6207525532984075,1.901463682474826
PX-1877,3.629368129828002,False,0.0,False,5.6207525532984075,1.901463682474826
PX-1878,4.381721442804553,False,0.0,False,5.6207525532984075,1.901463682474826
PX-1879,4.6932205880828874,False,0.0,False,5.6207525532984075,1.901463682474826
PX-1880,4.41007321464016,False,0.0,False,5.6207525532984075,1.901463682474826
PX-1881,4.318252577326081,False,0.0,False,5.6207525532984075,1.901463682474826
PX-1882,4.385754657616786,False,0.0,False,5.6207525532984075,1.901463682474826
PX-1883,4.380322607857222,False,0.0,False,5.6207525532984075,1.901463682474826
PX-1884,4.6348568222942355,False,0.0,False,5.6207525532984075,1.901463682474826
PX-1885,6.696589220983464,True,1.0,False,5.6207525532984075,1.901463682474826
PX-1886,15.387278651066074,True,1.0,False,5.6207525532984075,1.901463682474826
PX-1887,2.9424903436616248,False,0.0,False,5.6207525532984075,1.901463682474826
PX-1888,2.5071296823832547,False,0.0,False,5.6207525532984075,1.901463682474826
PX-1889,2.175074532632051,False,0.0,False,5.6207525532984075,1.901463682474826
PX-1890,2.1930509240572285,False,0.0,False,5.6207525532984075,1.901463682474826
PX-1891,2.388040947384326,False,0.0,False,5.6207525532984075,1.901463682474826
PX-1892,2.697321165536202,False,0.0,False,5.6207525532984075,1.901463682474826
PX-1893,3.1273669440572043,False,0.0,False,5.6207525532984075,1.901463682474826
PX-1894,3.6662084325084514,False,0.0,False,5.6207525532984075,1.901463682474826
PX-1895,3.155071075490751,False,0.0,False,5.6207525532984075,1.901463682474826
PX-1896,2.7039893991399087,False,0.0,False,5.6207525532984075,1.901463682474826
PX-1897,2.7852590076648713,False,0.0,False,5.6207525532984075,1.901463682474826
PX-1898,1.9428111617047268,False,0.0,False,5.6207525532984075,1.901463682474826
PX-1899,1.2876076458310663,False,0.0,False,5.6207525532984075,1.901463682474826
PX-1900,0.8462459108899143,False,0.0,False,5.6207525532984075,1.901463682474826
PX-1901,0.5053707478246707,False,0.0,False,5.6207525532984075,1.901463682474826
PX-1902,0.46217032719692597,False,0.0,False,5.6207525532984075,1.901463682474826
PX-1903,0.18265004367817284,False,0.0,False,5.6207525532984075,1.901463682474826
PX-1904,0.25373915109443956,False,0.0,False,5.6207525532984075,1.901463682474826
PX-1905,0.2141539428279824,False,0.0,False,5.6207525532984075,1.901463682474826
PX-1906,0.05130919483386975,False,0.0,False,5.6207525532984075,1.901463682474826
PX-1907,0.022017440386953524,False,0.0,False,5.6207525532984075,1.901463682474826
PX-1908,-0.06712247501311275,False,0.0,False,5.6207525532984075,1.901463682474826
PX-1909,-0.007794809997815122,False,0.0,False,5.6207525532984075,1.901463682474826
PX-1910,-0.010133319545275299,False,0.0,False,5.6207525532984075,1.901463682474826
PX-1911,-0.06635614105347898,False,0.0,False,5.6207525532984075,1.901463682474826
PX-1912,0.04808018508854772,False,0.0,False,5.6207525532984075,1.901463682474826
PX-1913,0.16511663067037752,False,0.0,False,5.6207525532984075,1.901463682474826
PX-1914,0.28473162949120123,False,0.0,False,5.6207525532984075,1.901463682474826
PX-1915,0.4325700553806726,False,0.0,False,5.6207525532984075,1.901463682474826
PX-1916,0.5335019359582454,False,0.0,False,5.6207525532984075,1.901463682474826
PX-1917,0.6141624691979644,False,0.0,False,5.6207525532984075,1.901463682474826
PX-1918,0.5471289419262231,False,0.0,False,5.6207525532984075,1.901463682474826
PX-1919,0.6444765119967002,False,0.0,False,5.6207525532984075,1.901463682474826
PX-1920,0.6829503902314009,False,0.0,False,5.6207525532984075,1.901463682474826
PX-1921,0.6532747913816248,False,0.0,False,5.6207525532984075,1.901463682474826
PX-1922,0.548193957915105,False,0.0,False,5.6207525532984075,1.901463682474826
PX-1923,0.602770400391746,False,0.0,False,5.6207525532984075,1.901463682474826
PX-1924,0.43045682144857444,False,0.0,False,5.6207525532984075,1.901463682474826
PX-1925,0.3338383668835281,False,0.0,False,5.6207525532984075,1.901463682474826
PX-1926,0.3186831854774965,False,0.0,False,5.6207525532984075,1.901463682474826
PX-1927,0.19839935997407032,False,0.0,False,5.6207525532984075,1.901463682474826
PX-1928,0.05624612833574005,False,0.0,False,5.6207525532984075,1.901463682474826
PX-1929,0.16463291045092632,False,0.0,False,5.6207525532984075,1.901463682474826
PX-1930,0.42388040679252725,False,0.0,False,5.6207525532984075,1.901463682474826
PX-1931,0.410816822845371,False,0.0,False,5.6207525532984075,1.901463682474826
PX-1932,0.30431843189774277,False,0.0,False,5.6207525532984075,1.901463682474826
PX-1933,0.39023893894092687,False,0.0,False,5.6207525532984075,1.901463682474826
PX-1934,0.5925642002187903,False,0.0,False,5.6207525532984075,1.901463682474826
PX-1935,0.7786894301243432,False,0.0,False,5.6207525532984075,1.901463682474826
PX-1936,1.0984925833131314,False,0.0,False,5.6207525532984075,1.901463682474826
PX-1937,3.3319301092055564,False,0.0,False,5.6207525532984075,1.901463682474826
PX-1938,13.974694880317998,True,1.0,False,5.6207525532984075,1.901463682474826
PX-1939,0.3579018932693927,False,0.0,False,5.6207525532984075,1.901463682474826
PX-1940,0.32780959930761533,False,0.0,False,5.6207525532984075,1.901463682474826
PX-1941,0.0756735973211029,False,0.0,False,5.6207525532984075,1.901463682474826
PX-1942,0.18483433715178244,False,0.0,False,5.6207525532984075,1.901463682474826
PX-1943,0.27568641512777425,False,0.0,False,5.6207525532984075,1.901463682474826
PX-1944,0.6793314650583504,False,0.0,False,5.6207525532984075,1.901463682474826
PX-1945,1.1870587088157851,False,0.0,False,5.6207525532984075,1.901463682474826
PX-1946,1.4893276844476784,False,0.0,False,5.6207525532984075,1.901463682474826
PX-1947,1.3021550106500595,False,0.0,False,5.6207525532984075,1.901463682474826
PX-1948,1.0036495403386159,False,0.0,False,5.6207525532984075,1.901463682474826
PX-1949,1.0775308452554953,False,0.0,False,5.6207525532984075,1.901463682474826
PX-1950,1.1935402916667126,False,0.0,False,5.6207525532984075,1.901463682474826
PX-1951,1.2709940925305236,False,0.0,False,5.6207525532984075,1.901463682474826
PX-1952,1.4112710502482475,False,0.0,False,5.6207525532984075,1.901463682474826
PX-1953,1.3053860510521726,False,0.0,False,5.6207525532984075,1.901463682474826
PX-1954,1.3782213619163883,False,0.0,False,5.6207525532984075,1.901463682474826
PX-1955,1.2470443123890504,False,0.0,False,5.6207525532984075,1.901463682474826
PX-1956,1.266973060631793,False,0.0,False,5.6207525532984075,1.901463682474826
PX-1957,1.258641742534337,False,0.0,False,5.6207525532984075,1.901463682474826
PX-1958,1.0824749851181465,False,0.0,False,5.6207525532984075,1.901463682474826
PX-1959,1.1639586457946844,False,0.0,False,5.6207525532984075,1.901463682474826
PX-1960,1.3666340864219855,False,0.0,False,5.6207525532984075,1.901463682474826
PX-1961,1.9687564391951202,False,0.0,False,5.6207525532984075,1.901463682474826
PX-1962,1.9767470717136373,False,0.0,False,5.6207525532984075,1.901463682474826
PX-1963,2.149847261968885,False,0.0,False,5.6207525532984075,1.901463682474826
PX-1964,2.3915407566047264,False,0.0,False,5.6207525532984075,1.901463682474826
PX-1965,2.4503513244974897,False,0.0,False,5.6207525532984075,1.901463682474826
PX-1966,2.5994384566797493,False,0.0,False,5.6207525532984075,1.901463682474826
PX-1967,2.781900373811734,False,0.0,False,5.6207525532984075,1.901463682474826
PX-1968,3.2144823574702297,False,0.0,False,5.6207525532984075,1.901463682474826
PX-1969,3.2020800922470016,False,0.0,False,5.6207525532984075,1.901463682474826
PX-1970,2.9167952899379923,False,0.0,False,5.6207525532984075,1.901463682474826
PX-1971,2.845508883270421,False,0.0,False,5.6207525532984075,1.901463682474826
PX-1972,2.664207292747731,False,0.0,False,5.6207525532984075,1.901463682474826
PX-1973,2.5888463489657614,False,0.0,False,5.6207525532984075,1.901463682474826
PX-1974,2.6491803979046757,False,0.0,False,5.6207525532984075,1.901463682474826
PX-1975,2.569352852467583,False,0.0,False,5.6207525532984075,1.901463682474826
PX-1976,2.1729334583591644,False,0.0,False,5.6207525532984075,1.901463682474826
PX-1977,1.9166496935941417,False,0.0,False,5.6207525532984075,1.901463682474826
PX-1978,1.821196025072032,False,0.0,False,5.6207525532984075,1.901463682474826
PX-1979,1.6925792809906817,False,0.0,False,5.6207525532984075,1.901463682474826
PX-1980,1.311997106641492,False,0.0,False,5.6207525532984075,1.901463682474826
PX-1981,1.0770713523384519,False,0.0,False,5.6207525532984075,1.901463682474826
PX-1982,0.8185544609059114,False,0.0,False,5.6207525532984075,1.901463682474826
PX-1983,0.6177087592069199,False,0.0,False,5.6207525532984075,1.901463682474826
PX-1984,0.35658307050205806,False,0.0,False,5.6207525532984075,1.901463682474826
PX-1985,0.6561906164480149,False,0.0,False,5.6207525532984075,1.901463682474826
PX-1986,0.6947685593723225,False,0.0,False,5.6207525532984075,1.901463682474826
PX-1987,0.7271576262025636,False,0.0,False,5.6207525532984075,1.901463682474826
PX-1988,0.734045185089709,False,0.0,False,5.6207525532984075,1.901463682474826
PX-1989,2.0742728023314125,False,0.0,False,5.6207525532984075,1.901463682474826
PX-1990,0.7583177714340099,False,0.0,False,5.6207525532984075,1.901463682474826
PX-1991,0.5246083745176335,False,0.0,False,5.6207525532984075,1.901463682474826
PX-1992,0.38647824315524204,False,0.0,False,5.6207525532984075,1.901463682474826
PX-1993,0.17601555337477492,False,0.0,False,5.6207525532984075,1.901463682474826
PX-1994,0.20837244824594414,False,0.0,False,5.6207525532984075,1.901463682474826
PX-1995,0.6006323126615882,False,0.0,False,5.6207525532984075,1.901463682474826
PX-1996,1.210113534083444,False,0.0,False,5.6207525532984075,1.901463682474826
PX-1997,1.2528457456527562,False,0.0,False,5.6207525532984075,1.901463682474826
PX-1998,1.1006452618309996,False,0.0,False,5.6207525532984075,1.901463682474826
PX-1999,1.1733961744920993,False,0.0,False,5.6207525532984075,1.901463682474826
PX-2000,1.2863978719912446,False,0.0,False,5.6207525532984075,1.901463682474826
PX-2001,1.6741306701696157,False,0.0,False,5.6207525532984075,1.901463682474826
PX-2002,2.37352602602526,False,0.0,False,5.6207525532984075,1.901463682474826
PX-2003,2.66458106716639,False,0.0,False,5.6207525532984075,1.901463682474826
PX-2004,2.9163411529278633,False,0.0,False,5.6207525532984075,1.901463682474826
PX-2005,2.373334295919319,False,0.0,False,5.6207525532984075,1.901463682474826
PX-2006,2.065350332576118,False,0.0,False,5.6207525532984075,1.901463682474826
PX-2007,2.0287274947709175,False,0.0,False,5.6207525532984075,1.901463682474826
PX-2008,1.885301463201392,False,0.0,False,5.6207525532984075,1.901463682474826
PX-2009,1.6422127632210088,False,0.0,False,5.6207525532984075,1.901463682474826
PX-2010,1.183455705452296,False,0.0,False,5.6207525532984075,1.901463682474826
PX-2011,0.9724789888857686,False,0.0,False,5.6207525532984075,1.901463682474826
PX-2012,0.9336290574689734,False,0.0,False,5.6207525532984075,1.901463682474826
PX-2013,0.9503607495729529,False,0.0,False,5.6207525532984075,1.901463682474826
PX-2014,1.2806990439544474,False,0.0,False,5.6207525532984075,1.901463682474826
PX-2015,1.4449480916893815,False,0.0,False,5.6207525532984075,1.901463682474826
PX-2016,1.58570547918902,False,0.0,False,5.6207525532984075,1.901463682474826
PX-2017,1.6513016155618097,False,0.0,False,5.6207525532984075,1.901463682474826
PX-2018,1.8249983562637002,False,0.0,False,5.6207525532984075,1.901463682474826
PX-2019,1.9882906512264853,False,0.0,False,5.6207525532984075,1.901463682474826
PX-2020,1.9547560937367283,False,0.0,False,5.6207525532984075,1.901463682474826
PX-2021,1.8778618567400844,False,0.0,False,5.6207525532984075,1.901463682474826
PX-2022,1.6749453940889953,False,0.0,False,5.6207525532984075,1.901463682474826
PX-2023,1.364735525719274,False,0.0,False,5.6207525532984075,1.901463682474826
PX-2024,1.4034437732551694,False,0.0,False,5.6207525532984075,1.901463682474826
PX-2025,1.3498169530908193,False,0.0,False,5.6207525532984075,1.901463682474826
PX-2026,1.160976055838642,False,0.0,False,5.6207525532984075,1.901463682474826
PX-2027,1.1600790929530547,False,0.0,False,5.6207525532984075,1.901463682474826
PX-2028,1.1494725402644193,False,0.0,False,5.6207525532984075,1.901463682474826
PX-2029,1.1457977197057243,False,0.0,False,5.6207525532984075,1.901463682474826
PX-2030,0.902925382025682,False,0.0,False,5.6207525532984075,1.901463682474826
PX-2031,0.9821712760447845,False,0.0,False,5.6207525532984075,1.901463682474826
PX-2032,1.3889407920368058,False,0.0,False,5.6207525532984075,1.901463682474826
PX-2033,1.4134172970020575,False,0.0,False,5.6207525532984075,1.901463682474826
PX-2034,1.2503735112872487,False,0.0,False,5.6207525532984075,1.901463682474826
PX-2035,1.4014924190915643,False,0.0,False,5.6207525532984075,1.901463682474826
PX-2036,1.5028547783813515,False,0.0,False,5.6207525532984075,1.901463682474826
PX-2037,1.5056739324176718,False,0.0,False,5.6207525532984075,1.901463682474826
PX-2038,1.3808451909711064,False,0.0,False,5.6207525532984075,1.901463682474826
PX-2039,3.748161670759062,False,0.0,False,5.6207525532984075,1.901463682474826
PX-2040,1.564213028483186,False,0.0,False,5.6207525532984075,1.901463682474826
PX-2041,1.2922503180770395,False,0.0,False,5.6207525532984075,1.901463682474826
PX-2042,1.2242243943534632,False,0.0,False,5.6207525532984075,1.901463682474826
PX-2043,1.3094987269260852,False,0.0,False,5.6207525532984075,1.901463682474826
PX-2044,1.593949171758963,False,0.0,False,5.6207525532984075,1.901463682474826
PX-2045,2.298411832557079,False,0.0,False,5.6207525532984075,1.901463682474826
PX-2046,3.162215297428274,False,0.0,False,5.6207525532984075,1.901463682474826
PX-2047,3.353746110934768,False,0.0,False,5.6207525532984075,1.901463682474826
PX-2048,3.3043775743504753,False,0.0,False,5.6207525532984075,1.901463682474826
PX-2049,3.4381821825391405,False,0.0,False,5.6207525532984075,1.901463682474826
PX-2050,3.2962396201023303,False,0.0,False,5.6207525532984075,1.901463682474826
PX-2051,3.141574669474407,False,0.0,False,5.6207525532984075,1.901463682474826
PX-2052,3.069362076510485,False,0.0,False,5.6207525532984075,1.901463682474826
PX-2053,2.907860872197279,False,0.0,False,5.6207525532984075,1.901463682474826
PX-2054,2.6128063865967306,False,0.0,False,5.6207525532984075,1.901463682474826
PX-2055,1.9608113523326889,False,0.0,False,5.6207525532984075,1.901463682474826
PX-2056,1.5020842136039079,False,0.0,False,5.6207525532984075,1.901463682474826
PX-2057,0.9894612420655928,False,0.0,False,5.6207525532984075,1.901463682474826
PX-2058,0.6355475661220797,False,0.0,False,5.6207525532984075,1.901463682474826
PX-2059,0.4758176782837342,False,0.0,False,5.6207525532984075,1.901463682474826
PX-2060,0.5600640412686779,False,0.0,False,5.6207525532984075,1.901463682474826
PX-2061,0.7943208241474,False,0.0,False,5.6207525532984075,1.901463682474826
PX-2062,0.997774071126166,False,0.0,False,5.6207525532984075,1.901463682474826
PX-2063,1.202346497461349,False,0.0,False,5.6207525532984075,1.901463682474826
PX-2064,1.5733346206645038,False,0.0,False,5.6207525532984075,1.901463682474826
PX-2065,1.7784804388723536,False,0.0,False,5.6207525532984075,1.901463682474826
PX-2066,2.36468153225268,False,0.0,False,5.6207525532984075,1.901463682474826
PX-2067,2.5427891010347334,False,0.0,False,5.6207525532984075,1.901463682474826
PX-2068,2.618665267962344,False,0.0,False,5.6207525532984075,1.901463682474826
PX-2069,2.6842294824951782,False,0.0,False,5.6207525532984075,1.901463682474826
PX-2070,2.85084355414304,False,0.0,False,5.6207525532984075,1.901463682474826
PX-2071,3.1442451666642643,False,0.0,False,5.6207525532984075,1.901463682474826
PX-2072,3.3445718075753366,False,0.0,False,5.6207525532984075,1.901463682474826
PX-2073,3.2945592950162688,False,0.0,False,5.6207525532984075,1.901463682474826
PX-2074,3.1045274196976376,False,0.0,False,5.6207525532984075,1.901463682474826
PX-2075,2.5522733188540254,False,0.0,False,5.6207525532984075,1.901463682474826
PX-2076,2.0916345309583093,False,0.0,False,5.6207525532984075,1.901463682474826
PX-2077,1.7082398173531406,False,0.0,False,5.6207525532984075,1.901463682474826
PX-2078,1.294041592461113,False,0.0,False,5.6207525532984075,1.901463682474826
PX-2079,0.9209413469659733,False,0.0,False,5.6207525532984075,1.901463682474826
PX-2080,0.28098051165283877,False,0.0,False,5.6207525532984075,1.901463682474826
PX-2081,-0.09787180667007611,False,0.0,False,5.6207525532984075,1.901463682474826
PX-2082,-0.2943769149790434,False,0.0,False,5.6207525532984075,1.901463682474826
PX-2083,-0.2248964405203857,False,0.0,False,5.6207525532984075,1.901463682474826
PX-2084,-0.24529235499803193,False,0.0,False,5.6207525532984075,1.901463682474826
PX-2085,-0.11156975549244841,False,0.0,False,5.6207525532984075,1.901463682474826
PX-2086,0.03806799540231509,False,0.0,False,5.6207525532984075,1.901463682474826
PX-2087,0.17165156248077018,False,0.0,False,5.6207525532984075,1.901463682474826
PX-2088,0.07693716891352409,False,0.0,False,5.6207525532984075,1.901463682474826
PX-2089,3.4476886582902235,False,0.0,False,5.6207525532984075,1.901463682474826
PX-2090,-0.4265674265110313,False,0.0,False,5.6207525532984075,1.901463682474826
PX-2091,-0.6861912475200622,False,0.0,False,5.6207525532984075,1.901463682474826
PX-2092,-1.025565682069848,False,0.0,False,5.6207525532984075,1.901463682474826
PX-2093,-1.2359213411562031,False,0.0,False,5.6207525532984075,1.901463682474826
PX-2094,-0.9638521243704705,False,0.0,False,5.6207525532984075,1.901463682474826
PX-2095,-0.27480741700593825,False,0.0,False,5.6207525532984075,1.901463682474826
PX-2096,0.27641646130946107,False,0.0,False,5.6207525532984075,1.901463682474826
PX-2097,0.3983674390437617,False,0.0,False,5.6207525532984075,1.901463682474826
PX-2098,-0.01910689215708139,False,0.0,False,5.6207525532984075,1.901463682474826
PX-2099,-0.1483239783603718,False,0.0,False,5.6207525532984075,1.901463682474826
PX-2100,-0.12915933828975845,False,0.0,False,5.6207525532984075,1.901463682474826
PX-2101,-0.009743333851053748,False,0.0,False,5.6207525532984075,1.901463682474826
PX-2102,0.5265154521382414,False,0.0,False,5.6207525532984075,1.901463682474826
PX-2103,0.8591808548442668,False,0.0,False,5.6207525532984075,1.901463682474826
PX-2104,1.1032978365023745,False,0.0,False,5.6207525532984075,1.901463682474826
PX-2105,1.0606196999942856,False,0.0,False,5.6207525532984075,1.901463682474826
PX-2106,1.0767157574635142,False,0.0,False,5.6207525532984075,1.901463682474826
PX-2107,1.1869046191716741,False,0.0,False,5.6207525532984075,1.901463682474826
PX-2108,1.301792594683441,False,0.0,False,5.6207525532984075,1.901463682474826
PX-2109,1.258076913479135,False,0.0,False,5.6207525532984075,1.901463682474826
PX-2110,1.0502579748325118,False,0.0,False,5.6207525532984075,1.901463682474826
PX-2111,0.7937178642700502,False,0.0,False,5.6207525532984075,1.901463682474826
PX-2112,0.5181305209130187,False,0.0,False,5.6207525532984075,1.901463682474826
PX-2113,0.4230669734836283,False,0.0,False,5.6207525532984075,1.901463682474826
PX-2114,0.7928061084303923,False,0.0,False,5.6207525532984075,1.901463682474826
PX-2115,2.825082377005991,False,0.0,False,5.6207525532984075,1.901463682474826
PX-2116,3.2795301911347963,False,0.0,False,5.6207525532984075,1.901463682474826
PX-2117,3.852433337169515,False,0.0,False,5.6207525532984075,1.901463682474826
PX-2118,4.010834350765911,False,0.0,False,5.6207525532984075,1.901463682474826
PX-2119,4.2617923778804645,False,0.0,False,5.6207525532984075,1.901463682474826
PX-2120,4.226721771333997,False,0.0,False,5.6207525532984075,1.901463682474826
PX-2121,3.956255388440084,False,0.0,False,5.6207525532984075,1.901463682474826
PX-2122,3.8898701014938535,False,0.0,False,5.6207525532984075,1.901463682474826
PX-2123,4.020370735071149,False,0.0,False,5.6207525532984075,1.901463682474826
PX-2124,4.02991988137016,False,0.0,False,5.6207525532984075,1.901463682474826
PX-2125,3.9061872123218873,False,0.0,False,5.6207525532984075,1.901463682474826
PX-2126,3.5429993599679364,False,0.0,False,5.6207525532984075,1.901463682474826
PX-2127,3.5268550629345015,False,0.0,False,5.6207525532984075,1.901463682474826
PX-2128,3.5167448778996437,False,0.0,False,5.6207525532984075,1.901463682474826
PX-2129,3.546956470641568,False,0.0,False,5.6207525532984075,1.901463682474826
PX-2130,3.734887977628235,False,0.0,False,5.6207525532984075,1.901463682474826
PX-2131,3.9563121025836754,False,0.0,False,5.6207525532984075,1.901463682474826
PX-2132,3.5064810600789684,False,0.0,False,5.6207525532984075,1.901463682474826
PX-2133,3.0052264798233566,False,0.0,False,5.6207525532984075,1.901463682474826
PX-2134,2.557294182247759,False,0.0,False,5.6207525532984075,1.901463682474826
PX-2135,2.537700854121212,False,0.0,False,5.6207525532984075,1.901463682474826
PX-2136,2.6056099154281895,False,0.0,False,5.6207525532984075,1.901463682474826
PX-2137,2.5090084150643097,False,0.0,False,5.6207525532984075,1.901463682474826
PX-2138,2.6880846793274227,False,0.0,False,5.6207525532984075,1.901463682474826
PX-2139,7.0433521462225155,True,1.0,False,5.6207525532984075,1.901463682474826
PX-2140,1.62335593525723,False,0.0,False,5.6207525532984075,1.901463682474826
PX-2141,1.5370399749832213,False,0.0,False,5.6207525532984075,1.901463682474826
PX-2142,1.4735294267031023,False,0.0,False,5.6207525532984075,1.901463682474826
PX-2143,1.365605759779985,False,0.0,False,5.6207525532984075,1.901463682474826
PX-2144,1.602228061242359,False,0.0,False,5.6207525532984075,1.901463682474826
PX-2145,2.213285043264852,False,0.0,False,5.6207525532984075,1.901463682474826
PX-2146,3.0212555836038675,False,0.0,False,5.6207525532984075,1.901463682474826
PX-2147,2.84173634026207,False,0.0,False,5.6207525532984075,1.901463682474826
PX-2148,2.2308382507914217,False,0.0,False,5.6207525532984075,1.901463682474826
PX-2149,0.9997986744476375,False,0.0,False,5.6207525532984075,1.901463682474826
PX-2150,0.21922938948715753,False,0.0,False,5.6207525532984075,1.901463682474826
PX-2151,-0.13310291199342394,False,0.0,False,5.6207525532984075,1.901463682474826
PX-2152,-0.10029762435589973,False,0.0,False,5.6207525532984075,1.901463682474826
PX-2153,0.027612718021142513,False,0.0,False,5.6207525532984075,1.901463682474826
PX-2154,0.012858902752594048,False,0.0,False,5.6207525532984075,1.901463682474826
PX-2155,-0.03907564809404107,False,0.0,False,5.6207525532984075,1.901463682474826
PX-2156,0.16340742373922268,False,0.0,False,5.6207525532984075,1.901463682474826
PX-2157,0.24466567490605406,False,0.0,False,5.6207525532984075,1.901463682474826
PX-2158,0.2964821262502415,False,0.0,False,5.6207525532984075,1.901463682474826
PX-2159,-0.037395842262093026,False,0.0,False,5.6207525532984075,1.901463682474826
PX-2160,-0.28275324157832493,False,0.0,False,5.6207525532984075,1.901463682474826
PX-2161,-0.46669592893488954,False,0.0,False,5.6207525532984075,1.901463682474826
PX-2162,-0.5496776388423186,False,0.0,False,5.6207525532984075,1.901463682474826
PX-2163,-0.3779665896978308,False,0.0,False,5.6207525532984075,1.901463682474826
PX-2164,-0.12977790660304045,False,0.0,False,5.6207525532984075,1.901463682474826
PX-2165,-0.09756095218473426,False,0.0,False,5.6207525532984075,1.901463682474826
PX-2166,0.20332369605267964,False,0.0,False,5.6207525532984075,1.901463682474826
PX-2167,0.3363892458824793,False,0.0,False,5.6207525532984075,1.901463682474826
PX-2168,0.6061974770907632,False,0.0,False,5.6207525532984075,1.901463682474826
PX-2169,0.6621838432627563,False,0.0,False,5.6207525532984075,1.901463682474826
PX-2170,0.8563414314695219,False,0.0,False,5.6207525532984075,1.901463682474826
PX-2171,0.8551705027273613,False,0.0,False,5.6207525532984075,1.901463682474826
PX-2172,0.751364342566605,False,0.0,False,5.6207525532984075,1.901463682474826
PX-2173,0.6622280401532805,False,0.0,False,5.6207525532984075,1.901463682474826
PX-2174,0.5690782119445412,False,0.0,False,5.6207525532984075,1.901463682474826
PX-2175,0.5927841589809795,False,0.0,False,5.6207525532984075,1.901463682474826
PX-2176,0.440863241143834,False,0.0,False,5.6207525532984075,1.901463682474826
PX-2177,0.21408894458918049,False,0.0,False,5.6207525532984075,1.901463682474826
PX-2178,0.1601328627094638,False,0.0,False,5.6207525532984075,1.901463682474826
PX-2179,0.02736544589080303,False,0.0,False,5.6207525532984075,1.901463682474826
PX-2180,0.0881304311275759,False,0.0,False,5.6207525532984075,1.901463682474826
PX-2181,0.17724532091546763,False,0.0,False,5.6207525532984075,1.901463682474826
PX-2182,-0.010132559637494154,False,0.0,False,5.6207525532984075,1.901463682474826
PX-2183,-0.045142831874940725,False,0.0,False,5.6207525532984075,1.901463682474826
PX-2184,-0.5121659523401227,False,0.0,False,5.6207525532984075,1.901463682474826
PX-2185,-0.2979565488657965,False,0.0,False,5.6207525532984075,1.901463682474826
PX-2186,0.05143175209611606,False,0.0,False,5.6207525532984075,1.901463682474826
PX-2187,0.22662011916067648,False,0.0,False,5.6207525532984075,1.901463682474826
PX-2188,0.618820515251711,False,0.0,False,5.6207525532984075,1.901463682474826
PX-2189,7.755488842350736,True,1.0,False,5.6207525532984075,1.901463682474826
PX-2190,-0.6299548636922996,False,0.0,False,5.6207525532984075,1.901463682474826
PX-2191,-0.5619395050012788,False,0.0,False,5.6207525532984075,1.901463682474826
PX-2192,-0.6143676394494069,False,0.0,False,5.6207525532984075,1.901463682474826
PX-2193,-0.5365652315395568,False,0.0,False,5.6207525532984075,1.901463682474826
PX-2194,-0.25292104927223846,False,0.0,False,5.6207525532984075,1.901463682474826
PX-2195,0.6058414240249341,False,0.0,False,5.6207525532984075,1.901463682474826
PX-2196,1.3529076900022154,False,0.0,False,5.6207525532984075,1.901463682474826
PX-2197,1.383190837111723,False,0.0,False,5.6207525532984075,1.901463682474826
PX-2198,1.0900842668370174,False,0.0,False,5.6207525532984075,1.901463682474826
PX-2199,0.8883458645134645,False,0.0,False,5.6207525532984075,1.901463682474826
PX-2200,0.936372570128114,False,0.0,False,5.6207525532984075,1.901463682474826
PX-2201,1.0468838071423487,False,0.0,False,5.6207525532984075,1.901463682474826
PX-2202,1.186209736485619,False,0.0,False,5.6207525532984075,1.901463682474826
PX-2203,1.1511824949707208,False,0.0,False,5.6207525532984075,1.901463682474826
PX-2204,0.9059069381998697,False,0.0,False,5.6207525532984075,1.901463682474826
PX-2205,0.7450692079550727,False,0.0,False,5.6207525532984075,1.901463682474826
PX-2206,0.9066888737410448,False,0.0,False,5.6207525532984075,1.901463682474826
PX-2207,1.1677919782685269,False,0.0,False,5.6207525532984075,1.901463682474826
PX-2208,1.3402891493974884,False,0.0,False,5.6207525532984075,1.901463682474826
PX-2209,1.1467969250181262,False,0.0,False,5.6207525532984075,1.901463682474826
PX-2210,0.93302108248308,False,0.0,False,5.6207525532984075,1.901463682474826
PX-2211,1.001804323269111,False,0.0,False,5.6207525532984075,1.901463682474826
PX-2212,1.2450540590161019,False,0.0,False,5.6207525532984075,1.901463682474826
PX-2213,1.4295667219306303,False,0.0,False,5.6207525532984075,1.901463682474826
PX-2214,1.8775970720796913,False,0.0,False,5.6207525532984075,1.901463682474826
PX-2215,2.0196885781869813,False,0.0,False,5.6207525532984075,1.901463682474826
PX-2216,2.050489228752351,False,0.0,False,5.6207525532984075,1.901463682474826
PX-2217,2.4202939941554718,False,0.0,False,5.6207525532984075,1.901463682474826
PX-2218,2.919554540982457,False,0.0,False,5.6207525532984075,1.901463682474826
PX-2219,3.107565937949941,False,0.0,False,5.6207525532984075,1.901463682474826
PX-2220,3.253107250292251,False,0.0,False,5.6207525532984075,1.901463682474826
PX-2221,3.091243884578221,False,0.0,False,5.6207525532984075,1.901463682474826
PX-2222,2.8324901924247285,False,0.0,False,5.6207525532984075,1.901463682474826
PX-2223,2.660519579613453,False,0.0,False,5.6207525532984075,1.901463682474826
PX-2224,2.47382746616106,False,0.0,False,5.6207525532984075,1.901463682474826
PX-2225,2.5580971821457013,False,0.0,False,5.6207525532984075,1.901463682474826
PX-2226,2.1426284531732005,False,0.0,False,5.6207525532984075,1.901463682474826
PX-2227,1.5665589797385877,False,0.0,False,5.6207525532984075,1.901463682474826
PX-2228,1.3609495993987313,False,0.0,False,5.6207525532984075,1.901463682474826
PX-2229,1.1807326921884833,False,0.0,False,5.6207525532984075,1.901463682474826
PX-2230,1.3251130487004907,False,0.0,False,5.6207525532984075,1.901463682474826
PX-2231,1.4851085352422473,False,0.0,False,5.6207525532984075,1.901463682474826
PX-2232,1.2851199436739815,False,0.0,False,5.6207525532984075,1.901463682474826
PX-2233,1.0919066705592382,False,0.0,False,5.6207525532984075,1.901463682474826
PX-2234,0.6637017701472079,False,0.0,False,5.6207525532984075,1.901463682474826
PX-2235,0.7510653468449693,False,0.0,False,5.6207525532984075,1.901463682474826
PX-2236,0.9426223665596201,False,0.0,False,5.6207525532984075,1.901463682474826
PX-2237,0.9570566612199887,False,0.0,False,5.6207525532984075,1.901463682474826
PX-2238,1.0528203329204668,False,0.0,False,5.6207525532984075,1.901463682474826
PX-2239,-0.10487042688726333,False,0.0,False,5.6207525532984075,1.901463682474826
PX-2240,-0.3222802929291184,False,0.0,False,5.6207525532984075,1.901463682474826
PX-2241,-0.5954821298083193,False,0.0,False,5.6207525532984075,1.901463682474826
PX-2242,-0.12165738174518914,False,0.0,False,5.6207525532984075,1.901463682474826
PX-2243,0.5937366376352688,False,0.0,False,5.6207525532984075,1.901463682474826
PX-2244,1.279535608184034,False,0.0,False,5.6207525532984075,1.901463682474826
PX-2245,1.5422451794561773,False,0.0,False,5.6207525532984075,1.901463682474826
PX-2246,1.411337672217421,False,0.0,False,5.6207525532984075,1.901463682474826
PX-2247,1.1935789372187706,False,0.0,False,5.6207525532984075,1.901463682474826
PX-2248,1.317144144438192,False,0.0,False,5.6207525532984075,1.901463682474826
PX-2249,1.4747452351637822,False,0.0,False,5.6207525532984075,1.901463682474826
PX-2250,1.630876798254782,False,0.0,False,5.6207525532984075,1.901463682474826
PX-2251,1.588659246276956,False,0.0,False,5.6207525532984075,1.901463682474826
PX-2252,1.3326991304486615,False,0.0,False,5.6207525532984075,1.901463682474826
PX-2253,1.2660177539989146,False,0.0,False,5.6207525532984075,1.901463682474826
PX-2254,1.3802924757688153,False,0.0,False,5.6207525532984075,1.901463682474826
PX-2255,1.6996138693468463,False,0.0,False,5.6207525532984075,1.901463682474826
PX-2256,1.8647040364787184,False,0.0,False,5.6207525532984075,1.901463682474826
PX-2257,1.6454143210525842,False,0.0,False,5.6207525532984075,1.901463682474826
PX-2258,1.4330676429898954,False,0.0,False,5.6207525532984075,1.901463682474826
PX-2259,1.4885092789692251,False,0.0,False,5.6207525532984075,1.901463682474826
PX-2260,1.5980557616269113,False,0.0,False,5.6207525532984075,1.901463682474826
PX-2261,1.8093066542948328,False,0.0,False,5.6207525532984075,1.901463682474826
PX-2262,1.6885395342714595,False,0.0,False,5.6207525532984075,1.901463682474826
PX-2263,1.6599903905780113,False,0.0,False,5.6207525532984075,1.901463682474826
PX-2264,1.8621360261872208,False,0.0,False,5.6207525532984075,1.901463682474826
PX-2265,2.057196384180937,False,0.0,False,5.6207525532984075,1.901463682474826
PX-2266,2.1181885961530362,False,0.0,False,5.6207525532984075,1.901463682474826
PX-2267,2.03535737819443,False,0.0,False,5.6207525532984075,1.901463682474826
PX-2268,2.0867290000048424,False,0.0,False,5.6207525532984075,1.901463682474826
PX-2269,1.8693751064011206,False,0.0,False,5.6207525532984075,1.901463682474826
PX-2270,1.6933550791137737,False,0.0,False,5.6207525532984075,1.901463682474826
PX-2271,1.611046739011302,False,0.0,False,5.6207525532984075,1.901463682474826
PX-2272,1.334923203028234,False,0.0,False,5.6207525532984075,1.901463682474826
PX-2273,1.2221835270282604,False,0.0,False,5.6207525532984075,1.901463682474826
PX-2274,0.9632958432615926,False,0.0,False,5.6207525532984075,1.901463682474826
PX-2275,0.7941119464930946,False,0.0,False,5.6207525532984075,1.901463682474826
PX-2276,0.7495272332498093,False,0.0,False,5.6207525532984075,1.901463682474826
PX-2277,0.4675390769005432,False,0.0,False,5.6207525532984075,1.901463682474826
PX-2278,0.540530536111639,False,0.0,False,5.6207525532984075,1.901463682474826
PX-2279,0.4829316010434521,False,0.0,False,5.6207525532984075,1.901463682474826
PX-2280,0.3129235171357987,False,0.0,False,5.6207525532984075,1.901463682474826
PX-2281,0.45373174958941576,False,0.0,False,5.6207525532984075,1.901463682474826
PX-2282,0.05084930594238912,False,0.0,False,5.6207525532984075,1.901463682474826
PX-2283,0.10833959088697043,False,0.0,False,5.6207525532984075,1.901463682474826
PX-2284,0.31459130009608316,False,0.0,False,5.6207525532984075,1.901463682474826
PX-2285,0.37964159617952653,False,0.0,False,5.6207525532984075,1.901463682474826
PX-2286,1.13211913168365,False,0.0,False,5.6207525532984075,1.901463682474826
PX-2287,-0.08271177018456655,False,0.0,False,5.6207525532984075,1.901463682474826
PX-2288,0.35625620968860083,False,0.0,False,5.6207525532984075,1.901463682474826
PX-2289,1.4958726448180677,False,0.0,False,5.6207525532984075,1.901463682474826
PX-2290,2.2177272281164804,False,0.0,False,5.6207525532984075,1.901463682474826
PX-2291,2.590036892710991,False,0.0,False,5.6207525532984075,1.901463682474826
PX-2292,2.3204574274603065,False,0.0,False,5.6207525532984075,1.901463682474826
PX-2293,1.888975957291855,False,0.0,False,5.6207525532984075,1.901463682474826
PX-2294,1.9063307580103235,False,0.0,False,5.6207525532984075,1.901463682474826
PX-2295,2.016753370196138,False,0.0,False,5.6207525532984075,1.901463682474826
PX-2296,2.4990731068114904,False,0.0,False,5.6207525532984075,1.901463682474826
PX-2297,2.785060383030526,False,0.0,False,5.6207525532984075,1.901463682474826
PX-2298,2.6022563251022692,False,0.0,False,5.6207525532984075,1.901463682474826
PX-2299,2.419841804326559,False,0.0,False,5.6207525532984075,1.901463682474826
PX-2300,2.475000501250843,False,0.0,False,5.6207525532984075,1.901463682474826
PX-2301,2.8699437479944354,False,0.0,False,5.6207525532984075,1.901463682474826
PX-2302,3.167068350233185,False,0.0,False,5.6207525532984075,1.901463682474826
PX-2303,3.4262789223430516,False,0.0,False,5.6207525532984075,1.901463682474826
PX-2304,3.2478314033727855,False,0.0,False,5.6207525532984075,1.901463682474826
PX-2305,3.224162322923318,False,0.0,False,5.6207525532984075,1.901463682474826
PX-2306,3.2602757331188847,False,0.0,False,5.6207525532984075,1.901463682474826
PX-2307,3.081713959273028,False,0.0,False,5.6207525532984075,1.901463682474826
PX-2308,3.0600346286690048,False,0.0,False,5.6207525532984075,1.901463682474826
PX-2309,2.9482447042201727,False,0.0,False,5.6207525532984075,1.901463682474826
PX-2310,2.7779396693759093,False,0.0,False,5.6207525532984075,1.901463682474826
PX-2311,2.590165466524276,False,0.0,False,5.6207525532984075,1.901463682474826
PX-2312,2.209745749920666,False,0.0,False,5.6207525532984075,1.901463682474826
PX-2313,1.8845661502620956,False,0.0,False,5.6207525532984075,1.901463682474826
PX-2314,1.4647917807337656,False,0.0,False,5.6207525532984075,1.901463682474826
PX-2315,1.1196304172288691,False,0.0,False,5.6207525532984075,1.901463682474826
PX-2316,0.9877999212625728,False,0.0,False,5.6207525532984075,1.901463682474826
PX-2317,1.0702584898815495,False,0.0,False,5.6207525532984075,1.901463682474826
PX-2318,1.0750217858186595,False,0.0,False,5.6207525532984075,1.901463682474826
PX-2319,1.3109387141255109,False,0.0,False,5.6207525532984075,1.901463682474826
PX-2320,1.286675064893787,False,0.0,False,5.6207525532984075,1.901463682474826
PX-2321,1.2092013652405953,False,0.0,False,5.6207525532984075,1.901463682474826
PX-2322,1.1626464543140802,False,0.0,False,5.6207525532984075,1.901463682474826
PX-2323,1.2975632622513853,False,0.0,False,5.6207525532984075,1.901463682474826
PX-2324,1.2319645154939884,False,0.0,False,5.6207525532984075,1.901463682474826
PX-2325,1.1026766863883477,False,0.0,False,5.6207525532984075,1.901463682474826
PX-2326,0.9662559583461547,False,0.0,False,5.6207525532984075,1.901463682474826
PX-2327,0.9946744285065527,False,0.0,False,5.6207525532984075,1.901463682474826
PX-2328,0.8784012544493169,False,0.0,False,5.6207525532984075,1.901463682474826
PX-2329,1.1935309197368138,False,0.0,False,5.6207525532984075,1.901463682474826
PX-2330,1.211031148967674,False,0.0,False,5.6207525532984075,1.901463682474826
PX-2331,1.230663800902768,False,0.0,False,5.6207525532984075,1.901463682474826
PX-2332,1.5935805656037587,False,0.0,False,5.6207525532984075,1.901463682474826
PX-2333,1.6234289420214978,False,0.0,False,5.6207525532984075,1.901463682474826
PX-2334,2.232342029377916,False,0.0,False,5.6207525532984075,1.901463682474826
PX-2335,2.3590740130935313,False,0.0,False,5.6207525532984075,1.901463682474826
PX-2336,2.111414815062714,False,0.0,False,5.6207525532984075,1.901463682474826
PX-2337,1.3155239337788487,False,0.0,False,5.6207525532984075,1.901463682474826
PX-2338,0.961934629767585,False,0.0,False,5.6207525532984075,1.901463682474826
PX-2339,0.8179642812861783,False,0.0,False,5.6207525532984075,1.901463682474826
PX-2340,1.2701770375687396,False,0.0,False,5.6207525532984075,1.901463682474826
PX-2341,1.4028376072146056,False,0.0,False,5.6207525532984075,1.901463682474826
PX-2342,1.123702576855047,False,0.0,False,5.6207525532984075,1.901463682474826
PX-2343,0.7109425348307692,False,0.0,False,5.6207525532984075,1.901463682474826
PX-2344,0.6261887357194453,False,0.0,False,5.6207525532984075,1.901463682474826
PX-2345,0.5769889236042332,False,0.0,False,5.6207525532984075,1.901463682474826
PX-2346,0.7668691713352889,False,0.0,False,5.6207525532984075,1.901463682474826
PX-2347,0.5519311880936844,False,0.0,False,5.6207525532984075,1.901463682474826
PX-2348,0.18057313866906632,False,0.0,False,5.6207525532984075,1.901463682474826
PX-2349,-0.1876616080985105,False,0.0,False,5.6207525532984075,1.901463682474826
PX-2350,-0.36334423808041905,False,0.0,False,5.6207525532984075,1.901463682474826
PX-2351,-0.13048717885401828,False,0.0,False,5.6207525532984075,1.901463682474826
PX-2352,0.19175532176417676,False,0.0,False,5.6207525532984075,1.901463682474826
PX-2353,0.3365826453753247,False,0.0,False,5.6207525532984075,1.901463682474826
PX-2354,0.5935004554216832,False,0.0,False,5.6207525532984075,1.901463682474826
PX-2355,0.6794311535718158,False,0.0,False,5.6207525532984075,1.901463682474826
PX-2356,0.8013631314268093,False,0.0,False,5.6207525532984075,1.901463682474826
PX-2357,0.7893416813817176,False,0.0,False,5.6207525532984075,1.901463682474826
PX-2358,0.9016118933475976,False,0.0,False,5.6207525532984075,1.901463682474826
PX-2359,1.0476840509358158,False,0.0,False,5.6207525532984075,1.901463682474826
PX-2360,1.1359805977921695,False,0.0,False,5.6207525532984075,1.901463682474826
PX-2361,1.2398684187072657,False,0.0,False,5.6207525532984075,1.901463682474826
PX-2362,0.9974448009139465,False,0.0,False,5.6207525532984075,1.901463682474826
PX-2363,0.9774787348005933,False,0.0,False,5.6207525532984075,1.901463682474826
PX-2364,0.8549510926914081,False,0.0,False,5.6207525532984075,1.901463682474826
PX-2365,0.8167199602626312,False,0.0,False,5.6207525532984075,1.901463682474826
PX-2366,0.9553886271550578,False,0.0,False,5.6207525532984075,1.901463682474826
PX-2367,0.7895134301937521,False,0.0,False,5.6207525532984075,1.901463682474826
PX-2368,0.7355590033324919,False,0.0,False,5.6207525532984075,1.901463682474826
PX-2369,0.406690765261569,False,0.0,False,5.6207525532984075,1.901463682474826
PX-2370,0.15791128950027833,False,0.0,False,5.6207525532984075,1.901463682474826
PX-2371,0.2775630539164009,False,0.0,False,5.6207525532984075,1.901463682474826
PX-2372,-0.07360618553349241,False,0.0,False,5.6207525532984075,1.901463682474826
PX-2373,1.6842414673271975,False,0.0,False,5.6207525532984075,1.901463682474826
PX-2374,1.7272156483156778,False,0.0,False,5.6207525532984075,1.901463682474826
PX-2375,1.8794005963095568,False,0.0,False,5.6207525532984075,1.901463682474826
PX-2376,3.1008168093911213,False,0.0,False,5.6207525532984075,1.901463682474826
PX-2377,3.859987223933379,False,0.0,False,5.6207525532984075,1.901463682474826
PX-2378,3.9096200906628518,False,0.0,False,5.6207525532984075,1.901463682474826
PX-2379,3.664286312649441,False,0.0,False,5.6207525532984075,1.901463682474826
PX-2380,3.5130873645604392,False,0.0,False,5.6207525532984075,1.901463682474826
PX-2381,3.2836690874243235,False,0.0,False,5.6207525532984075,1.901463682474826
PX-2382,3.5904521809325463,False,0.0,False,5.6207525532984075,1.901463682474826
PX-2383,3.727156613223862,False,0.0,False,5.6207525532984075,1.901463682474826
PX-2384,3.789392623448581,False,0.0,False,5.6207525532984075,1.901463682474826
PX-2385,3.4868735997260334,False,0.0,False,5.6207525532984075,1.901463682474826
PX-2386,3.4036753543623437,False,0.0,False,5.6207525532984075,1.901463682474826
PX-2387,3.6489643495954205,False,0.0,False,5.6207525532984075,1.901463682474826
PX-2388,3.9676638726654563,False,0.0,False,5.6207525532984075,1.901463682474826
PX-2389,4.068192545056762,False,0.0,False,5.6207525532984075,1.901463682474826
PX-2390,4.105574178085051,False,0.0,False,5.6207525532984075,1.901463682474826
PX-2391,3.8802312508735284,False,0.0,False,5.6207525532984075,1.901463682474826
PX-2392,3.4292685866797754,False,0.0,False,5.6207525532984075,1.901463682474826
PX-2393,2.9916527885095228,False,0.0,False,5.6207525532984075,1.901463682474826
PX-2394,3.0067390647355428,False,0.0,False,5.6207525532984075,1.901463682474826
PX-2395,3.0030328116742098,False,0.0,False,5.6207525532984075,1.901463682474826
PX-2396,2.976093041658455,False,0.0,False,5.6207525532984075,1.901463682474826
PX-2397,2.997444424878964,False,0.0,False,5.6207525532984075,1.901463682474826
PX-2398,3.2129706732956578,False,0.0,False,5.6207525532984075,1.901463682474826
PX-2399,3.2921046910423186,False,0.0,False,5.6207525532984075,1.901463682474826
PX-2400,3.148286885885897,False,0.0,False,5.6207525532984075,1.901463682474826
PX-2401,3.0501302563298083,False,0.0,False,5.6207525532984075,1.901463682474826
PX-2402,3.087902054856592,False,0.0,False,5.6207525532984075,1.901463682474826
PX-2403,3.0834881215309498,False,0.0,False,5.6207525532984075,1.901463682474826
PX-2404,2.876542411393224,False,0.0,False,5.6207525532984075,1.901463682474826
PX-2405,2.861887896157734,False,0.0,False,5.6207525532984075,1.901463682474826
PX-2406,2.7077247881112037,False,0.0,False,5.6207525532984075,1.901463682474826
PX-2407,3.00551528850988,False,0.0,False,5.6207525532984075,1.901463682474826
PX-2408,1.9870939051077023,False,0.0,False,5.6207525532984075,1.901463682474826
PX-2409,0.7498727158955969,False,0.0,False,5.6207525532984075,1.901463682474826
PX-2410,-0.06264346346922345,False,0.0,False,5.6207525532984075,1.901463682474826
PX-2411,-0.49727360853644775,False,0.0,False,5.6207525532984075,1.901463682474826
PX-2412,-0.7522231723849142,False,0.0,False,5.6207525532984075,1.901463682474826
PX-2413,-0.6799858478407348,False,0.0,False,5.6207525532984075,1.901463682474826
PX-2414,-0.8885588793516401,False,0.0,False,5.6207525532984075,1.901463682474826
PX-2415,-0.6970620911793706,False,0.0,False,5.6207525532984075,1.901463682474826
PX-2416,-0.6608288132429596,False,0.0,False,5.6207525532984075,1.901463682474826
PX-2417,-1.0950591188344756,False,0.0,False,5.6207525532984075,1.901463682474826
PX-2418,0.33196164486396285,False,0.0,False,5.6207525532984075,1.901463682474826
PX-2419,0.6599470287065525,False,0.0,False,5.6207525532984075,1.901463682474826
PX-2420,0.9888357188682129,False,0.0,False,5.6207525532984075,1.901463682474826
PX-2421,0.6178203322844578,False,0.0,False,5.6207525532984075,1.901463682474826
PX-2422,0.36782780341264854,False,0.0,False,5.6207525532984075,1.901463682474826
PX-2423,0.34781324242788614,False,0.0,False,5.6207525532984075,1.901463682474826
PX-2424,0.5806432109052668,False,0.0,False,5.6207525532984075,1.901463682474826
PX-2425,0.3024276358016813,False,0.0,False,5.6207525532984075,1.901463682474826
PX-2426,0.08434026922639148,False,0.0,False,5.6207525532984075,1.901463682474826
PX-2427,-0.32214191688215976,False,0.0,False,5.6207525532984075,1.901463682474826
PX-2428,-0.30286805541495454,False,0.0,False,5.6207525532984075,1.901463682474826
PX-2429,-0.623164268251335,False,0.0,False,5.6207525532984075,1.901463682474826
PX-2430,-0.33021281920072454,False,0.0,False,5.6207525532984075,1.901463682474826
PX-2431,-0.19096997912152425,False,0.0,False,5.6207525532984075,1.901463682474826
PX-2432,-0.22865114096612338,False,0.0,False,5.6207525532984075,1.901463682474826
PX-2433,-0.3966718666875426,False,0.0,False,5.6207525532984075,1.901463682474826
PX-2434,-0.3436630568439618,False,0.0,False,5.6207525532984075,1.901463682474826
PX-2435,-0.17419818579320356,False,0.0,False,5.6207525532984075,1.901463682474826
PX-2436,0.14474180248911317,False,0.0,False,5.6207525532984075,1.901463682474826
PX-2437,0.39877941413102747,False,0.0,False,5.6207525532984075,1.901463682474826
PX-2438,0.786709907691943,False,0.0,False,5.6207525532984075,1.901463682474826
PX-2439,1.0981953176358594,False,0.0,False,5.6207525532984075,1.901463682474826
PX-2440,1.2926254191879245,False,0.0,False,5.6207525532984075,1.901463682474826
PX-2441,1.2509433850033584,False,0.0,False,5.6207525532984075,1.901463682474826
PX-2442,1.3186943546543546,False,0.0,False,5.6207525532984075,1.901463682474826
PX-2443,1.2051147596783558,False,0.0,False,5.6207525532984075,1.901463682474826
PX-2444,0.9380416062479853,False,0.0,False,5.6207525532984075,1.901463682474826
PX-2445,0.9022104834641933,False,0.0,False,5.6207525532984075,1.901463682474826
PX-2446,0.75042300945859,False,0.0,False,5.6207525532984075,1.901463682474826
PX-2447,0.7771366884772224,False,0.0,False,5.6207525532984075,1.901463682474826
PX-2448,0.6219173017645936,False,0.0,False,5.6207525532984075,1.901463682474826
PX-2449,0.5367892810176365,False,0.0,False,5.6207525532984075,1.901463682474826
PX-2450,0.605302717977585,False,0.0,False,5.6207525532984075,1.901463682474826
PX-2451,0.6306032824029515,False,0.0,False,5.6207525532984075,1.901463682474826
PX-2452,1.0025101589096082,False,0.0,False,5.6207525532984075,1.901463682474826
PX-2453,1.338078664981035,False,0.0,False,5.6207525532984075,1.901463682474826
PX-2454,1.2685610842538484,False,0.0,False,5.6207525532984075,1.901463682474826
PX-2455,1.4864419299153209,False,0.0,False,5.6207525532984075,1.901463682474826
PX-2456,1.139756407113886,False,0.0,False,5.6207525532984075,1.901463682474826
PX-2457,1.0282375128195618,False,0.0,False,5.6207525532984075,1.901463682474826
PX-2458,0.7214262507354015,False,0.0,False,5.6207525532984075,1.901463682474826
PX-2459,0.22160858950771178,False,0.0,False,5.6207525532984075,1.901463682474826
PX-2460,2.026970724369024,False,0.0,False,5.6207525532984075,1.901463682474826
PX-2461,2.0878144321280985,False,0.0,False,5.6207525532984075,1.901463682474826
PX-2462,1.6629780625574107,False,0.0,False,5.6207525532984075,1.901463682474826
PX-2463,1.4735910193829032,False,0.0,False,5.6207525532984075,1.901463682474826
PX-2464,1.0904824401619333,False,0.0,False,5.6207525532984075,1.901463682474826
PX-2465,1.3734411315261852,False,0.0,False,5.6207525532984075,1.901463682474826
PX-2466,1.3461293486356016,False,0.0,False,5.6207525532984075,1.901463682474826
PX-2467,1.1458490202537135,False,0.0,False,5.6207525532984075,1.901463682474826
PX-2468,1.0192701508434272,False,0.0,False,5.6207525532984075,1.901463682474826
PX-2469,0.9500905082650792,False,0.0,False,5.6207525532984075,1.901463682474826
PX-2470,0.7767765613985453,False,0.0,False,5.6207525532984075,1.901463682474826
PX-2471,1.1222375022351176,False,0.0,False,5.6207525532984075,1.901463682474826
PX-2472,1.3404932759186945,False,0.0,False,5.6207525532984075,1.901463682474826
PX-2473,1.4028697488194943,False,0.0,False,5.6207525532984075,1.901463682474826
PX-2474,1.405865684788246,False,0.0,False,5.6207525532984075,1.901463682474826
PX-2475,1.3760117555221836,False,0.0,False,5.6207525532984075,1.901463682474826
PX-2476,1.2061990199338126,False,0.0,False,5.6207525532984075,1.901463682474826
PX-2477,1.3434556079175763,False,0.0,False,5.6207525532984075,1.901463682474826
PX-2478,1.7396894691106937,False,0.0,False,5.6207525532984075,1.901463682474826
PX-2479,2.0368131249999433,False,0.0,False,5.6207525532984075,1.901463682474826
PX-2480,2.3819569577804707,False,0.0,False,5.6207525532984075,1.901463682474826
PX-2481,2.561216275482842,False,0.0,False,5.6207525532984075,1.901463682474826
PX-2482,2.4303506474951675,False,0.0,False,5.6207525532984075,1.901463682474826
PX-2483,2.532759673445149,False,0.0,False,5.6207525532984075,1.901463682474826
PX-2484,2.3221980109518547,False,0.0,False,5.6207525532984075,1.901463682474826
PX-2485,2.3836337038641418,False,0.0,False,5.6207525532984075,1.901463682474826
PX-2486,2.153404542634661,False,0.0,False,5.6207525532984075,1.901463682474826
PX-2487,1.798088797956309,False,0.0,False,5.6207525532984075,1.901463682474826
PX-2488,1.800126459391917,False,0.0,False,5.6207525532984075,1.901463682474826
PX-2489,1.6576696839587424,False,0.0,False,5.6207525532984075,1.901463682474826
PX-2490,1.657130309521456,False,0.0,False,5.6207525532984075,1.901463682474826
PX-2491,1.8543518621203372,False,0.0,False,5.6207525532984075,1.901463682474826
PX-2492,1.6870928326075756,False,0.0,False,5.6207525532984075,1.901463682474826
PX-2493,1.776533030209503,False,0.0,False,5.6207525532984075,1.901463682474826
PX-2494,1.78128980204613,False,0.0,False,5.6207525532984075,1.901463682474826
PX-2495,1.9687934951588364,False,0.0,False,5.6207525532984075,1.901463682474826
PX-2496,1.984530046517321,False,0.0,False,5.6207525532984075,1.901463682474826
PX-2497,1.6898839364207419,False,0.0,False,5.6207525532984075,1.901463682474826
PX-2498,1.6028413868004368,False,0.0,False,5.6207525532984075,1.901463682474826
PX-2499,1.0543321746800434,False,0.0,False,5.6207525532984075,1.901463682474826
PX-2500,-0.03134728350709892,False,0.0,False,5.6207525532984075,1.901463682474826
PX-2501,1.5820093661301957,False,0.0,False,5.6207525532984075,1.901463682474826
PX-2502,2.335334193392198,False,0.0,False,5.6207525532984075,1.901463682474826
PX-2503,2.259636626454249,False,0.0,False,5.6207525532984075,1.901463682474826
PX-2504,2.0156793729595073,False,0.0,False,5.6207525532984075,1.901463682474826
PX-2505,2.1472568907981344,False,0.0,False,5.6207525532984075,1.901463682474826
PX-2506,2.1011718631684015,False,0.0,False,5.6207525532984075,1.901463682474826
PX-2507,1.924030076526451,False,0.0,False,5.6207525532984075,1.901463682474826
PX-2508,1.6515012937637206,False,0.0,False,5.6207525532984075,1.901463682474826
PX-2509,1.470308818746588,False,0.0,False,5.6207525532984075,1.901463682474826
PX-2510,0.8444695553717594,False,0.0,False,5.6207525532984075,1.901463682474826
PX-2511,0.8570950571294276,False,0.0,False,5.6207525532984075,1.901463682474826
PX-2512,0.7410823646202722,False,0.0,False,5.6207525532984075,1.901463682474826
PX-2513,0.9221364186282077,False,0.0,False,5.6207525532984075,1.901463682474826
PX-2514,0.7927937515629271,False,0.0,False,5.6207525532984075,1.901463682474826
PX-2515,0.773427837577648,False,0.0,False,5.6207525532984075,1.901463682474826
PX-2516,0.853564474850149,False,0.0,False,5.6207525532984075,1.901463682474826
PX-2517,0.8983908974097563,False,0.0,False,5.6207525532984075,1.901463682474826
PX-2518,1.2257648460097403,False,0.0,False,5.6207525532984075,1.901463682474826
PX-2519,1.6575251427670779,False,0.0,False,5.6207525532984075,1.901463682474826
PX-2520,2.009311219894764,False,0.0,False,5.6207525532984075,1.901463682474826
PX-2521,2.3110010327591226,False,0.0,False,5.6207525532984075,1.901463682474826
PX-2522,1.8055691631007385,False,0.0,False,5.6207525532984075,1.901463682474826
PX-2523,1.7525169992355014,False,0.0,False,5.6207525532984075,1.901463682474826
PX-2524,1.5365915222924524,False,0.0,False,5.6207525532984075,1.901463682474826
PX-2525,1.3865402491791254,False,0.0,False,5.6207525532984075,1.901463682474826
PX-2526,1.103153415176287,False,0.0,False,5.6207525532984075,1.901463682474826
PX-2527,0.7329915175568704,False,0.0,False,5.6207525532984075,1.901463682474826
PX-2528,0.7493605623186657,False,0.0,False,5.6207525532984075,1.901463682474826
PX-2529,0.6349427395423248,False,0.0,False,5.6207525532984075,1.901463682474826
PX-2530,0.6273293102026205,False,0.0,False,5.6207525532984075,1.901463682474826
PX-2531,0.8405296521778816,False,0.0,False,5.6207525532984075,1.901463682474826
PX-2532,0.8296734143771598,False,0.0,False,5.6207525532984075,1.901463682474826
PX-2533,0.9569840730727819,False,0.0,False,5.6207525532984075,1.901463682474826
PX-2534,0.9919327094482515,False,0.0,False,5.6207525532984075,1.901463682474826
PX-2535,1.2800250493539753,False,0.0,False,5.6207525532984075,1.901463682474826
PX-2536,1.4353526215653165,False,0.0,False,5.6207525532984075,1.901463682474826
PX-2537,1.4719377874044,False,0.0,False,5.6207525532984075,1.901463682474826
PX-2538,2.0016514365904694,False,0.0,False,5.6207525532984075,1.901463682474826
PX-2539,1.1892532219521925,False,0.0,False,5.6207525532984075,1.901463682474826
PX-2540,-0.2516961106864173,False,0.0,False,5.6207525532984075,1.901463682474826
PX-2541,2.239619964968611,False,0.0,False,5.6207525532984075,1.901463682474826
PX-2542,2.4738067245271633,False,0.0,False,5.6207525532984075,1.901463682474826
PX-2543,2.410742815279079,False,0.0,False,5.6207525532984075,1.901463682474826
PX-2544,2.356409194007755,False,0.0,False,5.6207525532984075,1.901463682474826
PX-2545,2.477642894478697,False,0.0,False,5.6207525532984075,1.901463682474826
PX-2546,2.423222269525672,False,0.0,False,5.6207525532984075,1.901463682474826
PX-2547,2.0628858775641916,False,0.0,False,5.6207525532984075,1.901463682474826
PX-2548,1.7818493533460344,False,0.0,False,5.6207525532984075,1.901463682474826
PX-2549,1.9364061507574633,False,0.0,False,5.6207525532984075,1.901463682474826
PX-2550,1.46542763592627,False,0.0,False,5.6207525532984075,1.901463682474826
PX-2551,1.6433243978335668,False,0.0,False,5.6207525532984075,1.901463682474826
PX-2552,1.425401429560388,False,0.0,False,5.6207525532984075,1.901463682474826
PX-2553,1.2710730916710649,False,0.0,False,5.6207525532984075,1.901463682474826
PX-2554,1.151625788539988,False,0.0,False,5.6207525532984075,1.901463682474826
PX-2555,1.07994550115545,False,0.0,False,5.6207525532984075,1.901463682474826
PX-2556,1.283237587825898,False,0.0,False,5.6207525532984075,1.901463682474826
PX-2557,1.6178902460691145,False,0.0,False,5.6207525532984075,1.901463682474826
PX-2558,1.7425135477722975,False,0.0,False,5.6207525532984075,1.901463682474826
PX-2559,2.0960957919318854,False,0.0,False,5.6207525532984075,1.901463682474826
PX-2560,2.554382649370444,False,0.0,False,5.6207525532984075,1.901463682474826
PX-2561,3.1327133892519594,False,0.0,False,5.6207525532984075,1.901463682474826
PX-2562,3.2819986081666777,False,0.0,False,5.6207525532984075,1.901463682474826
PX-2563,3.8252495245930547,True,1.0,False,5.6207525532984075,1.901463682474826
PX-2564,3.8422275789846303,True,1.0,False,5.6207525532984075,1.901463682474826
PX-2565,3.8869393612261636,True,1.0,False,5.6207525532984075,1.901463682474826
PX-2566,3.8257800758325065,True,1.0,False,5.6207525532984075,1.901463682474826
PX-2567,3.505003235488907,False,0.0,False,5.6207525532984075,1.901463682474826
PX-2568,3.169624545188487,False,0.0,False,5.6207525532984075,1.901463682474826
PX-2569,2.691089217502526,False,0.0,False,5.6207525532984075,1.901463682474826
PX-2570,2.3310350519561815,False,0.0,False,5.6207525532984075,1.901463682474826
PX-2571,2.0475372366859244,False,0.0,False,5.6207525532984075,1.901463682474826
PX-2572,1.4260665713632807,False,0.0,False,5.6207525532984075,1.901463682474826
PX-2573,1.0941566508289267,False,0.0,False,5.6207525532984075,1.901463682474826
PX-2574,0.7247794731153974,False,0.0,False,5.6207525532984075,1.901463682474826
PX-2575,0.8081103209378977,False,0.0,False,5.6207525532984075,1.901463682474826
PX-2576,1.0485422467604142,False,0.0,False,5.6207525532984075,1.901463682474826
PX-2577,1.373071798963137,False,0.0,False,5.6207525532984075,1.901463682474826
PX-2578,2.485650484011666,False,0.0,False,5.6207525532984075,1.901463682474826
PX-2579,2.1676335850794164,False,0.0,False,5.6207525532984075,1.901463682474826
PX-2580,-0.8082171408971224,False,0.0,False,5.6207525532984075,1.901463682474826
PX-2581,2.6492571212546014,False,0.0,False,5.6207525532984075,1.901463682474826
PX-2582,2.580413953214716,False,0.0,False,5.6207525532984075,1.901463682474826
PX-2583,2.6363303486985963,False,0.0,False,5.6207525532984075,1.901463682474826
PX-2584,2.4461887625795935,False,0.0,False,5.6207525532984075,1.901463682474826
PX-2585,2.1253041977387337,False,0.0,False,5.6207525532984075,1.901463682474826
PX-2586,1.9317807785611905,False,0.0,False,5.6207525532984075,1.901463682474826
PX-2587,1.7957412780452469,False,0.0,False,5.6207525532984075,1.901463682474826
PX-2588,1.9153234837188524,False,0.0,False,5.6207525532984075,1.901463682474826
PX-2589,1.7240684901716037,False,0.0,False,5.6207525532984075,1.901463682474826
PX-2590,1.8290657604159204,False,0.0,False,5.6207525532984075,1.901463682474826
PX-2591,1.6712953300644404,False,0.0,False,5.6207525532984075,1.901463682474826
PX-2592,1.39507417346789,False,0.0,False,5.6207525532984075,1.901463682474826
PX-2593,1.2742860424544737,False,0.0,False,5.6207525532984075,1.901463682474826
PX-2594,1.1862159747584062,False,0.0,False,5.6207525532984075,1.901463682474826
PX-2595,0.9997136373233353,False,0.0,False,5.6207525532984075,1.901463682474826
PX-2596,0.7393192559715178,False,0.0,False,5.6207525532984075,1.901463682474826
PX-2597,0.42480835118638005,False,0.0,False,5.6207525532984075,1.901463682474826
PX-2598,0.2945354373064699,False,0.0,False,5.6207525532984075,1.901463682474826
PX-2599,0.4988693966974669,False,0.0,False,5.6207525532984075,1.901463682474826
PX-2600,0.9897444727461782,False,0.0,False,5.6207525532984075,1.901463682474826
PX-2601,0.9733091267816842,False,0.0,False,5.6207525532984075,1.901463682474826
PX-2602,1.0869084523838328,False,0.0,False,5.6207525532984075,1.901463682474826
PX-2603,0.9665715715133523,False,0.0,False,5.6207525532984075,1.901463682474826
PX-2604,0.8031334776708459,False,0.0,False,5.6207525532984075,1.901463682474826
PX-2605,0.7707401191875398,False,0.0,False,5.6207525532984075,1.901463682474826
PX-2606,0.6906114346714158,False,0.0,False,5.6207525532984075,1.901463682474826
PX-2607,0.5022651547935428,False,0.0,False,5.6207525532984075,1.901463682474826
PX-2608,0.32529408176850794,False,0.0,False,5.6207525532984075,1.901463682474826
PX-2609,0.2454675757891316,False,0.0,False,5.6207525532984075,1.901463682474826
PX-2610,0.3974959914162497,False,0.0,False,5.6207525532984075,1.901463682474826
PX-2611,0.44446993974960414,False,0.0,False,5.6207525532984075,1.901463682474826
PX-2612,0.6281294313196728,False,0.0,False,5.6207525532984075,1.901463682474826
PX-2613,0.7197935890599165,False,0.0,False,5.6207525532984075,1.901463682474826
PX-2614,0.8886597140659394,False,0.0,False,5.6207525532984075,1.901463682474826
PX-2615,1.0440385490145623,False,0.0,False,5.6207525532984075,1.901463682474826
PX-2616,1.327063462713797,False,0.0,False,5.6207525532984075,1.901463682474826
PX-2617,2.6894078980155793,False,0.0,False,5.6207525532984075,1.901463682474826
PX-2618,3.472148287772738,False,0.0,False,5.6207525532984075,1.901463682474826
PX-2619,1.5935932970018882,False,0.0,False,5.6207525532984075,1.901463682474826
PX-2620,1.6397113885563392,False,0.0,False,5.6207525532984075,1.901463682474826
PX-2621,1.6048985068225274,False,0.0,False,5.6207525532984075,1.901463682474826
PX-2622,1.528634054248526,False,0.0,False,5.6207525532984075,1.901463682474826
PX-2623,1.3268671704265156,False,0.0,False,5.6207525532984075,1.901463682474826
PX-2624,1.2935787031346564,False,0.0,False,5.6207525532984075,1.901463682474826
PX-2625,1.1586791678008659,False,0.0,False,5.6207525532984075,1.901463682474826
PX-2626,1.0674306188410956,False,0.0,False,5.6207525532984075,1.901463682474826
PX-2627,0.502685231890899,False,0.0,False,5.6207525532984075,1.901463682474826
PX-2628,0.4022596114300061,False,0.0,False,5.6207525532984075,1.901463682474826
PX-2629,0.11983493767403708,False,0.0,False,5.6207525532984075,1.901463682474826
PX-2630,0.024943732514046246,False,0.0,False,5.6207525532984075,1.901463682474826
PX-2631,0.05296694998917317,False,0.0,False,5.6207525532984075,1.901463682474826
PX-2632,0.06907560968959814,False,0.0,False,5.6207525532984075,1.901463682474826
PX-2633,0.07674316404353299,False,0.0,False,5.6207525532984075,1.901463682474826
PX-2634,0.20188309987401354,False,0.0,False,5.6207525532984075,1.901463682474826
PX-2635,0.3571887415312265,False,0.0,False,5.6207525532984075,1.901463682474826
PX-2636,0.7392860792377807,False,0.0,False,5.6207525532984075,1.901463682474826
PX-2637,1.293258646111477,False,0.0,False,5.6207525532984075,1.901463682474826
PX-2638,2.500921997922781,False,0.0,False,5.6207525532984075,1.901463682474826
PX-2639,2.5433915884536997,False,0.0,False,5.6207525532984075,1.901463682474826
PX-2640,3.0097003146978185,False,0.0,False,5.6207525532984075,1.901463682474826
PX-2641,3.1128845773006013,False,0.0,False,5.6207525532984075,1.901463682474826
PX-2642,3.038971415625765,False,0.0,False,5.6207525532984075,1.901463682474826
PX-2643,3.1588847174383954,False,0.0,False,5.6207525532984075,1.901463682474826
PX-2644,3.3840013482817195,False,0.0,False,5.6207525532984075,1.901463682474826
PX-2645,3.2239366741749667,False,0.0,False,5.6207525532984075,1.901463682474826
PX-2646,3.191600196133873,False,0.0,False,5.6207525532984075,1.901463682474826
PX-2647,3.0983074714256915,False,0.0,False,5.6207525532984075,1.901463682474826
PX-2648,3.138184406871348,False,0.0,False,5.6207525532984075,1.901463682474826
PX-2649,3.09993289325957,False,0.0,False,5.6207525532984075,1.901463682474826
PX-2650,3.516602054831253,False,0.0,False,5.6207525532984075,1.901463682474826
PX-2651,3.891892296388125,False,0.0,False,5.6207525532984075,1.901463682474826
PX-2652,3.9812984660817747,False,0.0,False,5.6207525532984075,1.901463682474826
PX-2653,4.086531136036353,False,0.0,False,5.6207525532984075,1.901463682474826
PX-2654,4.678913355935016,True,1.0,False,5.6207525532984075,1.901463682474826
PX-2655,6.351067130051696,True,1.0,False,5.6207525532984075,1.901463682474826
PX-2656,7.487061286355637,True,1.0,False,5.6207525532984075,1.901463682474826
PX-2657,5.077448610046433,True,1.0,False,5.6207525532984075,1.901463682474826
PX-2658,4.821338170775007,True,1.0,False,5.6207525532984075,1.901463682474826
PX-2659,4.291495162074458,False,0.0,False,5.6207525532984075,1.901463682474826
PX-2660,3.6879107517073475,False,0.0,False,5.6207525532984075,1.901463682474826
PX-2661,3.348015566840145,False,0.0,False,5.6207525532984075,1.901463682474826
PX-2662,2.994243862565474,False,0.0,False,5.6207525532984075,1.901463682474826
PX-2663,2.6140932144411817,False,0.0,False,5.6207525532984075,1.901463682474826
PX-2664,2.3088937326734946,False,0.0,False,5.6207525532984075,1.901463682474826
PX-2665,1.9703420447287332,False,0.0,False,5.6207525532984075,1.901463682474826
PX-2666,2.101463625548062,False,0.0,False,5.6207525532984075,1.901463682474826
PX-2667,1.8223453445067026,False,0.0,False,5.6207525532984075,1.901463682474826
PX-2668,1.8536746129784394,False,0.0,False,5.6207525532984075,1.901463682474826
PX-2669,1.901515720460127,False,0.0,False,5.6207525532984075,1.901463682474826
PX-2670,1.925290528104398,False,0.0,False,5.6207525532984075,1.901463682474826
PX-2671,1.8821170710011526,False,0.0,False,5.6207525532984075,1.901463682474826
PX-2672,1.7866379323158483,False,0.0,False,5.6207525532984075,1.901463682474826
PX-2673,2.2416415376629413,False,0.0,False,5.6207525532984075,1.901463682474826
PX-2674,1.294876096300678,False,0.0,False,5.6207525532984075,1.901463682474826
PX-2675,0.37462683143440323,False,0.0,False,5.6207525532984075,1.901463682474826
PX-2676,-0.36068598909058736,False,0.0,False,5.6207525532984075,1.901463682474826
PX-2677,-0.7100295180363823,False,0.0,False,5.6207525532984075,1.901463682474826
PX-2678,-0.5471950832154633,False,0.0,False,5.6207525532984075,1.901463682474826
PX-2679,-0.41599577348146255,False,0.0,False,5.6207525532984075,1.901463682474826
PX-2680,-0.37272632601540856,False,0.0,False,5.6207525532984075,1.901463682474826
PX-2681,-0.3140592238622002,False,0.0,False,5.6207525532984075,1.901463682474826
PX-2682,-0.21818301997877576,False,0.0,False,5.6207525532984075,1.901463682474826
PX-2683,-0.2368620914523305,False,0.0,False,5.6207525532984075,1.901463682474826
PX-2684,-0.2040238938062533,False,0.0,False,5.6207525532984075,1.901463682474826
PX-2685,-0.12161594479689519,False,0.0,False,5.6207525532984075,1.901463682474826
PX-2686,0.10976802484295511,False,0.0,False,5.6207525532984075,1.901463682474826
PX-2687,-0.042391196437280954,False,0.0,False,5.6207525532984075,1.901463682474826
PX-2688,-0.02762653784735747,False,0.0,False,5.6207525532984075,1.901463682474826
PX-2689,0.10281424056591959,False,0.0,False,5.6207525532984075,1.901463682474826
PX-2690,0.20586945024754755,False,0.0,False,5.6207525532984075,1.901463682474826
PX-2691,0.17582402302077327,False,0.0,False,5.6207525532984075,1.901463682474826
PX-2692,0.6624797021661522,False,0.0,False,5.6207525532984075,1.901463682474826
PX-2693,2.7171802797915525,False,0.0,False,5.6207525532984075,1.901463682474826
PX-2694,5.944558321061866,True,1.0,False,5.6207525532984075,1.901463682474826
PX-2695,0.4587536696254624,False,0.0,False,5.6207525532984075,1.901463682474826
PX-2696,0.3823923360599508,False,0.0,False,5.6207525532984075,1.901463682474826
PX-2697,0.39312743187389465,False,0.0,False,5.6207525532984075,1.901463682474826
PX-2698,0.3701249896548724,False,0.0,False,5.6207525532984075,1.901463682474826
PX-2699,0.2220222192728798,False,0.0,False,5.6207525532984075,1.901463682474826
PX-2700,0.3203779363468584,False,0.0,False,5.6207525532984075,1.901463682474826
PX-2701,0.35724017310340983,False,0.0,False,5.6207525532984075,1.901463682474826
PX-2702,0.44947866647981094,False,0.0,False,5.6207525532984075,1.901463682474826
PX-2703,-0.0019871509005540133,False,0.0,False,5.6207525532984075,1.901463682474826
PX-2704,0.1702292633250284,False,0.0,False,5.6207525532984075,1.901463682474826
PX-2705,0.15702908390936443,False,0.0,False,5.6207525532984075,1.901463682474826
PX-2706,0.18793553511890337,False,0.0,False,5.6207525532984075,1.901463682474826
PX-2707,0.11624615107877112,False,0.0,False,5.6207525532984075,1.901463682474826
PX-2708,-0.0390398539806327,False,0.0,False,5.6207525532984075,1.901463682474826
PX-2709,-0.2361093843594908,False,0.0,False,5.6207525532984075,1.901463682474826
PX-2710,-0.37414144378914926,False,0.0,False,5.6207525532984075,1.901463682474826
PX-2711,-0.2151188881353967,False,0.0,False,5.6207525532984075,1.901463682474826
PX-2712,-0.05501326132499962,False,0.0,False,5.6207525532984075,1.901463682474826
PX-2713,0.0602175750095757,False,0.0,False,5.6207525532984075,1.901463682474826
PX-2714,0.29512740635343704,False,0.0,False,5.6207525532984075,1.901463682474826
PX-2715,0.2949020481162421,False,0.0,False,5.6207525532984075,1.901463682474826
PX-2716,0.48168366752600633,False,0.0,False,5.6207525532984075,1.901463682474826
PX-2717,0.6492760156881374,False,0.0,False,5.6207525532984075,1.901463682474826
PX-2718,0.9887751684849899,False,0.0,False,5.6207525532984075,1.901463682474826
PX-2719,1.2621028415020703,False,0.0,False,5.6207525532984075,1.901463682474826
PX-2720,1.11681710590371,False,0.0,False,5.6207525532984075,1.901463682474826
PX-2721,1.3775343026924602,False,0.0,False,5.6207525532984075,1.901463682474826
PX-2722,1.3037705766427514,False,0.0,False,5.6207525532984075,1.901463682474826
PX-2723,1.2777274534533074,False,0.0,False,5.6207525532984075,1.901463682474826
PX-2724,1.3972306851170337,False,0.0,False,5.6207525532984075,1.901463682474826
PX-2725,1.3430410695651744,False,0.0,False,5.6207525532984075,1.901463682474826
PX-2726,1.3118735242217028,False,0.0,False,5.6207525532984075,1.901463682474826
PX-2727,1.1043689372444607,False,0.0,False,5.6207525532984075,1.901463682474826
PX-2728,1.0537842571768596,False,0.0,False,5.6207525532984075,1.901463682474826
PX-2729,1.0793410499966765,False,0.0,False,5.6207525532984075,1.901463682474826
PX-2730,1.2281033251492772,False,0.0,False,5.6207525532984075,1.901463682474826
PX-2731,3.820555808367338,False,0.0,False,5.6207525532984075,1.901463682474826
PX-2732,9.401097714801297,True,1.0,False,5.6207525532984075,1.901463682474826
PX-2733,1.272382104537792,False,0.0,False,5.6207525532984075,1.901463682474826
PX-2734,1.3757668214487708,False,0.0,False,5.6207525532984075,1.901463682474826
PX-2735,1.4263838808459148,False,0.0,False,5.6207525532984075,1.901463682474826
PX-2736,1.3670131206622838,False,0.0,False,5.6207525532984075,1.901463682474826
PX-2737,1.5245323384344953,False,0.0,False,5.6207525532984075,1.901463682474826
PX-2738,1.5660795834483157,False,0.0,False,5.6207525532984075,1.901463682474826
PX-2739,1.5918174904074078,False,0.0,False,5.6207525532984075,1.901463682474826
PX-2740,1.433350445803434,False,0.0,False,5.6207525532984075,1.901463682474826
PX-2741,1.5229375633483055,False,0.0,False,5.6207525532984075,1.901463682474826
PX-2742,1.2047178105889795,False,0.0,False,5.6207525532984075,1.901463682474826
PX-2743,1.162407587532094,False,0.0,False,5.6207525532984075,1.901463682474826
PX-2744,1.3013361928836407,False,0.0,False,5.6207525532984075,1.901463682474826
PX-2745,1.2926113441001164,False,0.0,False,5.6207525532984075,1.901463682474826
PX-2746,1.1177325391894826,False,0.0,False,5.6207525532984075,1.901463682474826
PX-2747,1.0165311983296554,False,0.0,False,5.6207525532984075,1.901463682474826
PX-2748,1.0342274161514702,False,0.0,False,5.6207525532984075,1.901463682474826
PX-2749,1.096945589787735,False,0.0,False,5.6207525532984075,1.901463682474826
PX-2750,1.230356026344312,False,0.0,False,5.6207525532984075,1.901463682474826
PX-2751,1.6685691389032087,False,0.0,False,5.6207525532984075,1.901463682474826
PX-2752,1.5884893953974668,False,0.0,False,5.6207525532984075,1.901463682474826
PX-2753,1.6098515781470493,False,0.0,False,5.6207525532984075,1.901463682474826
PX-2754,1.5876702563933982,False,0.0,False,5.6207525532984075,1.901463682474826
PX-2755,1.7489770411951788,False,0.0,False,5.6207525532984075,1.901463682474826
PX-2756,1.9213671150044487,False,0.0,False,5.6207525532984075,1.901463682474826
PX-2757,1.985974092600527,False,0.0,False,5.6207525532984075,1.901463682474826
PX-2758,1.8323517142644477,False,0.0,False,5.6207525532984075,1.901463682474826
PX-2759,1.6663005756337963,False,0.0,False,5.6207525532984075,1.901463682474826
PX-2760,1.710384712895058,False,0.0,False,5.6207525532984075,1.901463682474826
PX-2761,1.864976482897676,False,0.0,False,5.6207525532984075,1.901463682474826
PX-2762,1.7978232823210956,False,0.0,False,5.6207525532984075,1.901463682474826
PX-2763,1.7358782748140626,False,0.0,False,5.6207525532984075,1.901463682474826
PX-2764,1.4759819538243857,False,0.0,False,5.6207525532984075,1.901463682474826
PX-2765,1.411704940914408,False,0.0,False,5.6207525532984075,1.901463682474826
PX-2766,1.2737890165224872,False,0.0,False,5.6207525532984075,1.901463682474826
PX-2767,1.588492146498016,False,0.0,False,5.6207525532984075,1.901463682474826
PX-2768,4.027202186733479,True,1.0,False,5.6207525532984075,1.901463682474826
PX-2769,1.5420609291820373,False,0.0,False,5.6207525532984075,1.901463682474826
PX-2770,1.5464086354029298,False,0.0,False,5.6207525532984075,1.901463682474826
PX-2771,1.4958376303939414,False,0.0,False,5.6207525532984075,1.901463682474826
PX-2772,1.3493684496959695,False,0.0,False,5.6207525532984075,1.901463682474826
PX-2773,1.494232632689192,False,0.0,False,5.6207525532984075,1.901463682474826
PX-2774,1.3731395551749106,False,0.0,False,5.6207525532984075,1.901463682474826
PX-2775,1.4048411484301138,False,0.0,False,5.6207525532984075,1.901463682474826
PX-2776,1.0465076370415733,False,0.0,False,5.6207525532984075,1.901463682474826
PX-2777,0.9561021206691098,False,0.0,False,5.6207525532984075,1.901463682474826
PX-2778,0.6110778619488375,False,0.0,False,5.6207525532984075,1.901463682474826
PX-2779,0.6269569057290969,False,0.0,False,5.6207525532984075,1.901463682474826
PX-2780,0.674719451168798,False,0.0,False,5.6207525532984075,1.901463682474826
PX-2781,0.7784644886292789,False,0.0,False,5.6207525532984075,1.901463682474826
PX-2782,0.6685845549946716,False,0.0,False,5.6207525532984075,1.901463682474826
PX-2783,0.5387039892260912,False,0.0,False,5.6207525532984075,1.901463682474826
PX-2784,0.6153684372693693,False,0.0,False,5.6207525532984075,1.901463682474826
PX-2785,0.7396077522597011,False,0.0,False,5.6207525532984075,1.901463682474826
PX-2786,0.8916453902159187,False,0.0,False,5.6207525532984075,1.901463682474826
PX-2787,1.264037489102975,False,0.0,False,5.6207525532984075,1.901463682474826
PX-2788,1.0037769615695211,False,0.0,False,5.6207525532984075,1.901463682474826
PX-2789,1.0139451894743576,False,0.0,False,5.6207525532984075,1.901463682474826
PX-2790,1.0355597533093555,False,0.0,False,5.6207525532984075,1.901463682474826
PX-2791,1.1899011815454248,False,0.0,False,5.6207525532984075,1.901463682474826
PX-2792,1.1721073145867198,False,0.0,False,5.6207525532984075,1.901463682474826
PX-2793,1.0435129978812938,False,0.0,False,5.6207525532984075,1.901463682474826
PX-2794,1.0086946709400006,False,0.0,False,5.6207525532984075,1.901463682474826
PX-2795,1.0395821314657567,False,0.0,False,5.6207525532984075,1.901463682474826
PX-2796,1.1938896805513046,False,0.0,False,5.6207525532984075,1.901463682474826
PX-2797,1.2723156532678477,False,0.0,False,5.6207525532984075,1.901463682474826
PX-2798,1.192187045925472,False,0.0,False,5.6207525532984075,1.901463682474826
PX-2799,1.1322406118448054,False,0.0,False,5.6207525532984075,1.901463682474826
PX-2800,0.9397871605477697,False,0.0,False,5.6207525532984075,1.901463682474826
PX-2801,1.0171763433689076,False,0.0,False,5.6207525532984075,1.901463682474826
PX-2802,1.1124738849575273,False,0.0,False,5.6207525532984075,1.901463682474826
PX-2803,1.4653590825945795,False,0.0,False,5.6207525532984075,1.901463682474826
PX-2804,3.9283605421454517,False,0.0,False,5.6207525532984075,1.901463682474826
PX-2805,1.0554686927867962,False,0.0,False,5.6207525532984075,1.901463682474826
PX-2806,1.0364716740108175,False,0.0,False,5.6207525532984075,1.901463682474826
PX-2807,1.0855926263338223,False,0.0,False,5.6207525532984075,1.901463682474826
PX-2808,1.1352491373447577,False,0.0,False,5.6207525532984075,1.901463682474826
PX-2809,1.1253144094750187,False,0.0,False,5.6207525532984075,1.901463682474826
PX-2810,1.2846554410511377,False,0.0,False,5.6207525532984075,1.901463682474826
PX-2811,1.349721519025259,False,0.0,False,5.6207525532984075,1.901463682474826
PX-2812,1.472377866444047,False,0.0,False,5.6207525532984075,1.901463682474826
PX-2813,1.1701131514633367,False,0.0,False,5.6207525532984075,1.901463682474826
PX-2814,0.890773563719117,False,0.0,False,5.6207525532984075,1.901463682474826
PX-2815,1.1847025656943657,False,0.0,False,5.6207525532984075,1.901463682474826
PX-2816,1.1260202960358114,False,0.0,False,5.6207525532984075,1.901463682474826
PX-2817,1.050893821304296,False,0.0,False,5.6207525532984075,1.901463682474826
PX-2818,0.7515856258044238,False,0.0,False,5.6207525532984075,1.901463682474826
PX-2819,0.6576094583780172,False,0.0,False,5.6207525532984075,1.901463682474826
PX-2820,0.6811193288499116,False,0.0,False,5.6207525532984075,1.901463682474826
PX-2821,0.8340912195333967,False,0.0,False,5.6207525532984075,1.901463682474826
PX-2822,1.416995367971623,False,0.0,False,5.6207525532984075,1.901463682474826
PX-2823,1.951209739909645,False,0.0,False,5.6207525532984075,1.901463682474826
PX-2824,2.0834721162453818,False,0.0,False,5.6207525532984075,1.901463682474826
PX-2825,2.327523020214814,False,0.0,False,5.6207525532984075,1.901463682474826
PX-2826,2.691968429042811,False,0.0,False,5.6207525532984075,1.901463682474826
PX-2827,3.31488105043109,False,0.0,False,5.6207525532984075,1.901463682474826
PX-2828,3.5911384064501117,False,0.0,False,5.6207525532984075,1.901463682474826
PX-2829,3.803290552559668,True,1.0,False,5.6207525532984075,1.901463682474826
PX-2830,3.98461466296936,True,1.0,False,5.6207525532984075,1.901463682474826
PX-2831,4.2609975103351605,True,1.0,False,5.6207525532984075,1.901463682474826
PX-2832,4.225628899525063,True,1.0,False,5.6207525532984075,1.901463682474826
PX-2833,3.9120761906674595,True,1.0,False,5.6207525532984075,1.901463682474826
PX-2834,3.534320468918997,False,0.0,False,5.6207525532984075,1.901463682474826
PX-2835,3.053816295902495,False,0.0,False,5.6207525532984075,1.901463682474826
PX-2836,2.39642264926902,False,0.0,False,5.6207525532984075,1.901463682474826
PX-2837,1.9480454744604305,False,0.0,False,5.6207525532984075,1.901463682474826
PX-2838,1.670510681349116,False,0.0,False,5.6207525532984075,1.901463682474826
PX-2839,3.8181583758898956,True,1.0,False,5.6207525532984075,1.901463682474826
PX-2840,-0.13622554006333942,False,0.0,False,5.6207525532984075,1.901463682474826
PX-2841,-0.3125814848975672,False,0.0,False,5.6207525532984075,1.901463682474826
PX-2842,0.007975176553362218,False,0.0,False,5.6207525532984075,1.901463682474826
PX-2843,0.21186531719495427,False,0.0,False,5.6207525532984075,1.901463682474826
PX-2844,0.48010153834239055,False,0.0,False,5.6207525532984075,1.901463682474826
PX-2845,0.8076619331837325,False,0.0,False,5.6207525532984075,1.901463682474826
PX-2846,1.1932982510573886,False,0.0,False,5.6207525532984075,1.901463682474826
PX-2847,1.2968375073042449,False,0.0,False,5.6207525532984075,1.901463682474826
PX-2848,1.1166446343568293,False,0.0,False,5.6207525532984075,1.901463682474826
PX-2849,1.4207868384313969,False,0.0,False,5.6207525532984075,1.901463682474826
PX-2850,1.227799827384466,False,0.0,False,5.6207525532984075,1.901463682474826
PX-2851,0.8972583211436334,False,0.0,False,5.6207525532984075,1.901463682474826
PX-2852,0.6801357001306432,False,0.0,False,5.6207525532984075,1.901463682474826
PX-2853,0.8490985324856499,False,0.0,False,5.6207525532984075,1.901463682474826
PX-2854,1.2346156070524952,False,0.0,False,5.6207525532984075,1.901463682474826
PX-2855,1.6418134950812107,False,0.0,False,5.6207525532984075,1.901463682474826
PX-2856,1.8439947905509015,False,0.0,False,5.6207525532984075,1.901463682474826
PX-2857,1.8562886518843928,False,0.0,False,5.6207525532984075,1.901463682474826
PX-2858,1.6969878429739627,False,0.0,False,5.6207525532984075,1.901463682474826
PX-2859,1.8091315594533874,False,0.0,False,5.6207525532984075,1.901463682474826
PX-2860,1.942394928150744,False,0.0,False,5.6207525532984075,1.901463682474826
PX-2861,2.054071922574849,False,0.0,False,5.6207525532984075,1.901463682474826
PX-2862,1.651397985389318,False,0.0,False,5.6207525532984075,1.901463682474826
PX-2863,0.9777419978671116,False,0.0,False,5.6207525532984075,1.901463682474826
PX-2864,0.6482315607762654,False,0.0,False,5.6207525532984075,1.901463682474826
PX-2865,0.7143170593965547,False,0.0,False,5.6207525532984075,1.901463682474826
PX-2866,1.0230252993395261,False,0.0,False,5.6207525532984075,1.901463682474826
PX-2867,1.0038958180380675,False,0.0,False,5.6207525532984075,1.901463682474826
PX-2868,0.8105980972708782,False,0.0,False,5.6207525532984075,1.901463682474826
PX-2869,0.6860899511376459,False,0.0,False,5.6207525532984075,1.901463682474826
PX-2870,0.44886999366220515,False,0.0,False,5.6207525532984075,1.901463682474826
PX-2871,0.6222615778105602,False,0.0,False,5.6207525532984075,1.901463682474826
PX-2872,0.8123222946649644,False,0.0,False,5.6207525532984075,1.901463682474826
PX-2873,3.1247688646592717,True,1.0,False,5.6207525532984075,1.901463682474826
PX-2874,-0.3715932432876965,False,0.0,False,5.6207525532984075,1.901463682474826
PX-2875,-0.522985771313154,False,0.0,False,5.6207525532984075,1.901463682474826
PX-2876,-0.27904515988504563,False,0.0,False,5.6207525532984075,1.901463682474826
PX-2877,-0.11679082295202292,False,0.0,False,5.6207525532984075,1.901463682474826
PX-2878,0.013147773271789731,False,0.0,False,5.6207525532984075,1.901463682474826
PX-2879,0.09174807209390323,False,0.0,False,5.6207525532984075,1.901463682474826
PX-2880,0.20351545255336312,False,0.0,False,5.6207525532984075,1.901463682474826
PX-2881,0.15617600790535136,False,0.0,False,5.6207525532984075,1.901463682474826
PX-2882,0.03011172875431356,False,0.0,False,5.6207525532984075,1.901463682474826
PX-2883,0.0040142349207119565,False,0.0,False,5.6207525532984075,1.901463682474826
PX-2884,0.02834693039067382,False,0.0,False,5.6207525532984075,1.901463682474826
PX-2885,0.14208007317485105,False,0.0,False,5.6207525532984075,1.901463682474826
PX-2886,0.22145039471729078,False,0.0,False,5.6207525532984075,1.901463682474826
PX-2887,0.3938723433383391,False,0.0,False,5.6207525532984075,1.901463682474826
PX-2888,0.31112145818888415,False,0.0,False,5.6207525532984075,1.901463682474826
PX-2889,0.30720854894919825,False,0.0,False,5.6207525532984075,1.901463682474826
PX-2890,0.594881634239977,False,0.0,False,5.6207525532984075,1.901463682474826
PX-2891,0.8248286044313602,False,0.0,False,5.6207525532984075,1.901463682474826
PX-2892,0.9386811515272591,False,0.0,False,5.6207525532984075,1.901463682474826
PX-2893,0.9790514282546585,False,0.0,False,5.6207525532984075,1.901463682474826
PX-2894,1.0200261355818334,False,0.0,False,5.6207525532984075,1.901463682474826
PX-2895,0.9385948249676606,False,0.0,False,5.6207525532984075,1.901463682474826
PX-2896,0.7765045075111114,False,0.0,False,5.6207525532984075,1.901463682474826
PX-2897,0.832277586093781,False,0.0,False,5.6207525532984075,1.901463682474826
PX-2898,0.9396655466531811,False,0.0,False,5.6207525532984075,1.901463682474826
PX-2899,1.0132153747647727,False,0.0,False,5.6207525532984075,1.901463682474826
PX-2900,1.1834308393504926,False,0.0,False,5.6207525532984075,1.901463682474826
PX-2901,1.3422917832936303,False,0.0,False,5.6207525532984075,1.901463682474826
PX-2902,1.5313647137735238,False,0.0,False,5.6207525532984075,1.901463682474826
PX-2903,1.6883628775108601,False,0.0,False,5.6207525532984075,1.901463682474826
PX-2904,1.9121542286527546,False,0.0,False,5.6207525532984075,1.901463682474826
PX-2905,2.0529046510888733,False,0.0,False,5.6207525532984075,1.901463682474826
PX-2906,2.4071777951353646,False,0.0,False,5.6207525532984075,1.901463682474826
PX-2907,1.8227061916057217,False,0.0,False,5.6207525532984075,1.901463682474826
PX-2908,2.273606484144848,False,0.0,False,5.6207525532984075,1.901463682474826
PX-2909,2.5185847967258272,False,0.0,False,5.6207525532984075,1.901463682474826
PX-2910,2.796731408546762,False,0.0,False,5.6207525532984075,1.901463682474826
PX-2911,2.9457039914125875,False,0.0,False,5.6207525532984075,1.901463682474826
PX-2912,2.998258496744798,False,0.0,False,5.6207525532984075,1.901463682474826
PX-2913,2.972437323623616,False,0.0,False,5.6207525532984075,1.901463682474826
PX-2914,2.7803236277924768,False,0.0,False,5.6207525532984075,1.901463682474826
PX-2915,2.5371998388964645,False,0.0,False,5.6207525532984075,1.901463682474826
PX-2916,2.5309889426594925,False,0.0,False,5.6207525532984075,1.901463682474826
PX-2917,2.260248157893857,False,0.0,False,5.6207525532984075,1.901463682474826
PX-2918,1.9929505536834071,False,0.0,False,5.6207525532984075,1.901463682474826
PX-2919,2.184080637896411,False,0.0,False,5.6207525532984075,1.901463682474826
PX-2920,2.3928158714697254,False,0.0,False,5.6207525532984075,1.901463682474826
PX-2921,2.662234236631644,False,0.0,False,5.6207525532984075,1.901463682474826
PX-2922,2.8065811847047115,False,0.0,False,5.6207525532984075,1.901463682474826
PX-2923,3.1267439412415765,False,0.0,False,5.6207525532984075,1.901463682474826
PX-2924,3.512492610894414,False,0.0,False,5.6207525532984075,1.901463682474826
PX-2925,3.7349583181140193,False,0.0,False,5.6207525532984075,1.901463682474826
PX-2926,3.821485982791101,False,0.0,False,5.6207525532984075,1.901463682474826
PX-2927,3.8442052732073595,False,0.0,False,5.6207525532984075,1.901463682474826
PX-2928,3.507902217003199,False,0.0,False,5.6207525532984075,1.901463682474826
PX-2929,3.1213516945587614,False,0.0,False,5.6207525532984075,1.901463682474826
PX-2930,2.6546864269765447,False,0.0,False,5.6207525532984075,1.901463682474826
PX-2931,2.589666849620011,False,0.0,False,5.6207525532984075,1.901463682474826
PX-2932,2.40040759962465,False,0.0,False,5.6207525532984075,1.901463682474826
PX-2933,2.2523454259639646,False,0.0,False,5.6207525532984075,1.901463682474826
PX-2934,2.130870600279957,False,0.0,False,5.6207525532984075,1.901463682474826
PX-2935,2.3051015229463534,False,0.0,False,5.6207525532984075,1.901463682474826
PX-2936,2.55194101256423,False,0.0,False,5.6207525532984075,1.901463682474826
PX-2937,2.485126552092227,False,0.0,False,5.6207525532984075,1.901463682474826
PX-2938,2.759282772038448,False,0.0,False,5.6207525532984075,1.901463682474826
PX-2939,1.8977232228271443,False,0.0,False,5.6207525532984075,1.901463682474826
PX-2940,2.173923362423505,False,0.0,False,5.6207525532984075,1.901463682474826
PX-2941,2.3094426978190956,False,0.0,False,5.6207525532984075,1.901463682474826
PX-2942,2.211868505921206,False,0.0,False,5.6207525532984075,1.901463682474826
PX-2943,1.170156445678666,False,0.0,False,5.6207525532984075,1.901463682474826
PX-2944,0.18119965123269388,False,0.0,False,5.6207525532984075,1.901463682474826
PX-2945,-0.560007691731073,False,0.0,False,5.6207525532984075,1.901463682474826
PX-2946,-1.1089173769807985,False,0.0,False,5.6207525532984075,1.901463682474826
PX-2947,-1.0948384511167397,False,0.0,False,5.6207525532984075,1.901463682474826
PX-2948,-0.8405825460858924,False,0.0,False,5.6207525532984075,1.901463682474826
PX-2949,-0.9279022488063351,False,0.0,False,5.6207525532984075,1.901463682474826
PX-2950,-1.0992426423559376,False,0.0,False,5.6207525532984075,1.901463682474826
PX-2951,-0.9053388670158604,False,0.0,False,5.6207525532984075,1.901463682474826
PX-2952,-0.8113756635647995,False,0.0,False,5.6207525532984075,1.901463682474826
PX-2953,-0.7613659378793987,False,0.0,False,5.6207525532984075,1.901463682474826
PX-2954,-0.7289051287809212,False,0.0,False,5.6207525532984075,1.901463682474826
PX-2955,-0.45698762271266347,False,0.0,False,5.6207525532984075,1.901463682474826
PX-2956,-0.3758537384596341,False,0.0,False,5.6207525532984075,1.901463682474826
PX-2957,-0.37867746098615385,False,0.0,False,5.6207525532984075,1.901463682474826
PX-2958,-0.16967356730341443,False,0.0,False,5.6207525532984075,1.901463682474826
PX-2959,-0.07879060510764013,False,0.0,False,5.6207525532984075,1.901463682474826
PX-2960,-0.324826625005576,False,0.0,False,5.6207525532984075,1.901463682474826
PX-2961,-0.335352247611965,False,0.0,False,5.6207525532984075,1.901463682474826
PX-2962,-0.3053061941363211,False,0.0,False,5.6207525532984075,1.901463682474826
PX-2963,-0.17140036877511733,False,0.0,False,5.6207525532984075,1.901463682474826
PX-2964,-0.26726020714633236,False,0.0,False,5.6207525532984075,1.901463682474826
PX-2965,-0.16938898448370843,False,0.0,False,5.6207525532984075,1.901463682474826
PX-2966,-0.16165873517634566,False,0.0,False,5.6207525532984075,1.901463682474826
PX-2967,-0.36301620054389083,False,0.0,False,5.6207525532984075,1.901463682474826
PX-2968,-0.1621084945008242,False,0.0,False,5.6207525532984075,1.901463682474826
PX-2969,0.22773938466075094,False,0.0,False,5.6207525532984075,1.901463682474826
PX-2970,0.34374260842307436,False,0.0,False,5.6207525532984075,1.901463682474826
PX-2971,-0.7442072927665535,False,0.0,False,5.6207525532984075,1.901463682474826
PX-2972,-0.4750207836386444,False,0.0,False,5.6207525532984075,1.901463682474826
PX-2973,-0.14272535104674766,False,0.0,False,5.6207525532984075,1.901463682474826
PX-2974,0.07051916077581843,False,0.0,False,5.6207525532984075,1.901463682474826
PX-2975,0.23186098908513308,False,0.0,False,5.6207525532984075,1.901463682474826
PX-2976,0.42219046142374417,False,0.0,False,5.6207525532984075,1.901463682474826
PX-2977,0.4269485152089878,False,0.0,False,5.6207525532984075,1.901463682474826
PX-2978,0.13261316193596429,False,0.0,False,5.6207525532984075,1.901463682474826
PX-2979,0.09216509208643231,False,0.0,False,5.6207525532984075,1.901463682474826
PX-2980,0.10495689952310272,False,0.0,False,5.6207525532984075,1.901463682474826
PX-2981,0.07498207671131318,False,0.0,False,5.6207525532984075,1.901463682474826
PX-2982,-0.18985884443409873,False,0.0,False,5.6207525532984075,1.901463682474826
PX-2983,-0.1015295261791227,False,0.0,False,5.6207525532984075,1.901463682474826
PX-2984,-0.09387059210952664,False,0.0,False,5.6207525532984075,1.901463682474826
PX-2985,-0.13227743275813708,False,0.0,False,5.6207525532984075,1.901463682474826
PX-2986,0.11562584149160138,False,0.0,False,5.6207525532984075,1.901463682474826
PX-2987,0.667016808149171,False,0.0,False,5.6207525532984075,1.901463682474826
PX-2988,0.97696894348387,False,0.0,False,5.6207525532984075,1.901463682474826
PX-2989,1.041483755575367,False,0.0,False,5.6207525532984075,1.901463682474826
PX-2990,1.4923101945842063,False,0.0,False,5.6207525532984075,1.901463682474826
PX-2991,1.5637209694611194,False,0.0,False,5.6207525532984075,1.901463682474826
PX-2992,1.3141152296158207,False,0.0,False,5.6207525532984075,1.901463682474826
PX-2993,1.3975879469147667,False,0.0,False,5.6207525532984075,1.901463682474826
PX-2994,1.4941548076819764,False,0.0,False,5.6207525532984075,1.901463682474826
PX-2995,1.338567179822629,False,0.0,False,5.6207525532984075,1.901463682474826
PX-2996,1.0953646990804504,False,0.0,False,5.6207525532984075,1.901463682474826
PX-2997,1.067775507500162,False,0.0,False,5.6207525532984075,1.901463682474826
PX-2998,1.0302074687388636,False,0.0,False,5.6207525532984075,1.901463682474826
PX-2999,0.6142407519026154,False,0.0,False,5.6207525532984075,1.901463682474826
PX-3000,1.0519116047514157,False,0.0,False,5.6207525532984075,1.901463682474826
PX-3001,1.7905795416855206,False,0.0,False,5.6207525532984075,1.901463682474826
PX-3002,1.9805598153341286,False,0.0,False,5.6207525532984075,1.901463682474826
PX-3003,0.283688054028449,False,0.0,False,5.6207525532984075,1.901463682474826
PX-3004,0.6270996373409616,False,0.0,False,5.6207525532984075,1.901463682474826
PX-3005,0.7792977746306207,False,0.0,False,5.6207525532984075,1.901463682474826
PX-3006,0.9933310796843333,False,0.0,False,5.6207525532984075,1.901463682474826
PX-3007,1.2511529280998364,False,0.0,False,5.6207525532984075,1.901463682474826
PX-3008,1.4473570930234896,False,0.0,False,5.6207525532984075,1.901463682474826
PX-3009,1.265571951006427,False,0.0,False,5.6207525532984075,1.901463682474826
PX-3010,1.3113339343188208,False,0.0,False,5.6207525532984075,1.901463682474826
PX-3011,1.0676439646048,False,0.0,False,5.6207525532984075,1.901463682474826
PX-3012,1.110246808908169,False,0.0,False,5.6207525532984075,1.901463682474826
PX-3013,1.1403286592041102,False,0.0,False,5.6207525532984075,1.901463682474826
PX-3014,1.3045469030429793,False,0.0,False,5.6207525532984075,1.901463682474826
PX-3015,1.404104375941186,False,0.0,False,5.6207525532984075,1.901463682474826
PX-3016,1.418746388909966,False,0.0,False,5.6207525532984075,1.901463682474826
PX-3017,1.391102139980335,False,0.0,False,5.6207525532984075,1.901463682474826
PX-3018,1.6231849674044216,False,0.0,False,5.6207525532984075,1.901463682474826
PX-3019,1.6476238775711316,False,0.0,False,5.6207525532984075,1.901463682474826
PX-3020,1.931572114474788,False,0.0,False,5.6207525532984075,1.901463682474826
PX-3021,1.8608525895968224,False,0.0,False,5.6207525532984075,1.901463682474826
PX-3022,1.7372512414735581,False,0.0,False,5.6207525532984075,1.901463682474826
PX-3023,1.5572099628663842,False,0.0,False,5.6207525532984075,1.901463682474826
PX-3024,1.7023358227432883,False,0.0,False,5.6207525532984075,1.901463682474826
PX-3025,1.8428197410966014,False,0.0,False,5.6207525532984075,1.901463682474826
PX-3026,1.8842285053200154,False,0.0,False,5.6207525532984075,1.901463682474826
PX-3027,1.8618987224867265,False,0.0,False,5.6207525532984075,1.901463682474826
PX-3028,1.8485677243273528,False,0.0,False,5.6207525532984075,1.901463682474826
PX-3029,1.7888055546796942,False,0.0,False,5.6207525532984075,1.901463682474826
PX-3030,1.713288044168248,False,0.0,False,5.6207525532984075,1.901463682474826
PX-3031,2.295977408468705,False,0.0,False,5.6207525532984075,1.901463682474826
PX-3032,3.623909547693497,False,0.0,False,5.6207525532984075,1.901463682474826
PX-3033,5.675556687737089,True,1.0,False,5.6207525532984075,1.901463682474826
PX-3034,1.0329204638685034,False,0.0,False,5.6207525532984075,1.901463682474826
PX-3035,0.8633915884142773,False,0.0,False,5.6207525532984075,1.901463682474826
PX-3036,0.916882687175649,False,0.0,False,5.6207525532984075,1.901463682474826
PX-3037,1.3323558906075554,False,0.0,False,5.6207525532984075,1.901463682474826
PX-3038,1.6892516378714006,False,0.0,False,5.6207525532984075,1.901463682474826
PX-3039,1.2848183694424264,False,0.0,False,5.6207525532984075,1.901463682474826
PX-3040,1.1833538720993246,False,0.0,False,5.6207525532984075,1.901463682474826
PX-3041,0.9910168277290072,False,0.0,False,5.6207525532984075,1.901463682474826
PX-3042,0.8883723477305541,False,0.0,False,5.6207525532984075,1.901463682474826
PX-3043,0.6743377222571638,False,0.0,False,5.6207525532984075,1.901463682474826
PX-3044,0.9651116180368575,False,0.0,False,5.6207525532984075,1.901463682474826
PX-3045,0.8542189163350056,False,0.0,False,5.6207525532984075,1.901463682474826
PX-3046,0.7534310080101125,False,0.0,False,5.6207525532984075,1.901463682474826
PX-3047,0.5194961141876551,False,0.0,False,5.6207525532984075,1.901463682474826
PX-3048,0.8831877016262091,False,0.0,False,5.6207525532984075,1.901463682474826
PX-3049,1.0249540399208446,False,0.0,False,5.6207525532984075,1.901463682474826
PX-3050,1.3345470663466017,False,0.0,False,5.6207525532984075,1.901463682474826
PX-3051,1.5849963155451068,False,0.0,False,5.6207525532984075,1.901463682474826
PX-3052,1.6030675649633306,False,0.0,False,5.6207525532984075,1.901463682474826
PX-3053,1.5395426030874457,False,0.0,False,5.6207525532984075,1.901463682474826
PX-3054,1.7618906897189817,False,0.0,False,5.6207525532984075,1.901463682474826
PX-3055,1.639737694931819,False,0.0,False,5.6207525532984075,1.901463682474826
PX-3056,1.6860766247202879,False,0.0,False,5.6207525532984075,1.901463682474826
PX-3057,1.3731698508009682,False,0.0,False,5.6207525532984075,1.901463682474826
PX-3058,1.317251872858849,False,0.0,False,5.6207525532984075,1.901463682474826
PX-3059,1.3626857862467467,False,0.0,False,5.6207525532984075,1.901463682474826
PX-3060,1.1789441621746803,False,0.0,False,5.6207525532984075,1.901463682474826
PX-3061,1.5790084779077045,False,0.0,False,5.6207525532984075,1.901463682474826
PX-3062,2.5375827900552306,False,0.0,False,5.6207525532984075,1.901463682474826
PX-3063,0.45516436748808964,False,0.0,False,5.6207525532984075,1.901463682474826
PX-3064,0.5722827266755992,False,0.0,False,5.6207525532984075,1.901463682474826
PX-3065,0.46010987557513516,False,0.0,False,5.6207525532984075,1.901463682474826
PX-3066,0.6252053472790617,False,0.0,False,5.6207525532984075,1.901463682474826
PX-3067,0.9273043772828924,False,0.0,False,5.6207525532984075,1.901463682474826
PX-3068,0.6182826195702145,False,0.0,False,5.6207525532984075,1.901463682474826
PX-3069,0.49517077578185287,False,0.0,False,5.6207525532984075,1.901463682474826
PX-3070,0.4630120763645138,False,0.0,False,5.6207525532984075,1.901463682474826
PX-3071,0.41517433695970496,False,0.0,False,5.6207525532984075,1.901463682474826
PX-3072,0.3952758721280354,False,0.0,False,5.6207525532984075,1.901463682474826
PX-3073,0.6290848371834947,False,0.0,False,5.6207525532984075,1.901463682474826
PX-3074,0.8956107328065368,False,0.0,False,5.6207525532984075,1.901463682474826
PX-3075,1.1005358514537136,False,0.0,False,5.6207525532984075,1.901463682474826
PX-3076,1.1125373402341232,False,0.0,False,5.6207525532984075,1.901463682474826
PX-3077,1.0420422493572836,False,0.0,False,5.6207525532984075,1.901463682474826
PX-3078,1.0728619195163667,False,0.0,False,5.6207525532984075,1.901463682474826
PX-3079,1.2802508015083358,False,0.0,False,5.6207525532984075,1.901463682474826
PX-3080,1.39514732639568,False,0.0,False,5.6207525532984075,1.901463682474826
PX-3081,1.3599941279513263,False,0.0,False,5.6207525532984075,1.901463682474826
PX-3082,1.268468989727598,False,0.0,False,5.6207525532984075,1.901463682474826
PX-3083,1.261801808514397,False,0.0,False,5.6207525532984075,1.901463682474826
PX-3084,1.447658814071069,False,0.0,False,5.6207525532984075,1.901463682474826
PX-3085,1.421306967446208,False,0.0,False,5.6207525532984075,1.901463682474826
PX-3086,1.7412171911292784,False,0.0,False,5.6207525532984075,1.901463682474826
PX-3087,1.7726914457758074,False,0.0,False,5.6207525532984075,1.901463682474826
PX-3088,1.866126486629014,False,0.0,False,5.6207525532984075,1.901463682474826
PX-3089,2.0436966063207027,False,0.0,False,5.6207525532984075,1.901463682474826
PX-3090,3.0901975956964307,False,0.0,False,5.6207525532984075,1.901463682474826
PX-3091,3.942528593523905,False,0.0,False,5.6207525532984075,1.901463682474826
PX-3092,1.7959912612276536,False,0.0,False,5.6207525532984075,1.901463682474826
PX-3093,1.8037344492941028,False,0.0,False,5.6207525532984075,1.901463682474826
PX-3094,2.100404865073836,False,0.0,False,5.6207525532984075,1.901463682474826
PX-3095,2.1460699472802176,False,0.0,False,5.6207525532984075,1.901463682474826
PX-3096,2.673279208553426,False,0.0,False,5.6207525532984075,1.901463682474826
PX-3097,2.8566074224397866,False,0.0,False,5.6207525532984075,1.901463682474826
PX-3098,3.0490651552805144,False,0.0,False,5.6207525532984075,1.901463682474826
PX-3099,3.073229876104424,False,0.0,False,5.6207525532984075,1.901463682474826
PX-3100,3.319704687569679,False,0.0,False,5.6207525532984075,1.901463682474826
PX-3101,3.316121590369594,False,0.0,False,5.6207525532984075,1.901463682474826
PX-3102,3.2698001435982054,False,0.0,False,5.6207525532984075,1.901463682474826
PX-3103,2.9585705324793103,False,0.0,False,5.6207525532984075,1.901463682474826
PX-3104,2.5865038803448925,False,0.0,False,5.6207525532984075,1.901463682474826
PX-3105,1.9290879725104997,False,0.0,False,5.6207525532984075,1.901463682474826
PX-3106,1.4006335515433381,False,0.0,False,5.6207525532984075,1.901463682474826
PX-3107,0.8684606761537825,False,0.0,False,5.6207525532984075,1.901463682474826
PX-3108,0.3819319540254895,False,0.0,False,5.6207525532984075,1.901463682474826
PX-3109,0.0005296192744683736,False,0.0,False,5.6207525532984075,1.901463682474826
PX-3110,0.10482603508656752,False,0.0,False,5.6207525532984075,1.901463682474826
PX-3111,0.18044666091849493,False,0.0,False,5.6207525532984075,1.901463682474826
PX-3112,0.3850307826163011,False,0.0,False,5.6207525532984075,1.901463682474826
PX-3113,0.7265408698011342,False,0.0,False,5.6207525532984075,1.901463682474826
PX-3114,1.2040721762470454,False,0.0,False,5.6207525532984075,1.901463682474826
PX-3115,1.7071638958031965,False,0.0,False,5.6207525532984075,1.901463682474826
PX-3116,2.160214376938809,False,0.0,False,5.6207525532984075,1.901463682474826
PX-3117,3.3115642826553415,False,0.0,False,5.6207525532984075,1.901463682474826
PX-3118,4.126082852865196,False,0.0,False,5.6207525532984075,1.901463682474826
PX-3119,0.9913545510221642,False,0.0,False,5.6207525532984075,1.901463682474826
PX-3120,0.8109577758696798,False,0.0,False,5.6207525532984075,1.901463682474826
PX-3121,0.8085888837782562,False,0.0,False,5.6207525532984075,1.901463682474826
PX-3122,0.7810043725650928,False,0.0,False,5.6207525532984075,1.901463682474826
PX-3123,1.1676248936134979,False,0.0,False,5.6207525532984075,1.901463682474826
PX-3124,1.307098782624065,False,0.0,False,5.6207525532984075,1.901463682474826
PX-3125,1.1327713733238305,False,0.0,False,5.6207525532984075,1.901463682474826
PX-3126,0.8094803628629865,False,0.0,False,5.6207525532984075,1.901463682474826
PX-3127,0.7047297782187432,False,0.0,False,5.6207525532984075,1.901463682474826
PX-3128,0.8244092360558515,False,0.0,False,5.6207525532984075,1.901463682474826
PX-3129,0.9585002706628494,False,0.0,False,5.6207525532984075,1.901463682474826
PX-3130,0.9895225743820681,False,0.0,False,5.6207525532984075,1.901463682474826
PX-3131,0.6720255161537612,False,0.0,False,5.6207525532984075,1.901463682474826
PX-3132,0.07674355919458442,False,0.0,False,5.6207525532984075,1.901463682474826
PX-3133,-0.010794662410384959,False,0.0,False,5.6207525532984075,1.901463682474826
PX-3134,-0.05600360393406234,False,0.0,False,5.6207525532984075,1.901463682474826
PX-3135,0.17663142838069312,False,0.0,False,5.6207525532984075,1.901463682474826
PX-3136,0.31025291780076714,False,0.0,False,5.6207525532984075,1.901463682474826
PX-3137,0.4492554366089845,False,0.0,False,5.6207525532984075,1.901463682474826
PX-3138,0.43196811603671215,False,0.0,False,5.6207525532984075,1.901463682474826
PX-3139,0.29494040630299523,False,0.0,False,5.6207525532984075,1.901463682474826
PX-3140,0.6954548966167682,False,0.0,False,5.6207525532984075,1.901463682474826
PX-3141,1.0492117908076715,False,0.0,False,5.6207525532984075,1.901463682474826
PX-3142,0.9326890769217737,False,0.0,False,5.6207525532984075,1.901463682474826
PX-3143,1.0901228305170658,False,0.0,False,5.6207525532984075,1.901463682474826
PX-3144,2.3996791276735507,False,0.0,False,5.6207525532984075,1.901463682474826
PX-3145,3.010479955644543,False,0.0,False,5.6207525532984075,1.901463682474826
PX-3146,-0.38264583949938213,False,0.0,False,5.6207525532984075,1.901463682474826
PX-3147,-0.3558806297571131,False,0.0,False,5.6207525532984075,1.901463682474826
PX-3148,-0.383337533429966,False,0.0,False,5.6207525532984075,1.901463682474826
PX-3149,-0.36186027698279233,False,0.0,False,5.6207525532984075,1.901463682474826
PX-3150,-0.5403377986117537,False,0.0,False,5.6207525532984075,1.901463682474826
PX-3151,-0.4896908763634613,False,0.0,False,5.6207525532984075,1.901463682474826
PX-3152,-0.49650098871423687,False,0.0,False,5.6207525532984075,1.901463682474826
PX-3153,-0.2416661091748793,False,0.0,False,5.6207525532984075,1.901463682474826
PX-3154,0.17201687443775704,False,0.0,False,5.6207525532984075,1.901463682474826
PX-3155,0.5678841974645898,False,0.0,False,5.6207525532984075,1.901463682474826
PX-3156,0.7643591468213238,False,0.0,False,5.6207525532984075,1.901463682474826
PX-3157,0.6540963699646092,False,0.0,False,5.6207525532984075,1.901463682474826
PX-3158,0.5307835520531388,False,0.0,False,5.6207525532984075,1.901463682474826
PX-3159,0.8110693922200838,False,0.0,False,5.6207525532984075,1.901463682474826
PX-3160,0.827361847978791,False,0.0,False,5.6207525532984075,1.901463682474826
PX-3161,0.832922763913416,False,0.0,False,5.6207525532984075,1.901463682474826
PX-3162,0.9015493558960621,False,0.0,False,5.6207525532984075,1.901463682474826
PX-3163,0.9956506486936618,False,0.0,False,5.6207525532984075,1.901463682474826
PX-3164,0.875343986534741,False,0.0,False,5.6207525532984075,1.901463682474826
PX-3165,0.8314520079149688,False,0.0,False,5.6207525532984075,1.901463682474826
PX-3166,1.2787190886735136,False,0.0,False,5.6207525532984075,1.901463682474826
PX-3167,1.707249898223223,False,0.0,False,5.6207525532984075,1.901463682474826
PX-3168,1.9666337992994851,False,0.0,False,5.6207525532984075,1.901463682474826
PX-3169,2.5605502969057046,False,0.0,False,5.6207525532984075,1.901463682474826
PX-3170,3.989241604532104,False,0.0,False,5.6207525532984075,1.901463682474826
PX-3171,5.1042018030060845,True,1.0,False,5.6207525532984075,1.901463682474826
PX-3172,1.199804165172127,False,0.0,False,5.6207525532984075,1.901463682474826
PX-3173,1.5373426017945473,False,0.0,False,5.6207525532984075,1.901463682474826
PX-3174,1.5892368262006364,False,0.0,False,5.6207525532984075,1.901463682474826
PX-3175,1.6146227262442228,False,0.0,False,5.6207525532984075,1.901463682474826
PX-3176,1.57003093481487,False,0.0,False,5.6207525532984075,1.901463682474826
PX-3177,1.7824387710246175,False,0.0,False,5.6207525532984075,1.901463682474826
PX-3178,1.9083554044672066,False,0.0,False,5.6207525532984075,1.901463682474826
PX-3179,2.2391085161952695,False,0.0,False,5.6207525532984075,1.901463682474826
PX-3180,2.4866401353025136,False,0.0,False,5.6207525532984075,1.901463682474826
PX-3181,2.3811387940456203,False,0.0,False,5.6207525532984075,1.901463682474826
PX-3182,2.1757547066112437,False,0.0,False,5.6207525532984075,1.901463682474826
PX-3183,2.315056720702213,False,0.0,False,5.6207525532984075,1.901463682474826
PX-3184,2.210394110225021,False,0.0,False,5.6207525532984075,1.901463682474826
PX-3185,2.4234860020775404,False,0.0,False,5.6207525532984075,1.901463682474826
PX-3186,2.515636572636195,False,0.0,False,5.6207525532984075,1.901463682474826
PX-3187,2.809827897303565,False,0.0,False,5.6207525532984075,1.901463682474826
PX-3188,3.0302376728981297,False,0.0,False,5.6207525532984075,1.901463682474826
PX-3189,3.2902463615817883,False,0.0,False,5.6207525532984075,1.901463682474826
PX-3190,3.850685960566084,False,0.0,False,5.6207525532984075,1.901463682474826
PX-3191,4.462688257541783,False,0.0,False,5.6207525532984075,1.901463682474826
PX-3192,5.048509661788211,True,1.0,False,5.6207525532984075,1.901463682474826
PX-3193,6.002502700072988,True,1.0,False,5.6207525532984075,1.901463682474826
PX-3194,7.164546290531423,True,1.0,False,5.6207525532984075,1.901463682474826
PX-3195,8.293007281518943,True,1.0,False,5.6207525532984075,1.901463682474826
PX-3196,2.6893058928746623,False,0.0,False,5.6207525532984075,1.901463682474826
PX-3197,2.407344016904897,False,0.0,False,5.6207525532984075,1.901463682474826
PX-3198,2.0125886028269893,False,0.0,False,5.6207525532984075,1.901463682474826
PX-3199,1.3723789584928596,False,0.0,False,5.6207525532984075,1.901463682474826
PX-3200,1.1188945746460401,False,0.0,False,5.6207525532984075,1.901463682474826
PX-3201,0.9839564091908013,False,0.0,False,5.6207525532984075,1.901463682474826
PX-3202,0.8613543844480773,False,0.0,False,5.6207525532984075,1.901463682474826
PX-3203,1.0757970752239512,False,0.0,False,5.6207525532984075,1.901463682474826
PX-3204,1.646134045824736,False,0.0,False,5.6207525532984075,1.901463682474826
PX-3205,1.9795063523047975,False,0.0,False,5.6207525532984075,1.901463682474826
PX-3206,2.0036060786714422,False,0.0,False,5.6207525532984075,1.901463682474826
PX-3207,2.114219185380051,False,0.0,False,5.6207525532984075,1.901463682474826
PX-3208,2.372278018660749,False,0.0,False,5.6207525532984075,1.901463682474826
PX-3209,2.566416345229497,False,0.0,False,5.6207525532984075,1.901463682474826
PX-3210,2.6986122571826243,False,0.0,False,5.6207525532984075,1.901463682474826
PX-3211,2.9786698946979797,False,0.0,False,5.6207525532984075,1.901463682474826
PX-3212,3.3599663816817067,False,0.0,False,5.6207525532984075,1.901463682474826
PX-3213,2.501726627119565,False,0.0,False,5.6207525532984075,1.901463682474826
PX-3214,1.6857549891148533,False,0.0,False,5.6207525532984075,1.901463682474826
PX-3215,1.2223952668557398,False,0.0,False,5.6207525532984075,1.901463682474826
PX-3216,1.1512252442477369,False,0.0,False,5.6207525532984075,1.901463682474826
PX-3217,2.033753879082056,False,0.0,False,5.6207525532984075,1.901463682474826
PX-3218,3.4022587300601117,False,0.0,False,5.6207525532984075,1.901463682474826
PX-3219,5.1161514185256785,True,1.0,False,5.6207525532984075,1.901463682474826
PX-3220,-1.1368131166408784,False,0.0,False,5.6207525532984075,1.901463682474826
PX-3221,-1.1864137775033061,False,0.0,False,5.6207525532984075,1.901463682474826
PX-3222,-1.3025927429400088,False,0.0,False,5.6207525532984075,1.901463682474826
PX-3223,-1.4690181763746555,False,0.0,False,5.6207525532984075,1.901463682474826
PX-3224,-1.4494849197556299,False,0.0,False,5.6207525532984075,1.901463682474826
PX-3225,-1.4792793685251304,False,0.0,False,5.6207525532984075,1.901463682474826
PX-3226,-1.235035617240916,False,0.0,False,5.6207525532984075,1.901463682474826
PX-3227,-0.925039411732655,False,0.0,False,5.6207525532984075,1.901463682474826
PX-3228,-0.8896174448068184,False,0.0,False,5.6207525532984075,1.901463682474826
PX-3229,-0.9067851652971886,False,0.0,False,5.6207525532984075,1.901463682474826
PX-3230,-0.9114440630228469,False,0.0,False,5.6207525532984075,1.901463682474826
PX-3231,-0.9078742496130747,False,0.0,False,5.6207525532984075,1.901463682474826
PX-3232,-0.5977440610962326,False,0.0,False,5.6207525532984075,1.901463682474826
PX-3233,-0.3625946846183492,False,0.0,False,5.6207525532984075,1.901463682474826
PX-3234,0.04215438714000186,False,0.0,False,5.6207525532984075,1.901463682474826
PX-3235,0.18388038085551273,False,0.0,False,5.6207525532984075,1.901463682474826
PX-3236,0.33672069757008316,False,0.0,False,5.6207525532984075,1.901463682474826
PX-3237,0.6863136183712619,False,0.0,False,5.6207525532984075,1.901463682474826
PX-3238,1.0973251332802079,False,0.0,False,5.6207525532984075,1.901463682474826
PX-3239,1.9121328427258248,False,0.0,False,5.6207525532984075,1.901463682474826
PX-3240,3.661187795520311,False,0.0,False,5.6207525532984075,1.901463682474826
PX-3241,5.967571242426246,True,1.0,False,5.6207525532984075,1.901463682474826
PX-3242,8.535183299646642,True,1.0,False,5.6207525532984075,1.901463682474826
PX-3243,-0.8424644866916751,False,0.0,False,5.6207525532984075,1.901463682474826
PX-3244,-0.8011285620918454,False,0.0,False,5.6207525532984075,1.901463682474826
PX-3245,-0.8283769679215762,False,0.0,False,5.6207525532984075,1.901463682474826
PX-3246,-0.7591228996686716,False,0.0,False,5.6207525532984075,1.901463682474826
PX-3247,-0.6275294877158366,False,0.0,False,5.6207525532984075,1.901463682474826
PX-3248,-0.5650117462723028,False,0.0,False,5.6207525532984075,1.901463682474826
PX-3249,-0.23000474046571462,False,0.0,False,5.6207525532984075,1.901463682474826
PX-3250,-0.03826578721644047,False,0.0,False,5.6207525532984075,1.901463682474826
PX-3251,0.0783997829176819,False,0.0,False,5.6207525532984075,1.901463682474826
PX-3252,0.08234451784159447,False,0.0,False,5.6207525532984075,1.901463682474826
PX-3253,0.11499509421386556,False,0.0,False,5.6207525532984075,1.901463682474826
PX-3254,0.31853098720055684,False,0.0,False,5.6207525532984075,1.901463682474826
PX-3255,0.577043276633697,False,0.0,False,5.6207525532984075,1.901463682474826
PX-3256,0.7030652454279949,False,0.0,False,5.6207525532984075,1.901463682474826
PX-3257,1.1170901651727974,False,0.0,False,5.6207525532984075,1.901463682474826
PX-3258,1.6333098026061084,False,0.0,False,5.6207525532984075,1.901463682474826
PX-3259,2.2507703968150707,False,0.0,False,5.6207525532984075,1.901463682474826
PX-3260,2.668623434160171,False,0.0,False,5.6207525532984075,1.901463682474826
PX-3261,4.077106855213811,True,1.0,False,5.6207525532984075,1.901463682474826
PX-3262,6.416884482339533,True,1.0,False,5.6207525532984075,1.901463682474826
PX-3263,10.766282921836616,True,1.0,False,5.6207525532984075,1.901463682474826
PX-3264,0.5526480134247205,False,0.0,False,5.6207525532984075,1.901463682474826
PX-3265,0.6460713686932742,False,0.0,False,5.6207525532984075,1.901463682474826
PX-3266,0.39600869420473117,False,0.0,False,5.6207525532984075,1.901463682474826
PX-3267,-0.02222973412030882,False,0.0,False,5.6207525532984075,1.901463682474826
PX-3268,-0.20933321196484656,False,0.0,False,5.6207525532984075,1.901463682474826
PX-3269,-0.10575634188937855,False,0.0,False,5.6207525532984075,1.901463682474826
PX-3270,0.057999514313586076,False,0.0,False,5.6207525532984075,1.901463682474826
PX-3271,0.3314612324929822,False,0.0,False,5.6207525532984075,1.901463682474826
PX-3272,0.5071036536276967,False,0.0,False,5.6207525532984075,1.901463682474826
PX-3273,0.46020609588301653,False,0.0,False,5.6207525532984075,1.901463682474826
PX-3274,0.9270884296833728,False,0.0,False,5.6207525532984075,1.901463682474826
PX-3275,1.2979039237630623,False,0.0,False,5.6207525532984075,1.901463682474826
PX-3276,1.5961246168022694,False,0.0,False,5.6207525532984075,1.901463682474826
PX-3277,1.886927926278812,False,0.0,False,5.6207525532984075,1.901463682474826
PX-3278,2.36176551600272,False,0.0,False,5.6207525532984075,1.901463682474826
PX-3279,2.604859502119048,False,0.0,False,5.6207525532984075,1.901463682474826
PX-3280,3.1138384138817283,False,0.0,False,5.6207525532984075,1.901463682474826
PX-3281,3.7568563639489447,True,1.0,False,5.6207525532984075,1.901463682474826
PX-3282,5.445864653187412,True,1.0,False,5.6207525532984075,1.901463682474826
PX-3283,6.717944387463669,True,1.0,False,5.6207525532984075,1.901463682474826
PX-3284,14.276248291912353,True,1.0,False,5.6207525532984075,1.901463682474826
PX-3285,0.6103476115778115,False,0.0,False,5.6207525532984075,1.901463682474826
PX-3286,0.5111519200971912,False,0.0,False,5.6207525532984075,1.901463682474826
PX-3287,0.424518954911159,False,0.0,False,5.6207525532984075,1.901463682474826
PX-3288,0.4585760640240686,False,0.0,False,5.6207525532984075,1.901463682474826
PX-3289,0.5484941060887678,False,0.0,False,5.6207525532984075,1.901463682474826
PX-3290,1.0251285379372774,False,0.0,False,5.6207525532984075,1.901463682474826
PX-3291,1.5229526928976114,False,0.0,False,5.6207525532984075,1.901463682474826
PX-3292,1.62355654452824,False,0.0,False,5.6207525532984075,1.901463682474826
PX-3293,1.482862982703443,False,0.0,False,5.6207525532984075,1.901463682474826
PX-3294,1.8231990626271326,False,0.0,False,5.6207525532984075,1.901463682474826
PX-3295,2.01872782893156,False,0.0,False,5.6207525532984075,1.901463682474826
PX-3296,2.0945330560440993,False,0.0,False,5.6207525532984075,1.901463682474826
PX-3297,2.2708071797847627,False,0.0,False,5.6207525532984075,1.901463682474826
PX-3298,2.612185924280375,False,0.0,False,5.6207525532984075,1.901463682474826
PX-3299,2.6051494924643155,False,0.0,False,5.6207525532984075,1.901463682474826
PX-3300,2.7745232225022,False,0.0,False,5.6207525532984075,1.901463682474826
PX-3301,3.2447279176489925,False,0.0,False,5.6207525532984075,1.901463682474826
PX-3302,5.40563752201081,True,1.0,False,5.6207525532984075,1.901463682474826
PX-3303,5.843628774291902,True,1.0,False,5.6207525532984075,1.901463682474826
PX-3304,0.24047511873256155,False,0.0,False,5.6207525532984075,1.901463682474826
PX-3305,0.12621147512220254,False,0.0,False,5.6207525532984075,1.901463682474826
PX-3306,-0.08155269259958153,False,0.0,False,5.6207525532984075,1.901463682474826
PX-3307,0.024092543098273467,False,0.0,False,5.6207525532984075,1.901463682474826
PX-3308,0.2852650959720542,False,0.0,False,5.6207525532984075,1.901463682474826
PX-3309,0.9476121401621356,False,0.0,False,5.6207525532984075,1.901463682474826
PX-3310,1.319236911611073,False,0.0,False,5.6207525532984075,1.901463682474826
PX-3311,1.5920919389295918,False,0.0,False,5.6207525532984075,1.901463682474826
PX-3312,1.4826466263983367,False,0.0,False,5.6207525532984075,1.901463682474826
PX-3313,1.924377872232597,False,0.0,False,5.6207525532984075,1.901463682474826
PX-3314,2.104546604197349,False,0.0,False,5.6207525532984075,1.901463682474826
PX-3315,2.275412789612659,False,0.0,False,5.6207525532984075,1.901463682474826
PX-3316,2.230769522161445,False,0.0,False,5.6207525532984075,1.901463682474826
PX-3317,2.404987636694397,False,0.0,False,5.6207525532984075,1.901463682474826
PX-3318,2.38286201611586,False,0.0,False,5.6207525532984075,1.901463682474826
PX-3319,2.794426074483649,False,0.0,False,5.6207525532984075,1.901463682474826
PX-3320,3.3060985077156246,False,0.0,False,5.6207525532984075,1.901463682474826
PX-3321,6.490326294014103,True,1.0,False,5.6207525532984075,1.901463682474826
PX-3322,7.434715429249975,True,1.0,False,5.6207525532984075,1.901463682474826
PX-3323,0.5108032985173878,False,0.0,False,5.6207525532984075,1.901463682474826
PX-3324,0.3980221195515572,False,0.0,False,5.6207525532984075,1.901463682474826
PX-3325,0.4384659110633429,False,0.0,False,5.6207525532984075,1.901463682474826
PX-3326,0.39910827639638136,False,0.0,False,5.6207525532984075,1.901463682474826
PX-3327,0.36929084542761004,False,0.0,False,5.6207525532984075,1.901463682474826
PX-3328,0.45421056313431585,False,0.0,False,5.6207525532984075,1.901463682474826
PX-3329,0.8936432021148555,False,0.0,False,5.6207525532984075,1.901463682474826
PX-3330,1.2238574694004676,False,0.0,False,5.6207525532984075,1.901463682474826
PX-3331,1.0740115816624023,False,0.0,False,5.6207525532984075,1.901463682474826
PX-3332,1.4782791748141175,False,0.0,False,5.6207525532984075,1.901463682474826
PX-3333,1.7031123001476,False,0.0,False,5.6207525532984075,1.901463682474826
PX-3334,1.6911550984757113,False,0.0,False,5.6207525532984075,1.901463682474826
PX-3335,2.009403366492794,False,0.0,False,5.6207525532984075,1.901463682474826
PX-3336,2.426509134204382,False,0.0,False,5.6207525532984075,1.901463682474826
PX-3337,2.7555397725136235,False,0.0,False,5.6207525532984075,1.901463682474826
PX-3338,3.023005580378406,False,0.0,False,5.6207525532984075,1.901463682474826
PX-3339,3.5627599852984595,False,0.0,False,5.6207525532984075,1.901463682474826
PX-3340,7.6898669247211995,True,1.0,False,5.6207525532984075,1.901463682474826
PX-3341,11.018594642101602,True,1.0,False,5.6207525532984075,1.901463682474826
PX-3342,-0.1011469864882315,False,0.0,False,5.6207525532984075,1.901463682474826
PX-3343,-0.09249530738428291,False,0.0,False,5.6207525532984075,1.901463682474826
PX-3344,-0.19361622760207453,False,0.0,False,5.6207525532984075,1.901463682474826
PX-3345,-0.07049337606584771,False,0.0,False,5.6207525532984075,1.901463682474826
PX-3346,0.11002616476497273,False,0.0,False,5.6207525532984075,1.901463682474826
PX-3347,0.15961355959886525,False,0.0,False,5.6207525532984075,1.901463682474826
PX-3348,0.3104715367695583,False,0.0,False,5.6207525532984075,1.901463682474826
PX-3349,0.9348958261253575,False,0.0,False,5.6207525532984075,1.901463682474826
PX-3350,1.5129536844460851,False,0.0,False,5.6207525532984075,1.901463682474826
PX-3351,1.5544702286818062,False,0.0,False,5.6207525532984075,1.901463682474826
PX-3352,2.0714478830455363,False,0.0,False,5.6207525532984075,1.901463682474826
PX-3353,2.1264333541564486,False,0.0,False,5.6207525532984075,1.901463682474826
PX-3354,2.0189372889772237,False,0.0,False,5.6207525532984075,1.901463682474826
PX-3355,2.3902404036099867,False,0.0,False,5.6207525532984075,1.901463682474826
PX-3356,2.760835888003001,False,0.0,False,5.6207525532984075,1.901463682474826
PX-3357,3.330170076196218,True,1.0,False,5.6207525532984075,1.901463682474826
PX-3358,3.2451025344620508,True,1.0,False,5.6207525532984075,1.901463682474826
PX-3359,3.5674747802498548,True,1.0,False,5.6207525532984075,1.901463682474826
PX-3360,8.460639836580844,True,1.0,False,5.6207525532984075,1.901463682474826
PX-3361,11.265865784362752,True,1.0,False,5.6207525532984075,1.901463682474826
PX-3362,0.620895870755108,False,0.0,False,5.6207525532984075,1.901463682474826
PX-3363,0.8894904753000574,False,0.0,False,5.6207525532984075,1.901463682474826
PX-3364,0.7204772643256838,False,0.0,False,5.6207525532984075,1.901463682474826
PX-3365,0.8230986308228392,False,0.0,False,5.6207525532984075,1.901463682474826
PX-3366,1.2430071175359636,False,0.0,False,5.6207525532984075,1.901463682474826
PX-3367,1.7547553285079154,False,0.0,False,5.6207525532984075,1.901463682474826
PX-3368,2.397223240739047,False,0.0,False,5.6207525532984075,1.901463682474826
PX-3369,3.325764804124015,False,0.0,False,5.6207525532984075,1.901463682474826
PX-3370,4.03682327300503,True,1.0,False,5.6207525532984075,1.901463682474826
PX-3371,4.138186535464156,True,1.0,False,5.6207525532984075,1.901463682474826
PX-3372,4.63458195535692,True,1.0,False,5.6207525532984075,1.901463682474826
PX-3373,4.60852180817689,True,1.0,False,5.6207525532984075,1.901463682474826
PX-3374,4.457276663220982,True,1.0,False,5.6207525532984075,1.901463682474826
PX-3375,4.057307163600921,True,1.0,False,5.6207525532984075,1.901463682474826
PX-3376,3.919014451609863,True,1.0,False,5.6207525532984075,1.901463682474826
PX-3377,3.6683468375583654,True,1.0,False,5.6207525532984075,1.901463682474826
PX-3378,3.16277357131343,True,1.0,False,5.6207525532984075,1.901463682474826
PX-3379,2.824007296855786,True,1.0,False,5.6207525532984075,1.901463682474826
PX-3380,8.505418346404397,True,1.0,False,5.6207525532984075,1.901463682474826
PX-3381,-1.453269959538563,False,0.0,False,5.6207525532984075,1.901463682474826
PX-3382,-1.6271728999508426,False,0.0,False,5.6207525532984075,1.901463682474826
PX-3383,-1.6310437238341358,False,0.0,False,5.6207525532984075,1.901463682474826
PX-3384,-1.313815475601194,False,0.0,False,5.6207525532984075,1.901463682474826
PX-3385,-1.170344789617289,False,0.0,False,5.6207525532984075,1.901463682474826
PX-3386,-0.6621641636881979,False,0.0,False,5.6207525532984075,1.901463682474826
PX-3387,0.1374550869991502,False,0.0,False,5.6207525532984075,1.901463682474826
PX-3388,0.7924823605316238,False,0.0,False,5.6207525532984075,1.901463682474826
PX-3389,1.2574384568108776,False,0.0,False,5.6207525532984075,1.901463682474826
PX-3390,1.8063212079510436,False,0.0,False,5.6207525532984075,1.901463682474826
PX-3391,2.009795778112789,False,0.0,False,5.6207525532984075,1.901463682474826
PX-3392,2.184623904721798,False,0.0,False,5.6207525532984075,1.901463682474826
PX-3393,2.2991278776842954,False,0.0,False,5.6207525532984075,1.901463682474826
PX-3394,3.1450678530112537,False,0.0,False,5.6207525532984075,1.901463682474826
PX-3395,3.823510845637676,True,1.0,False,5.6207525532984075,1.901463682474826
PX-3396,3.9321065438747773,True,1.0,False,5.6207525532984075,1.901463682474826
PX-3397,4.253483966013185,True,1.0,False,5.6207525532984075,1.901463682474826
PX-3398,12.317138197940672,True,1.0,False,5.6207525532984075,1.901463682474826
PX-3399,-0.2779325993766122,False,0.0,False,5.6207525532984075,1.901463682474826
PX-3400,-0.5015373456425625,False,0.0,False,5.6207525532984075,1.901463682474826
PX-3401,-0.36696410044392636,False,0.0,False,5.6207525532984075,1.901463682474826
PX-3402,-0.7533363389236989,False,0.0,False,5.6207525532984075,1.901463682474826
PX-3403,-1.0564876965296701,False,0.0,False,5.6207525532984075,1.901463682474826
PX-3404,-0.681595602544915,False,0.0,False,5.6207525532984075,1.901463682474826
PX-3405,-0.02119038087041325,False,0.0,False,5.6207525532984075,1.901463682474826
PX-3406,0.3760397418526722,False,0.0,False,5.6207525532984075,1.901463682474826
PX-3407,1.016314890563324,False,0.0,False,5.6207525532984075,1.901463682474826
PX-3408,1.2849683611459195,False,0.0,False,5.6207525532984075,1.901463682474826
PX-3409,1.5690154761110264,False,0.0,False,5.6207525532984075,1.901463682474826
PX-3410,1.5370435012733843,False,0.0,False,5.6207525532984075,1.901463682474826
PX-3411,2.321712239328569,False,0.0,False,5.6207525532984075,1.901463682474826
PX-3412,3.042357229137661,True,1.0,False,5.6207525532984075,1.901463682474826
PX-3413,3.1908586290630048,True,1.0,False,5.6207525532984075,1.901463682474826
PX-3414,3.658075111053586,True,1.0,False,5.6207525532984075,1.901463682474826
PX-3415,15.446952872107232,True,1.0,False,5.6207525532984075,1.901463682474826
PX-3416,-1.5574798313838354,False,0.0,False,5.6207525532984075,1.901463682474826
PX-3417,-1.7554837854956418,False,0.0,False,5.6207525532984075,1.901463682474826
PX-3418,-1.6038259377547366,False,0.0,False,5.6207525532984075,1.901463682474826
PX-3419,-1.605501799119173,False,0.0,False,5.6207525532984075,1.901463682474826
PX-3420,-1.459595354790574,False,0.0,False,5.6207525532984075,1.901463682474826
PX-3421,-0.852209686914712,False,0.0,False,5.6207525532984075,1.901463682474826
PX-3422,0.12413807640763075,False,0.0,False,5.6207525532984075,1.901463682474826
PX-3423,0.5686233481004574,False,0.0,False,5.6207525532984075,1.901463682474826
PX-3424,1.5371755545277708,False,0.0,False,5.6207525532984075,1.901463682474826
PX-3425,2.3274738502251946,False,0.0,False,5.6207525532984075,1.901463682474826
PX-3426,2.878308128568877,False,0.0,False,5.6207525532984075,1.901463682474826
PX-3427,3.0648138728874663,False,0.0,False,5.6207525532984075,1.901463682474826
PX-3428,3.439952706715504,False,0.0,False,5.6207525532984075,1.901463682474826
PX-3429,4.058824345003083,True,1.0,False,5.6207525532984075,1.901463682474826
PX-3430,4.8798697625708325,True,1.0,False,5.6207525532984075,1.901463682474826
PX-3431,5.396444371774033,True,1.0,False,5.6207525532984075,1.901463682474826
PX-3432,25.824194438499397,True,1.0,False,5.6207525532984075,1.901463682474826
PX-3433,-0.7653090177017781,False,0.0,False,5.6207525532984075,1.901463682474826
PX-3434,-1.278527968383246,False,0.0,False,5.6207525532984075,1.901463682474826
PX-3435,-1.3290402290639598,False,0.0,False,5.6207525532984075,1.901463682474826
PX-3436,-1.345502051505699,False,0.0,False,5.6207525532984075,1.901463682474826
PX-3437,-1.039221973023901,False,0.0,False,5.6207525532984075,1.901463682474826
PX-3438,-0.3374391709048137,False,0.0,False,5.6207525532984075,1.901463682474826
PX-3439,0.7319780199219341,False,0.0,False,5.6207525532984075,1.901463682474826
PX-3440,1.1282041223567454,False,0.0,False,5.6207525532984075,1.901463682474826
PX-3441,1.836640639565287,False,0.0,False,5.6207525532984075,1.901463682474826
PX-3442,2.6541222553534176,False,0.0,False,5.6207525532984075,1.901463682474826
PX-3443,3.5362291542454507,False,0.0,False,5.6207525532984075,1.901463682474826
PX-3444,4.22636244327731,True,1.0,False,5.6207525532984075,1.901463682474826
PX-3445,5.021420133849114,True,1.0,False,5.6207525532984075,1.901463682474826
PX-3446,6.090348708473693,True,1.0,False,5.6207525532984075,1.901463682474826
PX-3447,7.488868541315593,True,1.0,False,5.6207525532984075,1.901463682474826
PX-3448,2.251740055226321,False,0.0,False,5.6207525532984075,1.901463682474826
PX-3449,0.6696065780908356,False,0.0,False,5.6207525532984075,1.901463682474826
PX-3450,0.6857981520263969,False,0.0,False,5.6207525532984075,1.901463682474826
PX-3451,0.6673510648942997,False,0.0,False,5.6207525532984075,1.901463682474826
PX-3452,0.9543898124631713,False,0.0,False,5.6207525532984075,1.901463682474826
PX-3453,1.7549093496407355,False,0.0,False,5.6207525532984075,1.901463682474826
PX-3454,1.9073921861412355,False,0.0,False,5.6207525532984075,1.901463682474826
PX-3455,2.343021269028535,False,0.0,False,5.6207525532984075,1.901463682474826
PX-3456,3.0418187800631724,False,0.0,False,5.6207525532984075,1.901463682474826
PX-3457,3.5373311868788093,False,0.0,False,5.6207525532984075,1.901463682474826
PX-3458,4.097199707540248,True,1.0,False,5.6207525532984075,1.901463682474826
PX-3459,5.059799503307078,True,1.0,False,5.6207525532984075,1.901463682474826
PX-3460,6.418835155637623,True,1.0,False,5.6207525532984075,1.901463682474826
PX-3461,8.803329808893015,True,1.0,False,5.6207525532984075,1.901463682474826
PX-3462,3.761941882263299,True,1.0,False,5.6207525532984075,1.901463682474826
PX-3463,1.2650872132656215,False,0.0,False,5.6207525532984075,1.901463682474826
PX-3464,1.2969662801679274,False,0.0,False,5.6207525532984075,1.901463682474826
PX-3465,1.218701483731353,False,0.0,False,5.6207525532984075,1.901463682474826
PX-3466,0.9188113458964882,False,0.0,False,5.6207525532984075,1.901463682474826
PX-3467,1.269917680073366,False,0.0,False,5.6207525532984075,1.901463682474826
PX-3468,1.8919061368770436,False,0.0,False,5.6207525532984075,1.901463682474826
PX-3469,1.795814766263378,False,0.0,False,5.6207525532984075,1.901463682474826
PX-3470,2.0112357272449284,False,0.0,False,5.6207525532984075,1.901463682474826
PX-3471,2.620077419831178,False,0.0,False,5.6207525532984075,1.901463682474826
PX-3472,3.219634885969736,False,0.0,False,5.6207525532984075,1.901463682474826
PX-3473,3.824276368226972,False,0.0,False,5.6207525532984075,1.901463682474826
PX-3474,4.929478536703915,True,1.0,False,5.6207525532984075,1.901463682474826
PX-3475,6.703024071128564,True,1.0,False,5.6207525532984075,1.901463682474826
PX-3476,9.794189013703274,True,1.0,False,5.6207525532984075,1.901463682474826
PX-3477,6.991706639468132,True,1.0,False,5.6207525532984075,1.901463682474826
PX-3478,0.4120447708781949,False,0.0,False,5.6207525532984075,1.901463682474826
PX-3479,0.5144331847671779,False,0.0,False,5.6207525532984075,1.901463682474826
PX-3480,0.26924920077507153,False,0.0,False,5.6207525532984075,1.901463682474826
PX-3481,0.6391102881637867,False,0.0,False,5.6207525532984075,1.901463682474826
PX-3482,1.6194584115225474,False,0.0,False,5.6207525532984075,1.901463682474826
PX-3483,1.4001733979051956,False,0.0,False,5.6207525532984075,1.901463682474826
PX-3484,1.137851404276498,False,0.0,False,5.6207525532984075,1.901463682474826
PX-3485,0.9561827662288636,False,0.0,False,5.6207525532984075,1.901463682474826
PX-3486,0.9129270047999078,False,0.0,False,5.6207525532984075,1.901463682474826
PX-3487,1.1695866295861883,False,0.0,False,5.6207525532984075,1.901463682474826
PX-3488,2.242694148944956,False,0.0,False,5.6207525532984075,1.901463682474826
PX-3489,4.258886968674982,True,1.0,False,5.6207525532984075,1.901463682474826
PX-3490,8.21387088063334,True,1.0,False,5.6207525532984075,1.901463682474826
PX-3491,-2.5527437887563913,False,0.0,False,5.6207525532984075,1.901463682474826
PX-3492,-2.586640471990421,False,0.0,False,5.6207525532984075,1.901463682474826
PX-3493,-2.8649770990874117,False,0.0,False,5.6207525532984075,1.901463682474826
PX-3494,-2.5837244193754927,False,0.0,False,5.6207525532984075,1.901463682474826
PX-3495,-1.6956679756352546,False,0.0,False,5.6207525532984075,1.901463682474826
PX-3496,-1.6166413186268898,False,0.0,False,5.6207525532984075,1.901463682474826
PX-3497,-1.0050325510465097,False,0.0,False,5.6207525532984075,1.901463682474826
PX-3498,-0.16954544340204158,False,0.0,False,5.6207525532984075,1.901463682474826
PX-3499,0.5809005716188373,False,0.0,False,5.6207525532984075,1.901463682474826
PX-3500,1.4886444310339435,False,0.0,False,5.6207525532984075,1.901463682474826
PX-3501,2.6161625933703796,False,0.0,False,5.6207525532984075,1.901463682474826
PX-3502,4.913190713099379,True,1.0,False,5.6207525532984075,1.901463682474826
PX-3503,9.661751725228502,True,1.0,False,5.6207525532984075,1.901463682474826
PX-3504,-1.9609999667144553,False,0.0,False,5.6207525532984075,1.901463682474826
PX-3505,-2.2697255158481386,False,0.0,False,5.6207525532984075,1.901463682474826
PX-3506,-2.3230122750709885,False,0.0,False,5.6207525532984075,1.901463682474826
PX-3507,-2.4562917587455875,False,0.0,False,5.6207525532984075,1.901463682474826
PX-3508,-2.2305345693487038,False,0.0,False,5.6207525532984075,1.901463682474826
PX-3509,-1.46815366268269,False,0.0,False,5.6207525532984075,1.901463682474826
PX-3510,-1.3511525166896803,False,0.0,False,5.6207525532984075,1.901463682474826
PX-3511,-0.6538733093519635,False,0.0,False,5.6207525532984075,1.901463682474826
PX-3512,0.13316609938564028,False,0.0,False,5.6207525532984075,1.901463682474826
PX-3513,1.1963184731395842,False,0.0,False,5.6207525532984075,1.901463682474826
PX-3514,2.3710419282784603,False,0.0,False,5.6207525532984075,1.901463682474826
PX-3515,3.792384479324257,False,0.0,False,5.6207525532984075,1.901463682474826
PX-3516,6.594831502999064,True,1.0,False,5.6207525532984075,1.901463682474826
PX-3517,12.77031245417916,True,1.0,False,5.6207525532984075,1.901463682474826
PX-3518,-1.3473112643394742,False,0.0,False,5.6207525532984075,1.901463682474826
PX-3519,-1.3913779241306585,False,0.0,False,5.6207525532984075,1.901463682474826
PX-3520,-1.5697297015837055,False,0.0,False,5.6207525532984075,1.901463682474826
PX-3521,-1.4439162780080572,False,0.0,False,5.6207525532984075,1.901463682474826
PX-3522,-0.7298812011099542,False,0.0,False,5.6207525532984075,1.901463682474826
PX-3523,-0.6746120181161466,False,0.0,False,5.6207525532984075,1.901463682474826
PX-3524,-0.24257021020286373,False,0.0,False,5.6207525532984075,1.901463682474826
PX-3525,0.4065721306178425,False,0.0,False,5.6207525532984075,1.901463682474826
PX-3526,1.520196879991353,False,0.0,False,5.6207525532984075,1.901463682474826
PX-3527,3.1819873975640203,False,0.0,False,5.6207525532984075,1.901463682474826
PX-3528,4.502122286864195,True,1.0,False,5.6207525532984075,1.901463682474826
PX-3529,8.496926637090723,True,1.0,False,5.6207525532984075,1.901463682474826
PX-3530,17.704595100414252,True,1.0,False,5.6207525532984075,1.901463682474826
PX-3531,0.029468231129966327,False,0.0,False,5.6207525532984075,1.901463682474826
PX-3532,-0.14370383173846868,False,0.0,False,5.6207525532984075,1.901463682474826
PX-3533,0.05536574527293858,False,0.0,False,5.6207525532984075,1.901463682474826
PX-3534,-0.11953170199391039,False,0.0,False,5.6207525532984075,1.901463682474826
PX-3535,0.02585551746597936,False,0.0,False,5.6207525532984075,1.901463682474826
PX-3536,0.6577977974556966,False,0.0,False,5.6207525532984075,1.901463682474826
PX-3537,0.47312720346149817,False,0.0,False,5.6207525532984075,1.901463682474826
PX-3538,0.5989736119672173,False,0.0,False,5.6207525532984075,1.901463682474826
PX-3539,1.0021439883842973,False,0.0,False,5.6207525532984075,1.901463682474826
PX-3540,2.0864857208029175,False,0.0,False,5.6207525532984075,1.901463682474826
PX-3541,3.873793097109397,True,1.0,False,5.6207525532984075,1.901463682474826
PX-3542,5.12509810273148,True,1.0,False,5.6207525532984075,1.901463682474826
PX-3543,9.35480415413273,True,1.0,False,5.6207525532984075,1.901463682474826
PX-3544,21.984725548147708,True,1.0,False,5.6207525532984075,1.901463682474826
PX-3545,-0.0011509242214096105,False,0.0,False,5.6207525532984075,1.901463682474826
PX-3546,-0.27846241077056,False,0.0,False,5.6207525532984075,1.901463682474826
PX-3547,-0.11741105889849024,False,0.0,False,5.6207525532984075,1.901463682474826
PX-3548,-0.17351119694194672,False,0.0,False,5.6207525532984075,1.901463682474826
PX-3549,-0.05841576732286491,False,0.0,False,5.6207525532984075,1.901463682474826
PX-3550,0.30858172261917893,False,0.0,False,5.6207525532984075,1.901463682474826
PX-3551,0.3005310284001368,False,0.0,False,5.6207525532984075,1.901463682474826
PX-3552,0.7824913478352862,False,0.0,False,5.6207525532984075,1.901463682474826
PX-3553,1.2832063724417146,False,0.0,False,5.6207525532984075,1.901463682474826
PX-3554,2.641432367019666,False,0.0,False,5.6207525532984075,1.901463682474826
PX-3555,5.088349412859749,True,1.0,False,5.6207525532984075,1.901463682474826
PX-3556,6.55800919078367,True,1.0,False,5.6207525532984075,1.901463682474826
PX-3557,12.029411298771306,True,1.0,False,5.6207525532984075,1.901463682474826
PX-3558,34.80906159745571,True,1.0,False,5.6207525532984075,1.901463682474826
PX-3559,1.2117371560508055,False,0.0,False,5.6207525532984075,1.901463682474826
PX-3560,1.168549628684703,False,0.0,False,5.6207525532984075,1.901463682474826
PX-3561,1.042348942201615,False,0.0,False,5.6207525532984075,1.901463682474826
PX-3562,1.034849162899155,False,0.0,False,5.6207525532984075,1.901463682474826
PX-3563,0.5624131409361084,False,0.0,False,5.6207525532984075,1.901463682474826
PX-3564,0.23849380261584585,False,0.0,False,5.6207525532984075,1.901463682474826
PX-3565,0.3773781963255516,False,0.0,False,5.6207525532984075,1.901463682474826
PX-3566,0.6375275229712472,False,0.0,False,5.6207525532984075,1.901463682474826
PX-3567,1.6490620348469953,False,0.0,False,5.6207525532984075,1.901463682474826
PX-3568,3.2761218774160223,False,0.0,False,5.6207525532984075,1.901463682474826
PX-3569,3.6406805717011608,False,0.0,False,5.6207525532984075,1.901463682474826
PX-3570,5.715713275919452,True,1.0,False,5.6207525532984075,1.901463682474826
PX-3571,1.120543669200602,False,0.0,False,5.6207525532984075,1.901463682474826
PX-3572,1.1683043947823553,False,0.0,False,5.6207525532984075,1.901463682474826
PX-3573,1.0555519136101967,False,0.0,False,5.6207525532984075,1.901463682474826
PX-3574,0.9295400394202176,False,0.0,False,5.6207525532984075,1.901463682474826
PX-3575,0.5835964780752807,False,0.0,False,5.6207525532984075,1.901463682474826
PX-3576,0.3675681001585094,False,0.0,False,5.6207525532984075,1.901463682474826
PX-3577,0.5123698254311471,False,0.0,False,5.6207525532984075,1.901463682474826
PX-3578,0.7695783169342896,False,0.0,False,5.6207525532984075,1.901463682474826
PX-3579,2.092045825744856,False,0.0,False,5.6207525532984075,1.901463682474826
PX-3580,3.9820442042050868,False,0.0,False,5.6207525532984075,1.901463682474826
PX-3581,4.316291743663612,False,0.0,False,5.6207525532984075,1.901463682474826
PX-3582,9.303643196513063,True,1.0,False,5.6207525532984075,1.901463682474826
PX-3583,1.8062730729859204,False,0.0,False,5.6207525532984075,1.901463682474826
PX-3584,1.8266086377531536,False,0.0,False,5.6207525532984075,1.901463682474826
PX-3585,1.6541265576624067,False,0.0,False,5.6207525532984075,1.901463682474826
PX-3586,1.3710359417171958,False,0.0,False,5.6207525532984075,1.901463682474826
PX-3587,0.850606859090913,False,0.0,False,5.6207525532984075,1.901463682474826
PX-3588,0.4298317781818657,False,0.0,False,5.6207525532984075,1.901463682474826
PX-3589,0.5702881402038855,False,0.0,False,5.6207525532984075,1.901463682474826
PX-3590,0.8699658041331837,False,0.0,False,5.6207525532984075,1.901463682474826
PX-3591,1.856296308856697,False,0.0,False,5.6207525532984075,1.901463682474826
PX-3592,3.879489010947049,False,0.0,False,5.6207525532984075,1.901463682474826
PX-3593,3.6257538621414156,False,0.0,False,5.6207525532984075,1.901463682474826
PX-3594,2.406688686716347,False,0.0,False,5.6207525532984075,1.901463682474826
PX-3595,2.103201034160568,False,0.0,False,5.6207525532984075,1.901463682474826
PX-3596,1.7029689807675883,False,0.0,False,5.6207525532984075,1.901463682474826
PX-3597,1.1225117077313218,False,0.0,False,5.6207525532984075,1.901463682474826
PX-3598,1.4282777584402417,False,0.0,False,5.6207525532984075,1.901463682474826
PX-3599,1.0912573243361638,False,0.0,False,5.6207525532984075,1.901463682474826
PX-3600,2.053709367093399,False,0.0,False,5.6207525532984075,1.901463682474826
PX-3601,4.509187123851072,False,0.0,False,5.6207525532984075,1.901463682474826
PX-3602,3.5642611271986784,False,0.0,False,5.6207525532984075,1.901463682474826
PX-3603,1.6276938862098351,False,0.0,False,5.6207525532984075,1.901463682474826
PX-3604,1.6877654775426656,False,0.0,False,5.6207525532984075,1.901463682474826
PX-3605,1.4824172331013585,False,0.0,False,5.6207525532984075,1.901463682474826
PX-3606,1.0714184509274336,False,0.0,False,5.6207525532984075,1.901463682474826
PX-3607,0.6462652167584935,False,0.0,False,5.6207525532984075,1.901463682474826
PX-3608,1.1893511099507545,False,0.0,False,5.6207525532984075,1.901463682474826
PX-3609,1.3570651648018544,False,0.0,False,5.6207525532984075,1.901463682474826
PX-3610,2.812175974623397,False,0.0,False,5.6207525532984075,1.901463682474826
PX-3611,7.02112505027349,True,1.0,False,5.6207525532984075,1.901463682474826
PX-3612,8.06678409317867,True,1.0,False,5.6207525532984075,1.901463682474826
PX-3613,2.2125851693831375,False,0.0,False,5.6207525532984075,1.901463682474826
PX-3614,2.3815288447805454,False,0.0,False,5.6207525532984075,1.901463682474826
PX-3615,1.9027454270275648,False,0.0,False,5.6207525532984075,1.901463682474826
PX-3616,1.6012113077962304,False,0.0,False,5.6207525532984075,1.901463682474826
PX-3617,2.1235979174821296,False,0.0,False,5.6207525532984075,1.901463682474826
PX-3618,2.2003171013201737,False,0.0,False,5.6207525532984075,1.901463682474826
PX-3619,3.9715922063717564,False,0.0,False,5.6207525532984075,1.901463682474826
PX-3620,12.451285374548329,True,1.0,False,5.6207525532984075,1.901463682474826
PX-3621,2.652357014627123,False,0.0,False,5.6207525532984075,1.901463682474826
PX-3622,2.112889293848488,False,0.0,False,5.6207525532984075,1.901463682474826
PX-3623,1.5653917943391527,False,0.0,False,5.6207525532984075,1.901463682474826
PX-3624,1.7784371625023638,False,0.0,False,5.6207525532984075,1.901463682474826
PX-3625,1.7028699073622082,False,0.0,False,5.6207525532984075,1.901463682474826
PX-3626,3.308407727188234,False,0.0,False,5.6207525532984075,1.901463682474826
PX-3627,2.219686587716149,False,0.0,False,5.6207525532984075,1.901463682474826
PX-3628,2.1701387078624865,False,0.0,False,5.6207525532984075,1.901463682474826
PX-3629,1.6602601412443452,False,0.0,False,5.6207525532984075,1.901463682474826
PX-3630,2.3457609798208328,False,0.0,False,5.6207525532984075,1.901463682474826
PX-3631,3.3103848715826665,False,0.0,False,5.6207525532984075,1.901463682474826
PX-3632,6.202990110852175,True,1.0,False,5.6207525532984075,1.901463682474826
PX-3633,2.615773755191423,False,0.0,False,5.6207525532984075,1.901463682474826
PX-3634,3.0807924215892086,False,0.0,False,5.6207525532984075,1.901463682474826
PX-3635,3.471319690788871,False,0.0,False,5.6207525532984075,1.901463682474826
PX-3636,3.680002345261757,False,0.0,False,5.6207525532984075,1.901463682474826
PX-3637,3.665712618265065,False,0.0,False,5.6207525532984075,1.901463682474826
PX-3638,5.177889712846623,False,0.0,False,5.6207525532984075,1.901463682474826
PX-3639,6.7102441248192815,False,0.0,False,5.6207525532984075,1.901463682474826
PX-3640,10.287257904765921,True,1.0,False,5.6207525532984075,1.901463682474826
PX-3641,5.101404669692119,True,1.0,False,5.6207525532984075,1.901463682474826
PX-3642,5.052249067591456,True,1.0,False,5.6207525532984075,1.901463682474826
PX-3643,5.262380971745191,True,1.0,False,5.6207525532984075,1.901463682474826
PX-3644,5.291147829280137,True,1.0,False,5.6207525532984075,1.901463682474826
PX-3645,4.419166495053718,True,1.0,False,5.6207525532984075,1.901463682474826
PX-3646,5.112430703607007,False,0.0,False,5.6207525532984075,1.901463682474826
PX-3647,6.130362196275206,False,0.0,False,5.6207525532984075,1.901463682474826
PX-3648,2.5032291982406516,False,0.0,False,5.6207525532984075,1.901463682474826
PX-3649,1.907274512511158,False,0.0,False,5.6207525532984075,1.901463682474826
PX-3650,1.8572643160295854,False,0.0,False,5.6207525532984075,1.901463682474826
PX-3651,1.9521345268747794,False,0.0,False,5.6207525532984075,1.901463682474826
PX-3652,1.3084222955704092,False,0.0,False,5.6207525532984075,1.901463682474826
PX-3653,2.9262982937670294,False,0.0,False,5.6207525532984075,1.901463682474826
PX-3654,6.547456071586737,False,0.0,False,5.6207525532984075,1.901463682474826
PX-3655,0.5983221536355234,False,0.0,False,5.6207525532984075,1.901463682474826
PX-3656,1.3091164682493392,False,0.0,False,5.6207525532984075,1.901463682474826
PX-3657,2.27095154166145,False,0.0,False,5.6207525532984075,1.901463682474826
PX-3658,1.7256194506260147,False,0.0,False,5.6207525532984075,1.901463682474826
PX-3659,2.3041110251629906,False,0.0,False,5.6207525532984075,1.901463682474826
PX-3660,1.4532120127647676,False,0.0,False,5.6207525532984075,1.901463682474826
PX-3661,2.047702119846001,False,0.0,False,5.6207525532984075,1.901463682474826
PX-3662,3.1415080761469056,False,0.0,False,5.6207525532984075,1.901463682474826
PX-3663,2.4290867593596506,False,0.0,False,5.6207525532984075,1.901463682474826
PX-3664,2.1660615700170407,False,0.0,False,5.6207525532984075,1.901463682474826
PX-3665,1.4479737093964236,False,0.0,False,5.6207525532984075,1.901463682474826
PX-3666,2.4426328942024362,False,0.0,False,5.6207525532984075,1.901463682474826
PX-3667,4.2862158163391975,True,1.0,False,5.6207525532984075,1.901463682474826
PX-3668,3.716069708802044,True,1.0,False,5.6207525532984075,1.901463682474826
PX-3669,1.091678584056334,False,0.0,False,5.6207525532984075,1.901463682474826
PX-3670,1.8495841795467953,False,0.0,False,5.6207525532984075,1.901463682474826
PX-3671,4.274504659038492,True,1.0,False,5.6207525532984075,1.901463682474826
PX-3672,5.018992027486647,True,1.0,False,5.6207525532984075,1.901463682474826
PX-3673,0.5365341637594536,False,0.0,False,5.6207525532984075,1.901463682474826
PX-3674,1.009733842462257,False,0.0,False,5.6207525532984075,1.901463682474826
PX-3675,4.3238706432883784,True,1.0,False,5.6207525532984075,1.901463682474826
PX-3676,6.302130751493815,True,1.0,False,5.6207525532984075,1.901463682474826
PX-3677,3.63861390484489,True,1.0,False,5.6207525532984075,1.901463682474826
PX-3678,3.1624364014859356,False,0.0,False,5.6207525532984075,1.901463682474826
PX-3679,4.869150033811216,True,1.0,False,5.6207525532984075,1.901463682474826
PX-3680,4.198493292547388,True,1.0,False,5.6207525532984075,1.901463682474826
PX-3681,5.698559078896645,True,1.0,False,5.6207525532984075,1.901463682474826
PX-3682,3.5457824518794503,False,0.0,False,5.6207525532984075,1.901463682474826
PX-3683,4.718937509038609,True,1.0,False,5.6207525532984075,1.901463682474826
PX-3684,6.7062173262379385,True,1.0,False,5.6207525532984075,1.901463682474826
PX-3685,4.423778605597889,True,1.0,False,5.6207525532984075,1.901463682474826
PX-3686,7.303469273460031,True,1.0,False,5.6207525532984075,1.901463682474826
PX-3687,2.098772890530908,False,0.0,False,5.6207525532984075,1.901463682474826
PX-3688,3.7142899622411143,False,0.0,False,5.6207525532984075,1.901463682474826
PX-3689,2.272052036796193,False,0.0,False,5.6207525532984075,1.901463682474826
PX-3690,3.0585309594252923,False,0.0,False,5.6207525532984075,1.901463682474826
PX-3691,3.645250529595863,False,0.0,False,5.6207525532984075,1.901463682474826
PX-3692,3.1710028034630025,False,0.0,False,5.6207525532984075,1.901463682474826
PX-3693,3.8738977777539034,False,0.0,False,5.6207525532984075,1.901463682474826
PX-3694,2.6268947976425565,False,0.0,False,5.6207525532984075,1.901463682474826
PX-3695,4.3890382095025515,False,0.0,False,5.6207525532984075,1.901463682474826
PX-3696,3.172151549948648,False,0.0,False,5.6207525532984075,1.901463682474826
PX-3697,3.1287983458977635,False,0.0,False,5.6207525532984075,1.901463682474826
PX-3698,3.112636961753484,False,0.0,False,5.6207525532984075,1.901463682474826
PX-3699,2.8776513977419693,False,0.0,False,5.6207525532984075,1.901463682474826
PX-3700,2.793716552249215,False,0.0,False,5.6207525532984075,1.901463682474826
PX-3701,3.428053602061313,False,0.0,False,5.6207525532984075,1.901463682474826
PX-3702,4.334419850298593,True,1.0,False,5.6207525532984075,1.901463682474826
PX-3703,4.881975421305961,False,0.0,False,5.6207525532984075,1.901463682474826
PX-3704,2.9341996095435885,False,0.0,False,5.6207525532984075,1.901463682474826
PX-3705,2.652054301863302,False,0.0,False,5.6207525532984075,1.901463682474826
PX-3706,2.712626216108122,False,0.0,False,5.6207525532984075,1.901463682474826
PX-3707,3.012998482989577,False,0.0,False,5.6207525532984075,1.901463682474826
PX-3708,3.2541547862759828,False,0.0,False,5.6207525532984075,1.901463682474826
PX-3709,3.403098318755733,False,0.0,False,5.6207525532984075,1.901463682474826
PX-3710,3.745228854428854,False,0.0,False,5.6207525532984075,1.901463682474826
PX-3711,4.885101059285292,True,1.0,False,5.6207525532984075,1.901463682474826
PX-3712,5.932282945972146,True,1.0,False,5.6207525532984075,1.901463682474826
PX-3713,3.994594773192034,True,1.0,False,5.6207525532984075,1.901463682474826
PX-3714,4.445953578837948,True,1.0,False,5.6207525532984075,1.901463682474826
PX-3715,4.720526540176579,True,1.0,False,5.6207525532984075,1.901463682474826
PX-3716,4.800382836025934,True,1.0,False,5.6207525532984075,1.901463682474826
PX-3717,4.926861726916226,True,1.0,False,5.6207525532984075,1.901463682474826
PX-3718,4.8348104179524825,True,1.0,False,5.6207525532984075,1.901463682474826
PX-3719,4.984444652557297,True,1.0,False,5.6207525532984075,1.901463682474826
PX-3720,5.408627507241883,True,1.0,False,5.6207525532984075,1.901463682474826
PX-3721,7.291109198171213,True,1.0,False,5.6207525532984075,1.901463682474826
PX-3722,9.724583338562999,True,1.0,False,5.6207525532984075,1.901463682474826
PX-3723,4.4227069415324625,True,1.0,False,5.6207525532984075,1.901463682474826
PX-3724,4.230769719261211,True,1.0,False,5.6207525532984075,1.901463682474826
PX-3725,4.048010428376857,True,1.0,False,5.6207525532984075,1.901463682474826
PX-3726,3.781431170477111,False,0.0,False,5.6207525532984075,1.901463682474826
PX-3727,3.8850188003696076,True,1.0,False,5.6207525532984075,1.901463682474826
PX-3728,3.980752703153769,True,1.0,False,5.6207525532984075,1.901463682474826
PX-3729,3.987075559207396,True,1.0,False,5.6207525532984075,1.901463682474826
PX-3730,4.307667995145463,True,1.0,False,5.6207525532984075,1.901463682474826
PX-3731,5.008629723918439,True,1.0,False,5.6207525532984075,1.901463682474826
PX-3732,7.561142135240239,True,1.0,False,5.6207525532984075,1.901463682474826
PX-3733,5.2632013840488465,True,1.0,False,5.6207525532984075,1.901463682474826
PX-3734,5.415575015031147,True,1.0,False,5.6207525532984075,1.901463682474826
PX-3735,5.60380614053976,True,1.0,False,5.6207525532984075,1.901463682474826
PX-3736,5.399474065576843,True,1.0,False,5.6207525532984075,1.901463682474826
PX-3737,5.026767067772047,True,1.0,False,5.6207525532984075,1.901463682474826
PX-3738,4.717288353051739,True,1.0,False,5.6207525532984075,1.901463682474826
PX-3739,4.390970971946677,True,1.0,False,5.6207525532984075,1.901463682474826
PX-3740,3.9125289379196655,True,1.0,False,5.6207525532984075,1.901463682474826
PX-3741,3.607129467919586,False,0.0,False,5.6207525532984075,1.901463682474826
PX-3742,3.8076066914281803,False,0.0,False,5.6207525532984075,1.901463682474826
PX-3743,6.003027917298077,True,1.0,False,5.6207525532984075,1.901463682474826
PX-3744,3.6939992656559433,True,1.0,False,5.6207525532984075,1.901463682474826
PX-3745,3.711065681853963,False,0.0,False,5.6207525532984075,1.901463682474826
PX-3746,3.8893742933588875,False,0.0,False,5.6207525532984075,1.901463682474826
PX-3747,4.188983900014206,True,1.0,False,5.6207525532984075,1.901463682474826
PX-3748,4.396241790540278,True,1.0,False,5.6207525532984075,1.901463682474826
PX-3749,4.501115974510279,True,1.0,False,5.6207525532984075,1.901463682474826
PX-3750,4.494332265000967,True,1.0,False,5.6207525532984075,1.901463682474826
PX-3751,4.497104168475655,True,1.0,False,5.6207525532984075,1.901463682474826
PX-3752,4.35923670723888,True,1.0,False,5.6207525532984075,1.901463682474826
PX-3753,4.439428437101521,True,1.0,False,5.6207525532984075,1.901463682474826
PX-3754,4.475013493415888,True,1.0,False,5.6207525532984075,1.901463682474826
PX-3755,6.765733663803243,True,1.0,False,5.6207525532984075,1.901463682474826
PX-3756,3.354450123826508,False,0.0,False,5.6207525532984075,1.901463682474826
PX-3757,2.3321267885428583,False,0.0,False,5.6207525532984075,1.901463682474826
PX-3758,1.61286151838641,False,0.0,False,5.6207525532984075,1.901463682474826
PX-3759,1.3046348474562883,False,0.0,False,5.6207525532984075,1.901463682474826
PX-3760,1.3183185985567683,False,0.0,False,5.6207525532984075,1.901463682474826
PX-3761,1.2869693813133978,False,0.0,False,5.6207525532984075,1.901463682474826
PX-3762,1.2410574696347858,False,0.0,False,5.6207525532984075,1.901463682474826
PX-3763,1.3267597587466078,False,0.0,False,5.6207525532984075,1.901463682474826
PX-3764,1.2576822823129277,False,0.0,False,5.6207525532984075,1.901463682474826
PX-3765,1.2430058338252188,False,0.0,False,5.6207525532984075,1.901463682474826
PX-3766,1.6621137733014315,False,0.0,False,5.6207525532984075,1.901463682474826
PX-3767,5.899330825209958,True,1.0,False,5.6207525532984075,1.901463682474826
PX-3768,1.9455738921890777,False,0.0,False,5.6207525532984075,1.901463682474826
PX-3769,1.8145715510512588,False,0.0,False,5.6207525532984075,1.901463682474826
PX-3770,1.669517311448356,False,0.0,False,5.6207525532984075,1.901463682474826
PX-3771,1.486607929831532,False,0.0,False,5.6207525532984075,1.901463682474826
PX-3772,1.3243891139363733,False,0.0,False,5.6207525532984075,1.901463682474826
PX-3773,1.1719784958551394,False,0.0,False,5.6207525532984075,1.901463682474826
PX-3774,0.9069982262145224,False,0.0,False,5.6207525532984075,1.901463682474826
PX-3775,0.8090846624972912,False,0.0,False,5.6207525532984075,1.901463682474826
PX-3776,0.8378758689278349,False,0.0,False,5.6207525532984075,1.901463682474826
PX-3777,0.8828303966228184,False,0.0,False,5.6207525532984075,1.901463682474826
PX-3778,0.773934091059278,False,0.0,False,5.6207525532984075,1.901463682474826
PX-3779,0.9784891518543795,False,0.0,False,5.6207525532984075,1.901463682474826
PX-3780,2.543068019427361,False,0.0,False,5.6207525532984075,1.901463682474826
PX-3781,2.2340004299345875,False,0.0,False,5.6207525532984075,1.901463682474826
PX-3782,2.044231618222863,False,0.0,False,5.6207525532984075,1.901463682474826
PX-3783,1.9397825585978925,False,0.0,False,5.6207525532984075,1.901463682474826
PX-3784,1.8880082641083415,False,0.0,False,5.6207525532984075,1.901463682474826
PX-3785,1.8723904178740138,False,0.0,False,5.6207525532984075,1.901463682474826
PX-3786,1.6073663005766612,False,0.0,False,5.6207525532984075,1.901463682474826
PX-3787,1.4346597331279547,False,0.0,False,5.6207525532984075,1.901463682474826
PX-3788,1.3741865128718,False,0.0,False,5.6207525532984075,1.901463682474826
PX-3789,1.3126902682655128,False,0.0,False,5.6207525532984075,1.901463682474826
PX-3790,1.3471935661683467,False,0.0,False,5.6207525532984075,1.901463682474826
PX-3791,1.2092759821991415,False,0.0,False,5.6207525532984075,1.901463682474826
PX-3792,1.3209828327401318,False,0.0,False,5.6207525532984075,1.901463682474826
PX-3793,2.956385023905465,False,0.0,False,5.6207525532984075,1.901463682474826
PX-3794,2.6564666712389347,False,0.0,False,5.6207525532984075,1.901463682474826
PX-3795,2.390396218059916,False,0.0,False,5.6207525532984075,1.901463682474826
PX-3796,2.1220575722118227,False,0.0,False,5.6207525532984075,1.901463682474826
PX-3797,2.001666167530832,False,0.0,False,5.6207525532984075,1.901463682474826
PX-3798,1.9677645975789808,False,0.0,False,5.6207525532984075,1.901463682474826
PX-3799,1.7632162016388602,False,0.0,False,5.6207525532984075,1.901463682474826
PX-3800,1.6459618609740136,False,0.0,False,5.6207525532984075,1.901463682474826
PX-3801,1.8175823459817178,False,0.0,False,5.6207525532984075,1.901463682474826
PX-3802,2.0377822285001503,False,0.0,False,5.6207525532984075,1.901463682474826
PX-3803,2.2183425488535544,False,0.0,False,5.6207525532984075,1.901463682474826
PX-3804,2.7163609762300034,False,0.0,False,5.6207525532984075,1.901463682474826
PX-3805,2.6333557849759757,False,0.0,False,5.6207525532984075,1.901463682474826
PX-3806,4.4144779713182505,True,1.0,False,5.6207525532984075,1.901463682474826
PX-3807,4.492846354295921,True,1.0,False,5.6207525532984075,1.901463682474826
PX-3808,4.346353505062563,True,1.0,False,5.6207525532984075,1.901463682474826
PX-3809,3.9152295800583214,True,1.0,False,5.6207525532984075,1.901463682474826
PX-3810,3.2949105064341104,False,0.0,False,5.6207525532984075,1.901463682474826
PX-3811,3.065771231102776,False,0.0,False,5.6207525532984075,1.901463682474826
PX-3812,2.919022699775578,False,0.0,False,5.6207525532984075,1.901463682474826
PX-3813,2.6245794840798915,False,0.0,False,5.6207525532984075,1.901463682474826
PX-3814,2.485924225242236,False,0.0,False,5.6207525532984075,1.901463682474826
PX-3815,2.2293411702407173,False,0.0,False,5.6207525532984075,1.901463682474826
PX-3816,1.8655854462298453,False,0.0,False,5.6207525532984075,1.901463682474826
PX-3817,1.911965128284681,False,0.0,False,5.6207525532984075,1.901463682474826
PX-3818,2.212200055679226,False,0.0,False,5.6207525532984075,1.901463682474826
PX-3819,2.567958965802415,False,0.0,False,5.6207525532984075,1.901463682474826
PX-3820,1.4540037647691761,False,0.0,False,5.6207525532984075,1.901463682474826
PX-3821,3.67026057191463,True,1.0,False,5.6207525532984075,1.901463682474826
PX-3822,3.795135696683584,True,1.0,False,5.6207525532984075,1.901463682474826
PX-3823,3.8886376732716634,True,1.0,False,5.6207525532984075,1.901463682474826
PX-3824,3.75576567863674,True,1.0,False,5.6207525532984075,1.901463682474826
PX-3825,3.4124205999236406,True,1.0,False,5.6207525532984075,1.901463682474826
PX-3826,3.2528530028741294,False,0.0,False,5.6207525532984075,1.901463682474826
PX-3827,3.548205542790898,False,0.0,False,5.6207525532984075,1.901463682474826
PX-3828,3.6454414395751513,True,1.0,False,5.6207525532984075,1.901463682474826
PX-3829,3.6500214417081125,True,1.0,False,5.6207525532984075,1.901463682474826
PX-3830,3.658825652703202,True,1.0,False,5.6207525532984075,1.901463682474826
PX-3831,3.5748864247440544,False,0.0,False,5.6207525532984075,1.901463682474826
PX-3832,3.3176389228816365,False,0.0,False,5.6207525532984075,1.901463682474826
PX-3833,3.3774277940214024,False,0.0,False,5.6207525532984075,1.901463682474826
PX-3834,3.726959840862701,False,0.0,False,5.6207525532984075,1.901463682474826
PX-3835,3.8322046864698756,False,0.0,False,5.6207525532984075,1.901463682474826
PX-3836,2.2313149655665345,False,0.0,False,5.6207525532984075,1.901463682474826
PX-3837,3.981279577516057,True,1.0,False,5.6207525532984075,1.901463682474826
PX-3838,3.7982699312070896,True,1.0,False,5.6207525532984075,1.901463682474826
PX-3839,3.5466027237428257,False,0.0,False,5.6207525532984075,1.901463682474826
PX-3840,3.340616782003,False,0.0,False,5.6207525532984075,1.901463682474826
PX-3841,3.23802115142143,False,0.0,False,5.6207525532984075,1.901463682474826
PX-3842,3.031324705963806,False,0.0,False,5.6207525532984075,1.901463682474826
PX-3843,3.0214125451363767,False,0.0,False,5.6207525532984075,1.901463682474826
PX-3844,3.1230656843667948,False,0.0,False,5.6207525532984075,1.901463682474826
PX-3845,3.2506141609083556,False,0.0,False,5.6207525532984075,1.901463682474826
PX-3846,3.2211049227839528,False,0.0,False,5.6207525532984075,1.901463682474826
PX-3847,3.2781629112286357,False,0.0,False,5.6207525532984075,1.901463682474826
PX-3848,3.323697353929486,False,0.0,False,5.6207525532984075,1.901463682474826
PX-3849,3.283764230789659,False,0.0,False,5.6207525532984075,1.901463682474826
PX-3850,3.6250246084668216,False,0.0,False,5.6207525532984075,1.901463682474826
PX-3851,3.7944643353798284,False,0.0,False,5.6207525532984075,1.901463682474826
PX-3852,2.070840430427582,False,0.0,False,5.6207525532984075,1.901463682474826
PX-3853,3.96410713364099,True,1.0,False,5.6207525532984075,1.901463682474826
PX-3854,3.8609268530214944,True,1.0,False,5.6207525532984075,1.901463682474826
PX-3855,3.8533923135951635,True,1.0,False,5.6207525532984075,1.901463682474826
PX-3856,3.676305215911224,True,1.0,False,5.6207525532984075,1.901463682474826
PX-3857,3.444114930730221,False,0.0,False,5.6207525532984075,1.901463682474826
PX-3858,3.5029364208881226,False,0.0,False,5.6207525532984075,1.901463682474826
PX-3859,3.5166585458729323,False,0.0,False,5.6207525532984075,1.901463682474826
PX-3860,3.4556575132253737,False,0.0,False,5.6207525532984075,1.901463682474826
PX-3861,3.421665495135448,False,0.0,False,5.6207525532984075,1.901463682474826
PX-3862,3.538389488159881,False,0.0,False,5.6207525532984075,1.901463682474826
PX-3863,3.661024980758853,False,0.0,False,5.6207525532984075,1.901463682474826
PX-3864,3.81368398219791,False,0.0,False,5.6207525532984075,1.901463682474826
PX-3865,4.162814409400477,False,0.0,False,5.6207525532984075,1.901463682474826
PX-3866,4.632292363122271,False,0.0,False,5.6207525532984075,1.901463682474826
PX-3867,4.501884341855606,False,0.0,False,5.6207525532984075,1.901463682474826
PX-3868,2.3382323170828094,False,0.0,False,5.6207525532984075,1.901463682474826
PX-3869,4.694306493071153,True,1.0,False,5.6207525532984075,1.901463682474826
PX-3870,4.725914508354704,True,1.0,False,5.6207525532984075,1.901463682474826
PX-3871,3.942183706987521,False,0.0,False,5.6207525532984075,1.901463682474826
PX-3872,3.89043652219717,False,0.0,False,5.6207525532984075,1.901463682474826
PX-3873,3.704615052746137,False,0.0,False,5.6207525532984075,1.901463682474826
PX-3874,3.5398183954465274,False,0.0,False,5.6207525532984075,1.901463682474826
PX-3875,3.3496338106793395,False,0.0,False,5.6207525532984075,1.901463682474826
PX-3876,3.3219142629538894,False,0.0,False,5.6207525532984075,1.901463682474826
PX-3877,3.358753265640223,False,0.0,False,5.6207525532984075,1.901463682474826
PX-3878,3.514289297307899,False,0.0,False,5.6207525532984075,1.901463682474826
PX-3879,3.5588306004073473,False,0.0,False,5.6207525532984075,1.901463682474826
PX-3880,3.7174719086525805,False,0.0,False,5.6207525532984075,1.901463682474826
PX-3881,3.8915749184507042,False,0.0,False,5.6207525532984075,1.901463682474826
PX-3882,4.042824322796108,False,0.0,False,5.6207525532984075,1.901463682474826
PX-3883,4.148935716920867,False,0.0,False,5.6207525532984075,1.901463682474826
PX-3884,4.948450582984247,False,0.0,False,5.6207525532984075,1.901463682474826
PX-3885,5.374175543898348,False,0.0,False,5.6207525532984075,1.901463682474826
PX-3886,4.166717785570434,True,1.0,False,5.6207525532984075,1.901463682474826
PX-3887,4.664929332302371,True,1.0,False,5.6207525532984075,1.901463682474826
PX-3888,4.770417837289191,True,1.0,False,5.6207525532984075,1.901463682474826
PX-3889,4.192913967558125,False,0.0,False,5.6207525532984075,1.901463682474826
PX-3890,4.148398615136086,False,0.0,False,5.6207525532984075,1.901463682474826
PX-3891,3.925147066286806,False,0.0,False,5.6207525532984075,1.901463682474826
PX-3892,3.880748766214179,False,0.0,False,5.6207525532984075,1.901463682474826
PX-3893,3.7797804352937305,False,0.0,False,5.6207525532984075,1.901463682474826
PX-3894,3.7662502153507873,False,0.0,False,5.6207525532984075,1.901463682474826
PX-3895,3.9430979178858347,False,0.0,False,5.6207525532984075,1.901463682474826
PX-3896,3.813034331449442,False,0.0,False,5.6207525532984075,1.901463682474826
PX-3897,3.6624612713080857,False,0.0,False,5.6207525532984075,1.901463682474826
PX-3898,3.908625276792357,True,1.0,False,5.6207525532984075,1.901463682474826
PX-3899,4.082626576903316,True,1.0,False,5.6207525532984075,1.901463682474826
PX-3900,4.581256027979192,True,1.0,False,5.6207525532984075,1.901463682474826
PX-3901,4.828168113983102,True,1.0,False,5.6207525532984075,1.901463682474826
PX-3902,5.8438818135530735,True,1.0,False,5.6207525532984075,1.901463682474826
PX-3903,7.244095745824323,True,1.0,False,5.6207525532984075,1.901463682474826
PX-3904,4.915653378640583,True,1.0,False,5.6207525532984075,1.901463682474826
PX-3905,5.3185388121436254,True,1.0,False,5.6207525532984075,1.901463682474826
PX-3906,5.805990503715078,True,1.0,False,5.6207525532984075,1.901463682474826
PX-3907,6.020604329728666,True,1.0,False,5.6207525532984075,1.901463682474826
PX-3908,6.06879789765939,True,1.0,False,5.6207525532984075,1.901463682474826
PX-3909,6.139802952945372,True,1.0,False,5.6207525532984075,1.901463682474826
PX-3910,6.4223087616487415,True,1.0,False,5.6207525532984075,1.901463682474826
PX-3911,6.670587111270967,True,1.0,False,5.6207525532984075,1.901463682474826
PX-3912,6.919693191235915,True,1.0,False,5.6207525532984075,1.901463682474826
PX-3913,6.978466498154136,True,1.0,False,5.6207525532984075,1.901463682474826
PX-3914,6.959529579603622,True,1.0,False,5.6207525532984075,1.901463682474826
PX-3915,6.8421399385848165,True,1.0,False,5.6207525532984075,1.901463682474826
PX-3916,6.7892456554075675,True,1.0,False,5.6207525532984075,1.901463682474826
PX-3917,6.588453977173099,True,1.0,False,5.6207525532984075,1.901463682474826
PX-3918,6.327264870432982,True,1.0,False,5.6207525532984075,1.901463682474826
PX-3919,5.879678562570673,True,1.0,False,5.6207525532984075,1.901463682474826
PX-3920,5.537157316644322,True,1.0,False,5.6207525532984075,1.901463682474826
PX-3921,5.3654440252788405,True,1.0,False,5.6207525532984075,1.901463682474826
PX-3922,5.164455776238942,True,1.0,False,5.6207525532984075,1.901463682474826
PX-3923,5.514301623971939,True,1.0,False,5.6207525532984075,1.901463682474826
PX-3924,7.648939005184875,True,1.0,False,5.6207525532984075,1.901463682474826
PX-3925,3.3454266689277112,False,0.0,False,5.6207525532984075,1.901463682474826
PX-3926,3.3954111861354246,False,0.0,False,5.6207525532984075,1.901463682474826
PX-3927,3.390857717401124,False,0.0,False,5.6207525532984075,1.901463682474826
PX-3928,3.3251316340788986,False,0.0,False,5.6207525532984075,1.901463682474826
PX-3929,3.496763600379305,False,0.0,False,5.6207525532984075,1.901463682474826
PX-3930,3.5542886929018067,False,0.0,False,5.6207525532984075,1.901463682474826
PX-3931,3.4123811682742016,False,0.0,False,5.6207525532984075,1.901463682474826
PX-3932,3.4824054731644853,False,0.0,False,5.6207525532984075,1.901463682474826
PX-3933,3.262477967507028,False,0.0,False,5.6207525532984075,1.901463682474826
PX-3934,3.2499460038583674,False,0.0,False,5.6207525532984075,1.901463682474826
PX-3935,3.1902420102855853,False,0.0,False,5.6207525532984075,1.901463682474826
PX-3936,3.2463701080781266,False,0.0,False,5.6207525532984075,1.901463682474826
PX-3937,3.7498621884883345,False,0.0,False,5.6207525532984075,1.901463682474826
PX-3938,4.077097812400611,True,1.0,False,5.6207525532984075,1.901463682474826
PX-3939,4.398703512362905,True,1.0,False,5.6207525532984075,1.901463682474826
PX-3940,4.419189677882526,True,1.0,False,5.6207525532984075,1.901463682474826
PX-3941,4.48770104847239,True,1.0,False,5.6207525532984075,1.901463682474826
PX-3942,4.723118229761864,True,1.0,False,5.6207525532984075,1.901463682474826
PX-3943,4.987803206763244,True,1.0,False,5.6207525532984075,1.901463682474826
PX-3944,5.522791530257708,True,1.0,False,5.6207525532984075,1.901463682474826
PX-3945,6.13400392334516,True,1.0,False,5.6207525532984075,1.901463682474826
PX-3946,6.8111641303284,True,1.0,False,5.6207525532984075,1.901463682474826
PX-3947,11.282229383649778,True,1.0,False,5.6207525532984075,1.901463682474826
PX-3948,2.984427339727395,False,0.0,False,5.6207525532984075,1.901463682474826
PX-3949,3.7426041561224324,True,1.0,False,5.6207525532984075,1.901463682474826
PX-3950,3.7494909807825056,True,1.0,False,5.6207525532984075,1.901463682474826
PX-3951,3.7718131326648425,True,1.0,False,5.6207525532984075,1.901463682474826
PX-3952,3.674162478596763,True,1.0,False,5.6207525532984075,1.901463682474826
PX-3953,3.4687095420357235,False,0.0,False,5.6207525532984075,1.901463682474826
PX-3954,3.471045493449754,False,0.0,False,5.6207525532984075,1.901463682474826
PX-3955,3.4856540946560717,False,0.0,False,5.6207525532984075,1.901463682474826
PX-3956,3.047029908114597,False,0.0,False,5.6207525532984075,1.901463682474826
PX-3957,2.7060789929483686,False,0.0,False,5.6207525532984075,1.901463682474826
PX-3958,2.48485043136459,False,0.0,False,5.6207525532984075,1.901463682474826
PX-3959,2.422788442024064,False,0.0,False,5.6207525532984075,1.901463682474826
PX-3960,2.4588687411436236,False,0.0,False,5.6207525532984075,1.901463682474826
PX-3961,2.5159153212296292,False,0.0,False,5.6207525532984075,1.901463682474826
PX-3962,3.033920528755976,False,0.0,False,5.6207525532984075,1.901463682474826
PX-3963,3.3851306447272034,False,0.0,False,5.6207525532984075,1.901463682474826
PX-3964,3.918819871653401,False,0.0,False,5.6207525532984075,1.901463682474826
PX-3965,4.539268413241475,True,1.0,False,5.6207525532984075,1.901463682474826
PX-3966,5.071513559565108,True,1.0,False,5.6207525532984075,1.901463682474826
PX-3967,5.655573817734208,True,1.0,False,5.6207525532984075,1.901463682474826
PX-3968,6.382214298119422,True,1.0,False,5.6207525532984075,1.901463682474826
PX-3969,7.032504981428973,True,1.0,False,5.6207525532984075,1.901463682474826
PX-3970,8.509844653619636,True,1.0,False,5.6207525532984075,1.901463682474826
PX-3971,8.53768516669655,True,1.0,False,5.6207525532984075,1.901463682474826
PX-3972,15.976846749216714,True,1.0,False,5.6207525532984075,1.901463682474826
PX-3973,4.141221513455648,True,1.0,False,5.6207525532984075,1.901463682474826
PX-3974,4.375777204421166,True,1.0,False,5.6207525532984075,1.901463682474826
PX-3975,4.443757037613887,True,1.0,False,5.6207525532984075,1.901463682474826
PX-3976,4.536994922862965,True,1.0,False,5.6207525532984075,1.901463682474826
PX-3977,4.506809490259894,True,1.0,False,5.6207525532984075,1.901463682474826
PX-3978,4.711279703475242,True,1.0,False,5.6207525532984075,1.901463682474826
PX-3979,5.059682429850399,True,1.0,False,5.6207525532984075,1.901463682474826
PX-3980,5.477392484843131,True,1.0,False,5.6207525532984075,1.901463682474826
PX-3981,5.65741254514937,True,1.0,False,5.6207525532984075,1.901463682474826
PX-3982,5.385731252898493,True,1.0,False,5.6207525532984075,1.901463682474826
PX-3983,5.206798138166899,True,1.0,False,5.6207525532984075,1.901463682474826
PX-3984,5.219029304018566,True,1.0,False,5.6207525532984075,1.901463682474826
PX-3985,5.311064038231274,True,1.0,False,5.6207525532984075,1.901463682474826
PX-3986,5.483905417163919,True,1.0,False,5.6207525532984075,1.901463682474826
PX-3987,5.612886229720445,True,1.0,False,5.6207525532984075,1.901463682474826
PX-3988,5.487196711694514,True,1.0,False,5.6207525532984075,1.901463682474826
PX-3989,5.406765517893662,True,1.0,False,5.6207525532984075,1.901463682474826
PX-3990,5.172555345365382,True,1.0,False,5.6207525532984075,1.901463682474826
PX-3991,5.744306122839356,True,1.0,False,5.6207525532984075,1.901463682474826
PX-3992,5.924474223510602,True,1.0,False,5.6207525532984075,1.901463682474826
PX-3993,5.934964061778601,True,1.0,False,5.6207525532984075,1.901463682474826
PX-3994,5.753735485654051,True,1.0,False,5.6207525532984075,1.901463682474826
PX-3995,5.522202364148157,True,1.0,False,5.6207525532984075,1.901463682474826
PX-3996,5.512359177933179,True,1.0,False,5.6207525532984075,1.901463682474826
PX-3997,5.949748777345253,True,1.0,False,5.6207525532984075,1.901463682474826
PX-3998,6.6815553784856885,True,1.0,False,5.6207525532984075,1.901463682474826
PX-3999,8.772636616266583,True,1.0,False,5.6207525532984075,1.901463682474826
PX-4000,7.931113748024655,True,1.0,False,5.6207525532984075,1.901463682474826
PX-4001,5.058246422122313,True,1.0,False,5.6207525532984075,1.901463682474826
PX-4002,5.507220362653392,True,1.0,False,5.6207525532984075,1.901463682474826
PX-4003,6.028164061821334,True,1.0,False,5.6207525532984075,1.901463682474826
PX-4004,6.436766483239168,True,1.0,False,5.6207525532984075,1.901463682474826
PX-4005,6.827628960587074,True,1.0,False,5.6207525532984075,1.901463682474826
PX-4006,7.177106715303918,True,1.0,False,5.6207525532984075,1.901463682474826
PX-4007,7.333305087722511,True,1.0,False,5.6207525532984075,1.901463682474826
PX-4008,7.010314729233382,True,1.0,False,5.6207525532984075,1.901463682474826
PX-4009,6.526404826943322,True,1.0,False,5.6207525532984075,1.901463682474826
PX-4010,5.993483926132697,True,1.0,False,5.6207525532984075,1.901463682474826
PX-4011,5.469839137689984,True,1.0,False,5.6207525532984075,1.901463682474826
PX-4012,4.851118294807044,True,1.0,False,5.6207525532984075,1.901463682474826
PX-4013,4.290386324457268,True,1.0,False,5.6207525532984075,1.901463682474826
PX-4014,3.9163351079987656,True,1.0,False,5.6207525532984075,1.901463682474826
PX-4015,3.7246848033752826,False,0.0,False,5.6207525532984075,1.901463682474826
PX-4016,3.709223355808888,False,0.0,False,5.6207525532984075,1.901463682474826
PX-4017,3.777978898422372,False,0.0,False,5.6207525532984075,1.901463682474826
PX-4018,4.574740556210795,True,1.0,False,5.6207525532984075,1.901463682474826
PX-4019,5.135447610156874,True,1.0,False,5.6207525532984075,1.901463682474826
PX-4020,5.620417070147576,True,1.0,False,5.6207525532984075,1.901463682474826
PX-4021,5.976116393277538,True,1.0,False,5.6207525532984075,1.901463682474826
PX-4022,6.176951555809108,True,1.0,False,5.6207525532984075,1.901463682474826
PX-4023,6.488915142895392,True,1.0,False,5.6207525532984075,1.901463682474826
PX-4024,7.146246589294057,True,1.0,False,5.6207525532984075,1.901463682474826
PX-4025,7.921491080798324,True,1.0,False,5.6207525532984075,1.901463682474826
PX-4026,9.53405401024185,True,1.0,False,5.6207525532984075,1.901463682474826
PX-4027,7.966952147879024,True,1.0,False,5.6207525532984075,1.901463682474826
PX-4028,2.951915197296888,False,0.0,False,5.6207525532984075,1.901463682474826
PX-4029,2.8699976321907634,False,0.0,False,5.6207525532984075,1.901463682474826
PX-4030,2.556953547914727,False,0.0,False,5.6207525532984075,1.901463682474826
PX-4031,2.551846976110401,False,0.0,False,5.6207525532984075,1.901463682474826
PX-4032,2.8593662529547395,False,0.0,False,5.6207525532984075,1.901463682474826
PX-4033,3.095446338571964,False,0.0,False,5.6207525532984075,1.901463682474826
PX-4034,3.2602310024408716,False,0.0,False,5.6207525532984075,1.901463682474826
PX-4035,3.3629015384397007,False,0.0,False,5.6207525532984075,1.901463682474826
PX-4036,3.4184992329718966,True,1.0,False,5.6207525532984075,1.901463682474826
PX-4037,3.25025639095365,False,0.0,False,5.6207525532984075,1.901463682474826
PX-4038,3.0929829357506193,False,0.0,False,5.6207525532984075,1.901463682474826
PX-4039,2.973258227640283,False,0.0,False,5.6207525532984075,1.901463682474826
PX-4040,2.6529064955836787,False,0.0,False,5.6207525532984075,1.901463682474826
PX-4041,2.395729049525439,False,0.0,False,5.6207525532984075,1.901463682474826
PX-4042,2.1853589126323527,False,0.0,False,5.6207525532984075,1.901463682474826
PX-4043,1.9987373118823406,False,0.0,False,5.6207525532984075,1.901463682474826
PX-4044,1.9757733818716865,False,0.0,False,5.6207525532984075,1.901463682474826
PX-4045,2.0188396872098266,False,0.0,False,5.6207525532984075,1.901463682474826
PX-4046,2.476931989820553,False,0.0,False,5.6207525532984075,1.901463682474826
PX-4047,2.7505826321614464,False,0.0,False,5.6207525532984075,1.901463682474826
PX-4048,2.9156052931329874,False,0.0,False,5.6207525532984075,1.901463682474826
PX-4049,3.2481996130779507,False,0.0,False,5.6207525532984075,1.901463682474826
PX-4050,3.5687505302344,True,1.0,False,5.6207525532984075,1.901463682474826
PX-4051,4.032973564718024,True,1.0,False,5.6207525532984075,1.901463682474826
PX-4052,4.8740346579148675,True,1.0,False,5.6207525532984075,1.901463682474826
PX-4053,6.094409625759958,True,1.0,False,5.6207525532984075,1.901463682474826
PX-4054,8.830140543046033,True,1.0,False,5.6207525532984075,1.901463682474826
PX-4055,7.592847530187305,True,1.0,False,5.6207525532984075,1.901463682474826
PX-4056,2.536980667252262,False,0.0,False,5.6207525532984075,1.901463682474826
PX-4057,2.764402068083305,False,0.0,False,5.6207525532984075,1.901463682474826
PX-4058,2.577540898427854,False,0.0,False,5.6207525532984075,1.901463682474826
PX-4059,2.9482494043627288,False,0.0,False,5.6207525532984075,1.901463682474826
PX-4060,3.1790957428620636,False,0.0,False,5.6207525532984075,1.901463682474826
PX-4061,3.3522209944311054,False,0.0,False,5.6207525532984075,1.901463682474826
PX-4062,3.460965843342459,False,0.0,False,5.6207525532984075,1.901463682474826
PX-4063,3.4540572925346797,False,0.0,False,5.6207525532984075,1.901463682474826
PX-4064,3.603890814623256,False,0.0,False,5.6207525532984075,1.901463682474826
PX-4065,3.7642822962142333,True,1.0,False,5.6207525532984075,1.901463682474826
PX-4066,3.846624411114247,True,1.0,False,5.6207525532984075,1.901463682474826
PX-4067,3.9237205564023867,True,1.0,False,5.6207525532984075,1.901463682474826
PX-4068,3.6711254074428457,True,1.0,False,5.6207525532984075,1.901463682474826
PX-4069,3.520596621741049,True,1.0,False,5.6207525532984075,1.901463682474826
PX-4070,3.3926642308902313,True,1.0,False,5.6207525532984075,1.901463682474826
PX-4071,3.204753657702188,True,1.0,False,5.6207525532984075,1.901463682474826
PX-4072,3.062059534770315,True,1.0,False,5.6207525532984075,1.901463682474826
PX-4073,3.178698325412782,False,0.0,False,5.6207525532984075,1.901463682474826
PX-4074,3.3445887051988983,False,0.0,False,5.6207525532984075,1.901463682474826
PX-4075,3.423625834837269,False,0.0,False,5.6207525532984075,1.901463682474826
PX-4076,3.906415671422213,True,1.0,False,5.6207525532984075,1.901463682474826
PX-4077,4.5742363163270845,True,1.0,False,5.6207525532984075,1.901463682474826
PX-4078,4.777053937683444,True,1.0,False,5.6207525532984075,1.901463682474826
PX-4079,5.147681207294294,True,1.0,False,5.6207525532984075,1.901463682474826
PX-4080,5.5995371938427745,True,1.0,False,5.6207525532984075,1.901463682474826
PX-4081,5.8331820204651805,True,1.0,False,5.6207525532984075,1.901463682474826
PX-4082,6.0251386788794274,True,1.0,False,5.6207525532984075,1.901463682474826
PX-4083,6.517779719255019,True,1.0,False,5.6207525532984075,1.901463682474826
PX-4084,7.85129526100515,True,1.0,False,5.6207525532984075,1.901463682474826
PX-4085,11.086351418349427,True,1.0,False,5.6207525532984075,1.901463682474826
PX-4086,9.44853873662656,True,1.0,False,5.6207525532984075,1.901463682474826
PX-4087,3.4128051303136164,True,1.0,False,5.6207525532984075,1.901463682474826
PX-4088,3.190305269045721,False,0.0,False,5.6207525532984075,1.901463682474826
PX-4089,3.3862839689404147,True,1.0,False,5.6207525532984075,1.901463682474826
PX-4090,3.6299369667866443,True,1.0,False,5.6207525532984075,1.901463682474826
PX-4091,3.6933322279438663,True,1.0,False,5.6207525532984075,1.901463682474826
PX-4092,3.940276156967144,True,1.0,False,5.6207525532984075,1.901463682474826
PX-4093,4.298370442745787,True,1.0,False,5.6207525532984075,1.901463682474826
PX-4094,4.3476246923168524,True,1.0,False,5.6207525532984075,1.901463682474826
PX-4095,4.528080464959983,True,1.0,False,5.6207525532984075,1.901463682474826
PX-4096,4.660946431785558,True,1.0,False,5.6207525532984075,1.901463682474826
PX-4097,4.562035955962989,True,1.0,False,5.6207525532984075,1.901463682474826
PX-4098,4.6028646916069285,True,1.0,False,5.6207525532984075,1.901463682474826
PX-4099,4.725929294591497,True,1.0,False,5.6207525532984075,1.901463682474826
PX-4100,4.8250101688972755,True,1.0,False,5.6207525532984075,1.901463682474826
PX-4101,4.7684648727470105,True,1.0,False,5.6207525532984075,1.901463682474826
PX-4102,4.670982054338182,True,1.0,False,5.6207525532984075,1.901463682474826
PX-4103,4.584311043827791,True,1.0,False,5.6207525532984075,1.901463682474826
PX-4104,4.357724656244461,True,1.0,False,5.6207525532984075,1.901463682474826
PX-4105,4.385242534005119,True,1.0,False,5.6207525532984075,1.901463682474826
PX-4106,4.4472660603447345,True,1.0,False,5.6207525532984075,1.901463682474826
PX-4107,4.263154127498128,True,1.0,False,5.6207525532984075,1.901463682474826
PX-4108,4.098396229372815,True,1.0,False,5.6207525532984075,1.901463682474826
PX-4109,3.966638095604379,True,1.0,False,5.6207525532984075,1.901463682474826
PX-4110,3.811072414232161,True,1.0,False,5.6207525532984075,1.901463682474826
PX-4111,4.1923355873195,True,1.0,False,5.6207525532984075,1.901463682474826
PX-4112,4.25007524757406,True,1.0,False,5.6207525532984075,1.901463682474826
PX-4113,4.654490669521115,True,1.0,False,5.6207525532984075,1.901463682474826
PX-4114,4.7636826225466145,True,1.0,False,5.6207525532984075,1.901463682474826
PX-4115,4.822922720346369,True,1.0,False,5.6207525532984075,1.901463682474826
PX-4116,5.250572575872358,True,1.0,False,5.6207525532984075,1.901463682474826
PX-4117,6.083830740361732,True,1.0,False,5.6207525532984075,1.901463682474826
PX-4118,7.670600795514369,True,1.0,False,5.6207525532984075,1.901463682474826
PX-4119,12.824653871994167,True,1.0,False,5.6207525532984075,1.901463682474826
PX-4120,4.077776380738005,True,1.0,False,5.6207525532984075,1.901463682474826
PX-4121,4.04766582072557,True,1.0,False,5.6207525532984075,1.901463682474826
PX-4122,4.103142472386322,True,1.0,False,5.6207525532984075,1.901463682474826
PX-4123,4.286289861522466,True,1.0,False,5.6207525532984075,1.901463682474826
PX-4124,4.552963338728945,True,1.0,False,5.6207525532984075,1.901463682474826
PX-4125,4.63156100796351,True,1.0,False,5.6207525532984075,1.901463682474826
PX-4126,4.683775991314075,True,1.0,False,5.6207525532984075,1.901463682474826
PX-4127,4.73775085617862,True,1.0,False,5.6207525532984075,1.901463682474826
PX-4128,4.823102738955086,True,1.0,False,5.6207525532984075,1.901463682474826
PX-4129,4.90765811375822,True,1.0,False,5.6207525532984075,1.901463682474826
PX-4130,4.90566577724765,True,1.0,False,5.6207525532984075,1.901463682474826
PX-4131,4.821407358955536,True,1.0,False,5.6207525532984075,1.901463682474826
PX-4132,4.555068566245412,True,1.0,False,5.6207525532984075,1.901463682474826
PX-4133,4.557195073020765,True,1.0,False,5.6207525532984075,1.901463682474826
PX-4134,4.61170241804345,True,1.0,False,5.6207525532984075,1.901463682474826
PX-4135,4.487976871626383,True,1.0,False,5.6207525532984075,1.901463682474826
PX-4136,4.541057488577328,True,1.0,False,5.6207525532984075,1.901463682474826
PX-4137,4.6442916025427206,True,1.0,False,5.6207525532984075,1.901463682474826
PX-4138,4.5581798563284845,True,1.0,False,5.6207525532984075,1.901463682474826
PX-4139,4.5287707854119414,True,1.0,False,5.6207525532984075,1.901463682474826
PX-4140,4.587828541983944,True,1.0,False,5.6207525532984075,1.901463682474826
PX-4141,4.5786378022460035,True,1.0,False,5.6207525532984075,1.901463682474826
PX-4142,4.473593047894225,True,1.0,False,5.6207525532984075,1.901463682474826
PX-4143,4.215868849647064,True,1.0,False,5.6207525532984075,1.901463682474826
PX-4144,4.148343677099252,True,1.0,False,5.6207525532984075,1.901463682474826
PX-4145,4.104745028030067,True,1.0,False,5.6207525532984075,1.901463682474826
PX-4146,4.110222273988153,True,1.0,False,5.6207525532984075,1.901463682474826
PX-4147,4.435497128991223,True,1.0,False,5.6207525532984075,1.901463682474826
PX-4148,4.354463034341993,True,1.0,False,5.6207525532984075,1.901463682474826
PX-4149,4.3516323147257,True,1.0,False,5.6207525532984075,1.901463682474826
PX-4150,4.6022802892913806,True,1.0,False,5.6207525532984075,1.901463682474826
PX-4151,4.761179140247279,True,1.0,False,5.6207525532984075,1.901463682474826
PX-4152,5.237234684868126,True,1.0,False,5.6207525532984075,1.901463682474826
PX-4153,6.121479579480116,True,1.0,False,5.6207525532984075,1.901463682474826
PX-4154,8.198873355943713,True,1.0,False,5.6207525532984075,1.901463682474826
PX-4155,14.81203489360651,True,1.0,False,5.6207525532984075,1.901463682474826
PX-4156,3.6495707356200384,False,0.0,False,5.6207525532984075,1.901463682474826
PX-4157,3.67091266273712,False,0.0,False,5.6207525532984075,1.901463682474826
PX-4158,4.275294938593905,True,1.0,False,5.6207525532984075,1.901463682474826
PX-4159,4.4760872702960075,True,1.0,False,5.6207525532984075,1.901463682474826
PX-4160,4.8956937608311915,True,1.0,False,5.6207525532984075,1.901463682474826
PX-4161,5.074241223147368,True,1.0,False,5.6207525532984075,1.901463682474826
PX-4162,5.126479199560341,True,1.0,False,5.6207525532984075,1.901463682474826
PX-4163,5.110023997457404,True,1.0,False,5.6207525532984075,1.901463682474826
PX-4164,5.121656593322053,True,1.0,False,5.6207525532984075,1.901463682474826
PX-4165,5.184830712277245,True,1.0,False,5.6207525532984075,1.901463682474826
PX-4166,5.217366498276656,True,1.0,False,5.6207525532984075,1.901463682474826
PX-4167,5.078759790478909,True,1.0,False,5.6207525532984075,1.901463682474826
PX-4168,4.866082016631122,True,1.0,False,5.6207525532984075,1.901463682474826
PX-4169,4.414763319909673,True,1.0,False,5.6207525532984075,1.901463682474826
PX-4170,4.376981414453329,True,1.0,False,5.6207525532984075,1.901463682474826
PX-4171,4.227457610564189,True,1.0,False,5.6207525532984075,1.901463682474826
PX-4172,4.246296380573467,True,1.0,False,5.6207525532984075,1.901463682474826
PX-4173,4.0961797013972046,True,1.0,False,5.6207525532984075,1.901463682474826
PX-4174,4.074170475238285,True,1.0,False,5.6207525532984075,1.901463682474826
PX-4175,4.057183797012021,True,1.0,False,5.6207525532984075,1.901463682474826
PX-4176,4.353153109808259,True,1.0,False,5.6207525532984075,1.901463682474826
PX-4177,4.723125984759177,True,1.0,False,5.6207525532984075,1.901463682474826
PX-4178,5.287989850992419,True,1.0,False,5.6207525532984075,1.901463682474826
PX-4179,5.602916537702249,True,1.0,False,5.6207525532984075,1.901463682474826
PX-4180,5.878534768780309,True,1.0,False,5.6207525532984075,1.901463682474826
PX-4181,6.176722410461657,True,1.0,False,5.6207525532984075,1.901463682474826
PX-4182,6.762012876815925,True,1.0,False,5.6207525532984075,1.901463682474826
PX-4183,7.090248188740992,True,1.0,False,5.6207525532984075,1.901463682474826
PX-4184,7.720064940310854,True,1.0,False,5.6207525532984075,1.901463682474826
PX-4185,7.688494268899758,True,1.0,False,5.6207525532984075,1.901463682474826
PX-4186,7.718644875760411,True,1.0,False,5.6207525532984075,1.901463682474826
PX-4187,7.609335864652017,True,1.0,False,5.6207525532984075,1.901463682474826
PX-4188,7.387988763451041,True,1.0,False,5.6207525532984075,1.901463682474826
PX-4189,7.481184645933256,True,1.0,False,5.6207525532984075,1.901463682474826
PX-4190,7.847263984057063,True,1.0,False,5.6207525532984075,1.901463682474826
PX-4191,9.270584668286832,True,1.0,False,5.6207525532984075,1.901463682474826
PX-4192,17.111051872203983,True,1.0,False,5.6207525532984075,1.901463682474826
PX-4193,3.296051708294746,True,1.0,False,5.6207525532984075,1.901463682474826
PX-4194,2.8989542747205377,False,0.0,False,5.6207525532984075,1.901463682474826
PX-4195,2.502360024209656,False,0.0,False,5.6207525532984075,1.901463682474826
PX-4196,2.136858885845271,False,0.0,False,5.6207525532984075,1.901463682474826
PX-4197,2.123791162392136,False,0.0,False,5.6207525532984075,1.901463682474826
PX-4198,2.5054375990555595,False,0.0,False,5.6207525532984075,1.901463682474826
PX-4199,2.579318140667283,False,0.0,False,5.6207525532984075,1.901463682474826
PX-4200,2.869529277551983,False,0.0,False,5.6207525532984075,1.901463682474826
PX-4201,3.3492553349860295,False,0.0,False,5.6207525532984075,1.901463682474826
PX-4202,3.6903802008642135,True,1.0,False,5.6207525532984075,1.901463682474826
PX-4203,3.990000719183076,True,1.0,False,5.6207525532984075,1.901463682474826
PX-4204,4.210582040897009,True,1.0,False,5.6207525532984075,1.901463682474826
PX-4205,4.4401835533562455,True,1.0,False,5.6207525532984075,1.901463682474826
PX-4206,4.69458770087126,True,1.0,False,5.6207525532984075,1.901463682474826
PX-4207,4.595409424577483,True,1.0,False,5.6207525532984075,1.901463682474826
PX-4208,4.589363217802129,True,1.0,False,5.6207525532984075,1.901463682474826
PX-4209,4.692643927603028,True,1.0,False,5.6207525532984075,1.901463682474826
PX-4210,4.841333351336921,True,1.0,False,5.6207525532984075,1.901463682474826
PX-4211,4.603188234655994,True,1.0,False,5.6207525532984075,1.901463682474826
PX-4212,4.1561821364209965,True,1.0,False,5.6207525532984075,1.901463682474826
PX-4213,3.868375222006991,True,1.0,False,5.6207525532984075,1.901463682474826
PX-4214,3.5908703945226996,True,1.0,False,5.6207525532984075,1.901463682474826
PX-4215,3.2484159084200233,False,0.0,False,5.6207525532984075,1.901463682474826
PX-4216,3.2534557047028425,False,0.0,False,5.6207525532984075,1.901463682474826
PX-4217,3.140358920410037,True,1.0,False,5.6207525532984075,1.901463682474826
PX-4218,2.866922927194686,False,0.0,False,5.6207525532984075,1.901463682474826
PX-4219,2.6871963634716494,False,0.0,False,5.6207525532984075,1.901463682474826
PX-4220,2.759298426308815,False,0.0,False,5.6207525532984075,1.901463682474826
PX-4221,2.881758421323058,False,0.0,False,5.6207525532984075,1.901463682474826
PX-4222,3.0725149124254667,False,0.0,False,5.6207525532984075,1.901463682474826
PX-4223,3.187851841750172,False,0.0,False,5.6207525532984075,1.901463682474826
PX-4224,3.480337738696944,False,0.0,False,5.6207525532984075,1.901463682474826
PX-4225,3.497774560353337,False,0.0,False,5.6207525532984075,1.901463682474826
PX-4226,3.779875379055177,False,0.0,False,5.6207525532984075,1.901463682474826
PX-4227,4.020263918090494,True,1.0,False,5.6207525532984075,1.901463682474826
PX-4228,4.035256966983265,True,1.0,False,5.6207525532984075,1.901463682474826
PX-4229,4.3326710216960524,True,1.0,False,5.6207525532984075,1.901463682474826
PX-4230,5.257452890373312,True,1.0,False,5.6207525532984075,1.901463682474826
PX-4231,7.9828070932610835,True,1.0,False,5.6207525532984075,1.901463682474826
PX-4232,23.291221963186178,True,1.0,False,5.6207525532984075,1.901463682474826
PX-4233,2.662030984844767,False,0.0,False,5.6207525532984075,1.901463682474826
PX-4234,2.8729578815515016,False,0.0,False,5.6207525532984075,1.901463682474826
PX-4235,3.1931568810820377,False,0.0,False,5.6207525532984075,1.901463682474826
PX-4236,3.5811782129124072,True,1.0,False,5.6207525532984075,1.901463682474826
PX-4237,4.006512314560505,True,1.0,False,5.6207525532984075,1.901463682474826
PX-4238,4.461413768402128,True,1.0,False,5.6207525532984075,1.901463682474826
PX-4239,5.0645513450710045,True,1.0,False,5.6207525532984075,1.901463682474826
PX-4240,5.2107475625131965,True,1.0,False,5.6207525532984075,1.901463682474826
PX-4241,5.0787762375343455,True,1.0,False,5.6207525532984075,1.901463682474826
PX-4242,5.1168829504347215,True,1.0,False,5.6207525532984075,1.901463682474826
PX-4243,5.042006135433171,True,1.0,False,5.6207525532984075,1.901463682474826
PX-4244,5.1072111005075325,True,1.0,False,5.6207525532984075,1.901463682474826
PX-4245,5.1937046048097475,True,1.0,False,5.6207525532984075,1.901463682474826
PX-4246,5.171249988436042,True,1.0,False,5.6207525532984075,1.901463682474826
PX-4247,4.928720504600534,True,1.0,False,5.6207525532984075,1.901463682474826
PX-4248,4.565661961206807,True,1.0,False,5.6207525532984075,1.901463682474826
PX-4249,4.389577036047006,True,1.0,False,5.6207525532984075,1.901463682474826
PX-4250,4.322989747183845,True,1.0,False,5.6207525532984075,1.901463682474826
PX-4251,4.593536510370161,True,1.0,False,5.6207525532984075,1.901463682474826
PX-4252,4.793315169903552,True,1.0,False,5.6207525532984075,1.901463682474826
PX-4253,4.658717785577339,True,1.0,False,5.6207525532984075,1.901463682474826
PX-4254,4.393877788064675,True,1.0,False,5.6207525532984075,1.901463682474826
PX-4255,4.231115707628543,True,1.0,False,5.6207525532984075,1.901463682474826
PX-4256,4.339892581071068,True,1.0,False,5.6207525532984075,1.901463682474826
PX-4257,4.677547447751724,True,1.0,False,5.6207525532984075,1.901463682474826
PX-4258,5.08761028117126,True,1.0,False,5.6207525532984075,1.901463682474826
PX-4259,5.560242997011009,True,1.0,False,5.6207525532984075,1.901463682474826
PX-4260,5.590878038179985,True,1.0,False,5.6207525532984075,1.901463682474826
PX-4261,5.653678757057406,True,1.0,False,5.6207525532984075,1.901463682474826
PX-4262,5.5977313647207385,True,1.0,False,5.6207525532984075,1.901463682474826
PX-4263,5.919154145341597,True,1.0,False,5.6207525532984075,1.901463682474826
PX-4264,6.0065967505903615,True,1.0,False,5.6207525532984075,1.901463682474826
PX-4265,5.906036976861619,True,1.0,False,5.6207525532984075,1.901463682474826
PX-4266,5.663670453418172,True,1.0,False,5.6207525532984075,1.901463682474826
PX-4267,5.425954187196341,True,1.0,False,5.6207525532984075,1.901463682474826
PX-4268,5.274079244640157,True,1.0,False,5.6207525532984075,1.901463682474826
PX-4269,5.334621442106789,True,1.0,False,5.6207525532984075,1.901463682474826
PX-4270,5.710264158534729,True,1.0,False,5.6207525532984075,1.901463682474826
PX-4271,6.707159170981068,True,1.0,False,5.6207525532984075,1.901463682474826
PX-4272,7.861109089157399,True,1.0,False,5.6207525532984075,1.901463682474826
PX-4273,4.095745990718891,True,1.0,False,5.6207525532984075,1.901463682474826
PX-4274,4.474933030546346,True,1.0,False,5.6207525532984075,1.901463682474826
PX-4275,5.0898258936527085,True,1.0,False,5.6207525532984075,1.901463682474826
PX-4276,5.606298469912902,True,1.0,False,5.6207525532984075,1.901463682474826
PX-4277,5.699980534935031,True,1.0,False,5.6207525532984075,1.901463682474826
PX-4278,5.960666152579654,True,1.0,False,5.6207525532984075,1.901463682474826
PX-4279,6.397832127555594,True,1.0,False,5.6207525532984075,1.901463682474826
PX-4280,6.2684043280647295,True,1.0,False,5.6207525532984075,1.901463682474826
PX-4281,6.160553775519698,True,1.0,False,5.6207525532984075,1.901463682474826
PX-4282,5.9826827754173735,True,1.0,False,5.6207525532984075,1.901463682474826
PX-4283,5.723686326635404,True,1.0,False,5.6207525532984075,1.901463682474826
PX-4284,5.411682233878031,True,1.0,False,5.6207525532984075,1.901463682474826
PX-4285,5.066783172711007,True,1.0,False,5.6207525532984075,1.901463682474826
PX-4286,5.078647954272348,True,1.0,False,5.6207525532984075,1.901463682474826
PX-4287,4.94291646891924,True,1.0,False,5.6207525532984075,1.901463682474826
PX-4288,4.680855406686343,True,1.0,False,5.6207525532984075,1.901463682474826
PX-4289,4.681382156228386,True,1.0,False,5.6207525532984075,1.901463682474826
PX-4290,4.745405540333353,True,1.0,False,5.6207525532984075,1.901463682474826
PX-4291,5.019224069109937,True,1.0,False,5.6207525532984075,1.901463682474826
PX-4292,5.328463099700482,True,1.0,False,5.6207525532984075,1.901463682474826
PX-4293,5.32602847678543,True,1.0,False,5.6207525532984075,1.901463682474826
PX-4294,5.227602344533754,True,1.0,False,5.6207525532984075,1.901463682474826
PX-4295,5.156532255978297,True,1.0,False,5.6207525532984075,1.901463682474826
PX-4296,5.263315318639764,True,1.0,False,5.6207525532984075,1.901463682474826
PX-4297,5.240475974969669,True,1.0,False,5.6207525532984075,1.901463682474826
PX-4298,4.520216330867919,True,1.0,False,5.6207525532984075,1.901463682474826
PX-4299,4.001575310440479,True,1.0,False,5.6207525532984075,1.901463682474826
PX-4300,3.543799614658573,True,1.0,False,5.6207525532984075,1.901463682474826
PX-4301,3.238619185611917,False,0.0,False,5.6207525532984075,1.901463682474826
PX-4302,2.8796606846829658,False,0.0,False,5.6207525532984075,1.901463682474826
PX-4303,2.7911601583998475,False,0.0,False,5.6207525532984075,1.901463682474826
PX-4304,2.959509469444864,False,0.0,False,5.6207525532984075,1.901463682474826
PX-4305,3.2538509953123373,False,0.0,False,5.6207525532984075,1.901463682474826
PX-4306,3.3772113457834863,False,0.0,False,5.6207525532984075,1.901463682474826
PX-4307,3.6909977410760657,True,1.0,False,5.6207525532984075,1.901463682474826
PX-4308,3.869063551495506,True,1.0,False,5.6207525532984075,1.901463682474826
PX-4309,4.128949558650785,True,1.0,False,5.6207525532984075,1.901463682474826
PX-4310,4.446494297056979,True,1.0,False,5.6207525532984075,1.901463682474826
PX-4311,5.258840669902538,True,1.0,False,5.6207525532984075,1.901463682474826
PX-4312,8.03896384238875,True,1.0,False,5.6207525532984075,1.901463682474826
PX-4313,1.8735697066962622,False,0.0,False,5.6207525532984075,1.901463682474826
PX-4314,1.7516125715687743,False,0.0,False,5.6207525532984075,1.901463682474826
PX-4315,2.02552713666865,False,0.0,False,5.6207525532984075,1.901463682474826
PX-4316,2.1299424480091282,False,0.0,False,5.6207525532984075,1.901463682474826
PX-4317,2.07882745568039,False,0.0,False,5.6207525532984075,1.901463682474826
PX-4318,2.221805311085454,False,0.0,False,5.6207525532984075,1.901463682474826
PX-4319,2.5184799154323443,False,0.0,False,5.6207525532984075,1.901463682474826
PX-4320,2.725376457113022,False,0.0,False,5.6207525532984075,1.901463682474826
PX-4321,2.954556388288104,False,0.0,False,5.6207525532984075,1.901463682474826
PX-4322,3.298441994407245,True,1.0,False,5.6207525532984075,1.901463682474826
PX-4323,3.554734859188226,True,1.0,False,5.6207525532984075,1.901463682474826
PX-4324,3.749676436510665,True,1.0,False,5.6207525532984075,1.901463682474826
PX-4325,3.758680125164938,True,1.0,False,5.6207525532984075,1.901463682474826
PX-4326,3.7069248220073074,True,1.0,False,5.6207525532984075,1.901463682474826
PX-4327,3.551751350497927,True,1.0,False,5.6207525532984075,1.901463682474826
PX-4328,3.3367869328885558,True,1.0,False,5.6207525532984075,1.901463682474826
PX-4329,3.274091700605835,True,1.0,False,5.6207525532984075,1.901463682474826
PX-4330,3.1572052842649487,False,0.0,False,5.6207525532984075,1.901463682474826
PX-4331,3.0834751366415585,False,0.0,False,5.6207525532984075,1.901463682474826
PX-4332,2.9978674091416586,False,0.0,False,5.6207525532984075,1.901463682474826
PX-4333,2.7874872255210885,False,0.0,False,5.6207525532984075,1.901463682474826
PX-4334,2.7506596901909557,False,0.0,False,5.6207525532984075,1.901463682474826
PX-4335,2.8840177959600464,False,0.0,False,5.6207525532984075,1.901463682474826
PX-4336,3.0848195940993044,False,0.0,False,5.6207525532984075,1.901463682474826
PX-4337,3.3515629286239097,True,1.0,False,5.6207525532984075,1.901463682474826
PX-4338,3.568015303092265,True,1.0,False,5.6207525532984075,1.901463682474826
PX-4339,3.7182084914082854,True,1.0,False,5.6207525532984075,1.901463682474826
PX-4340,3.688827143437406,True,1.0,False,5.6207525532984075,1.901463682474826
PX-4341,3.7040264696995706,True,1.0,False,5.6207525532984075,1.901463682474826
PX-4342,3.716002426757802,True,1.0,False,5.6207525532984075,1.901463682474826
PX-4343,3.9042801383074384,True,1.0,False,5.6207525532984075,1.901463682474826
PX-4344,3.903303148139237,True,1.0,False,5.6207525532984075,1.901463682474826
PX-4345,3.9374117377614315,True,1.0,False,5.6207525532984075,1.901463682474826
PX-4346,4.252464317889569,True,1.0,False,5.6207525532984075,1.901463682474826
PX-4347,4.689505841193705,True,1.0,False,5.6207525532984075,1.901463682474826
PX-4348,4.979827963463496,True,1.0,False,5.6207525532984075,1.901463682474826
PX-4349,5.595542719046188,True,1.0,False,5.6207525532984075,1.901463682474826
PX-4350,6.2155725916833635,True,1.0,False,5.6207525532984075,1.901463682474826
PX-4351,7.431982899780634,True,1.0,False,5.6207525532984075,1.901463682474826
PX-4352,13.41333669449864,True,1.0,False,5.6207525532984075,1.901463682474826
PX-4353,4.102153501247404,True,1.0,False,5.6207525532984075,1.901463682474826
PX-4354,4.045597962407669,True,1.0,False,5.6207525532984075,1.901463682474826
PX-4355,4.060034603651598,True,1.0,False,5.6207525532984075,1.901463682474826
PX-4356,4.0732836837668,True,1.0,False,5.6207525532984075,1.901463682474826
PX-4357,3.9053870197005853,True,1.0,False,5.6207525532984075,1.901463682474826
PX-4358,3.942832386049453,True,1.0,False,5.6207525532984075,1.901463682474826
PX-4359,4.181239168133862,True,1.0,False,5.6207525532984075,1.901463682474826
PX-4360,4.163288438350476,True,1.0,False,5.6207525532984075,1.901463682474826
PX-4361,4.194439987148922,True,1.0,False,5.6207525532984075,1.901463682474826
PX-4362,4.368817350810783,True,1.0,False,5.6207525532984075,1.901463682474826
PX-4363,4.545821034457868,True,1.0,False,5.6207525532984075,1.901463682474826
PX-4364,4.651314307520931,True,1.0,False,5.6207525532984075,1.901463682474826
PX-4365,4.547413979303618,True,1.0,False,5.6207525532984075,1.901463682474826
PX-4366,4.6419778152349895,True,1.0,False,5.6207525532984075,1.901463682474826
PX-4367,4.425504285907159,True,1.0,False,5.6207525532984075,1.901463682474826
PX-4368,4.2584703768848975,True,1.0,False,5.6207525532984075,1.901463682474826
PX-4369,4.478955490473007,True,1.0,False,5.6207525532984075,1.901463682474826
PX-4370,4.35440554389119,True,1.0,False,5.6207525532984075,1.901463682474826
PX-4371,4.519319574991892,True,1.0,False,5.6207525532984075,1.901463682474826
PX-4372,4.765034063118522,True,1.0,False,5.6207525532984075,1.901463682474826
PX-4373,4.691585649933932,True,1.0,False,5.6207525532984075,1.901463682474826
PX-4374,4.711033337060586,True,1.0,False,5.6207525532984075,1.901463682474826
PX-4375,4.869081826300585,True,1.0,False,5.6207525532984075,1.901463682474826
PX-4376,5.0628024518578805,True,1.0,False,5.6207525532984075,1.901463682474826
PX-4377,5.107237511871055,True,1.0,False,5.6207525532984075,1.901463682474826
PX-4378,5.1459494238911745,True,1.0,False,5.6207525532984075,1.901463682474826
PX-4379,5.336280743838778,True,1.0,False,5.6207525532984075,1.901463682474826
PX-4380,5.277611094238214,True,1.0,False,5.6207525532984075,1.901463682474826
PX-4381,5.139346923011155,True,1.0,False,5.6207525532984075,1.901463682474826
PX-4382,4.995449449334686,True,1.0,False,5.6207525532984075,1.901463682474826
PX-4383,4.968719695313924,True,1.0,False,5.6207525532984075,1.901463682474826
PX-4384,4.862157121839905,True,1.0,False,5.6207525532984075,1.901463682474826
PX-4385,4.837629011880056,True,1.0,False,5.6207525532984075,1.901463682474826
PX-4386,5.136427650866473,True,1.0,False,5.6207525532984075,1.901463682474826
PX-4387,5.221604604459092,True,1.0,False,5.6207525532984075,1.901463682474826
PX-4388,5.218465409765889,True,1.0,False,5.6207525532984075,1.901463682474826
PX-4389,5.389058346240027,True,1.0,False,5.6207525532984075,1.901463682474826
PX-4390,5.729982027816016,True,1.0,False,5.6207525532984075,1.901463682474826
PX-4391,6.547824987721116,True,1.0,False,5.6207525532984075,1.901463682474826
PX-4392,3.3114123615731206,False,0.0,False,5.6207525532984075,1.901463682474826
PX-4393,4.169929680781069,True,1.0,False,5.6207525532984075,1.901463682474826
PX-4394,4.212810063790849,True,1.0,False,5.6207525532984075,1.901463682474826
PX-4395,4.410887896630529,True,1.0,False,5.6207525532984075,1.901463682474826
PX-4396,4.772071475824486,True,1.0,False,5.6207525532984075,1.901463682474826
PX-4397,4.973258875106252,True,1.0,False,5.6207525532984075,1.901463682474826
PX-4398,5.086762791125242,True,1.0,False,5.6207525532984075,1.901463682474826
PX-4399,5.2817518533235255,True,1.0,False,5.6207525532984075,1.901463682474826
PX-4400,5.510501800909379,True,1.0,False,5.6207525532984075,1.901463682474826
PX-4401,5.529298138512754,True,1.0,False,5.6207525532984075,1.901463682474826
PX-4402,5.323154052238651,True,1.0,False,5.6207525532984075,1.901463682474826
PX-4403,5.212537064762566,True,1.0,False,5.6207525532984075,1.901463682474826
PX-4404,4.830484621679959,True,1.0,False,5.6207525532984075,1.901463682474826
PX-4405,4.527933011836719,True,1.0,False,5.6207525532984075,1.901463682474826
PX-4406,4.609847318216621,True,1.0,False,5.6207525532984075,1.901463682474826
PX-4407,4.7772736089176,True,1.0,False,5.6207525532984075,1.901463682474826
PX-4408,4.87924272183189,True,1.0,False,5.6207525532984075,1.901463682474826
PX-4409,5.037225232800168,True,1.0,False,5.6207525532984075,1.901463682474826
PX-4410,5.17156663430079,True,1.0,False,5.6207525532984075,1.901463682474826
PX-4411,5.4471137444145405,True,1.0,False,5.6207525532984075,1.901463682474826
PX-4412,5.644443006885355,True,1.0,False,5.6207525532984075,1.901463682474826
PX-4413,6.080447394679586,True,1.0,False,5.6207525532984075,1.901463682474826
PX-4414,6.258169471519569,True,1.0,False,5.6207525532984075,1.901463682474826
PX-4415,6.268133549974449,True,1.0,False,5.6207525532984075,1.901463682474826
PX-4416,6.067266768441135,True,1.0,False,5.6207525532984075,1.901463682474826
PX-4417,6.07438959475456,True,1.0,False,5.6207525532984075,1.901463682474826
PX-4418,6.143658244078736,True,1.0,False,5.6207525532984075,1.901463682474826
PX-4419,6.1660794635321565,True,1.0,False,5.6207525532984075,1.901463682474826
PX-4420,6.0163117147214535,True,1.0,False,5.6207525532984075,1.901463682474826
PX-4421,5.9583263850762815,True,1.0,False,5.6207525532984075,1.901463682474826
PX-4422,5.716672126451835,True,1.0,False,5.6207525532984075,1.901463682474826
PX-4423,5.834026092958613,True,1.0,False,5.6207525532984075,1.901463682474826
PX-4424,5.939702931459994,True,1.0,False,5.6207525532984075,1.901463682474826
PX-4425,6.233880232721836,True,1.0,False,5.6207525532984075,1.901463682474826
PX-4426,6.31422889674317,True,1.0,False,5.6207525532984075,1.901463682474826
PX-4427,6.401918963446741,True,1.0,False,5.6207525532984075,1.901463682474826
PX-4428,6.476006288136128,True,1.0,False,5.6207525532984075,1.901463682474826
PX-4429,2.8251161281338426,False,0.0,False,5.6207525532984075,1.901463682474826
PX-4430,3.169286794762453,False,0.0,False,5.6207525532984075,1.901463682474826
PX-4431,3.5097247798196722,False,0.0,False,5.6207525532984075,1.901463682474826
PX-4432,3.7496121394048405,False,0.0,False,5.6207525532984075,1.901463682474826
PX-4433,4.921755406496031,True,1.0,False,5.6207525532984075,1.901463682474826
PX-4434,5.070326114474492,True,1.0,False,5.6207525532984075,1.901463682474826
PX-4435,5.334235331229326,True,1.0,False,5.6207525532984075,1.901463682474826
PX-4436,5.37194325343609,True,1.0,False,5.6207525532984075,1.901463682474826
PX-4437,5.522640098493479,True,1.0,False,5.6207525532984075,1.901463682474826
PX-4438,5.43551230549744,True,1.0,False,5.6207525532984075,1.901463682474826
PX-4439,5.378889056613351,True,1.0,False,5.6207525532984075,1.901463682474826
PX-4440,5.301603752364997,True,1.0,False,5.6207525532984075,1.901463682474826
PX-4441,5.009862479282033,True,1.0,False,5.6207525532984075,1.901463682474826
PX-4442,4.53940789314254,True,1.0,False,5.6207525532984075,1.901463682474826
PX-4443,4.294836225909016,True,1.0,False,5.6207525532984075,1.901463682474826
PX-4444,4.256322899354954,True,1.0,False,5.6207525532984075,1.901463682474826
PX-4445,4.737859706122949,True,1.0,False,5.6207525532984075,1.901463682474826
PX-4446,4.965066793314634,True,1.0,False,5.6207525532984075,1.901463682474826
PX-4447,5.461492956253634,True,1.0,False,5.6207525532984075,1.901463682474826
PX-4448,5.8540570657675115,True,1.0,False,5.6207525532984075,1.901463682474826
PX-4449,6.317986892251538,True,1.0,False,5.6207525532984075,1.901463682474826
PX-4450,6.924471246657239,True,1.0,False,5.6207525532984075,1.901463682474826
PX-4451,7.76888754449546,True,1.0,False,5.6207525532984075,1.901463682474826
PX-4452,8.520318079201985,True,1.0,False,5.6207525532984075,1.901463682474826
PX-4453,8.880611304775444,True,1.0,False,5.6207525532984075,1.901463682474826
PX-4454,8.988496532149034,True,1.0,False,5.6207525532984075,1.901463682474826
PX-4455,9.2542079063103,True,1.0,False,5.6207525532984075,1.901463682474826
PX-4456,9.419579761200819,True,1.0,False,5.6207525532984075,1.901463682474826
PX-4457,9.591666350972798,True,1.0,False,5.6207525532984075,1.901463682474826
PX-4458,9.660789978519542,True,1.0,False,5.6207525532984075,1.901463682474826
PX-4459,9.464524979950838,True,1.0,False,5.6207525532984075,1.901463682474826
PX-4460,9.056142791902285,True,1.0,False,5.6207525532984075,1.901463682474826
PX-4461,8.575072335810766,True,1.0,False,5.6207525532984075,1.901463682474826
PX-4462,8.323946153246613,True,1.0,False,5.6207525532984075,1.901463682474826
PX-4463,8.139235648157733,True,1.0,False,5.6207525532984075,1.901463682474826
PX-4464,7.897563700072995,True,1.0,False,5.6207525532984075,1.901463682474826
PX-4465,7.614190876759043,True,1.0,False,5.6207525532984075,1.901463682474826
PX-4466,7.735339613064832,True,1.0,False,5.6207525532984075,1.901463682474826
PX-4467,6.502246170362257,True,1.0,False,5.6207525532984075,1.901463682474826
PX-4468,1.4741072680614433,False,0.0,False,5.6207525532984075,1.901463682474826
PX-4469,1.3637986730949336,False,0.0,False,5.6207525532984075,1.901463682474826
PX-4470,1.4653761752330823,False,0.0,False,5.6207525532984075,1.901463682474826
PX-4471,1.5408119800676303,False,0.0,False,5.6207525532984075,1.901463682474826
PX-4472,1.6661929731890766,False,0.0,False,5.6207525532984075,1.901463682474826
PX-4473,1.7657834688894702,False,0.0,False,5.6207525532984075,1.901463682474826
PX-4474,2.254288587806812,False,0.0,False,5.6207525532984075,1.901463682474826
PX-4475,2.7243931568598487,False,0.0,False,5.6207525532984075,1.901463682474826
PX-4476,3.1975904700123383,False,0.0,False,5.6207525532984075,1.901463682474826
PX-4477,3.6550330865831118,True,1.0,False,5.6207525532984075,1.901463682474826
PX-4478,3.9970234294361546,True,1.0,False,5.6207525532984075,1.901463682474826
PX-4479,4.336110747320509,True,1.0,False,5.6207525532984075,1.901463682474826
PX-4480,4.52073427268137,True,1.0,False,5.6207525532984075,1.901463682474826
PX-4481,4.735765049525677,True,1.0,False,5.6207525532984075,1.901463682474826
PX-4482,5.227656463348989,True,1.0,False,5.6207525532984075,1.901463682474826
PX-4483,5.532358789206084,True,1.0,False,5.6207525532984075,1.901463682474826
PX-4484,5.339190912259074,True,1.0,False,5.6207525532984075,1.901463682474826
PX-4485,4.916765360651258,True,1.0,False,5.6207525532984075,1.901463682474826
PX-4486,4.685534813620379,True,1.0,False,5.6207525532984075,1.901463682474826
PX-4487,4.5236776340209985,True,1.0,False,5.6207525532984075,1.901463682474826
PX-4488,4.359462183418355,True,1.0,False,5.6207525532984075,1.901463682474826
PX-4489,4.594386454490808,True,1.0,False,5.6207525532984075,1.901463682474826
PX-4490,4.699244847887835,True,1.0,False,5.6207525532984075,1.901463682474826
PX-4491,4.628116059719636,True,1.0,False,5.6207525532984075,1.901463682474826
PX-4492,4.59979519682811,True,1.0,False,5.6207525532984075,1.901463682474826
PX-4493,4.882166449894967,True,1.0,False,5.6207525532984075,1.901463682474826
PX-4494,5.164435323050187,True,1.0,False,5.6207525532984075,1.901463682474826
PX-4495,5.452802690186838,True,1.0,False,5.6207525532984075,1.901463682474826
PX-4496,5.538779984520486,True,1.0,False,5.6207525532984075,1.901463682474826
PX-4497,5.544240975647668,True,1.0,False,5.6207525532984075,1.901463682474826
PX-4498,5.4272336040190226,True,1.0,False,5.6207525532984075,1.901463682474826
PX-4499,5.5052149235810255,True,1.0,False,5.6207525532984075,1.901463682474826
PX-4500,5.445588497386289,True,1.0,False,5.6207525532984075,1.901463682474826
PX-4501,5.497056872092536,True,1.0,False,5.6207525532984075,1.901463682474826
PX-4502,5.425382030416811,True,1.0,False,5.6207525532984075,1.901463682474826
PX-4503,5.526269535976651,True,1.0,False,5.6207525532984075,1.901463682474826
PX-4504,5.698090850251544,True,1.0,False,5.6207525532984075,1.901463682474826
PX-4505,6.125007292937541,True,1.0,False,5.6207525532984075,1.901463682474826
PX-4506,6.5098980613312545,True,1.0,False,5.6207525532984075,1.901463682474826
PX-4507,6.967938901198673,True,1.0,False,5.6207525532984075,1.901463682474826
PX-4508,7.618085365819121,True,1.0,False,5.6207525532984075,1.901463682474826
PX-4509,8.900575752902155,True,1.0,False,5.6207525532984075,1.901463682474826
PX-4510,8.752438198003995,True,1.0,False,5.6207525532984075,1.901463682474826
PX-4511,3.361315229589886,False,0.0,False,5.6207525532984075,1.901463682474826
PX-4512,3.834951655306284,True,1.0,False,5.6207525532984075,1.901463682474826
PX-4513,3.7380662890067917,True,1.0,False,5.6207525532984075,1.901463682474826
PX-4514,3.462232237037652,False,0.0,False,5.6207525532984075,1.901463682474826
PX-4515,3.32817614770733,False,0.0,False,5.6207525532984075,1.901463682474826
PX-4516,3.127580680646382,False,0.0,False,5.6207525532984075,1.901463682474826
PX-4517,3.2321158834538615,False,0.0,False,5.6207525532984075,1.901463682474826
PX-4518,3.42692115359616,False,0.0,False,5.6207525532984075,1.901463682474826
PX-4519,3.6265514678038464,False,0.0,False,5.6207525532984075,1.901463682474826
PX-4520,3.7448098153147864,False,0.0,False,5.6207525532984075,1.901463682474826
PX-4521,3.7837327759687085,False,0.0,False,5.6207525532984075,1.901463682474826
PX-4522,3.9864511931665234,True,1.0,False,5.6207525532984075,1.901463682474826
PX-4523,4.390360494863124,True,1.0,False,5.6207525532984075,1.901463682474826
PX-4524,4.866777088516015,True,1.0,False,5.6207525532984075,1.901463682474826
PX-4525,5.312432422929811,True,1.0,False,5.6207525532984075,1.901463682474826
PX-4526,5.448303112523833,True,1.0,False,5.6207525532984075,1.901463682474826
PX-4527,5.5290338379034765,True,1.0,False,5.6207525532984075,1.901463682474826
PX-4528,5.557058559539609,True,1.0,False,5.6207525532984075,1.901463682474826
PX-4529,5.542576176666392,True,1.0,False,5.6207525532984075,1.901463682474826
PX-4530,5.636799171376181,True,1.0,False,5.6207525532984075,1.901463682474826
PX-4531,5.912005599905223,True,1.0,False,5.6207525532984075,1.901463682474826
PX-4532,6.196529587564067,True,1.0,False,5.6207525532984075,1.901463682474826
PX-4533,6.479577770814236,True,1.0,False,5.6207525532984075,1.901463682474826
PX-4534,6.685160451645766,True,1.0,False,5.6207525532984075,1.901463682474826
PX-4535,6.698474887003902,True,1.0,False,5.6207525532984075,1.901463682474826
PX-4536,6.932738682622837,True,1.0,False,5.6207525532984075,1.901463682474826
PX-4537,6.989693729181321,True,1.0,False,5.6207525532984075,1.901463682474826
PX-4538,7.048294269199806,True,1.0,False,5.6207525532984075,1.901463682474826
PX-4539,7.006330318199872,True,1.0,False,5.6207525532984075,1.901463682474826
PX-4540,6.899830793708766,True,1.0,False,5.6207525532984075,1.901463682474826
PX-4541,6.735903039441128,True,1.0,False,5.6207525532984075,1.901463682474826
PX-4542,6.497075898470474,True,1.0,False,5.6207525532984075,1.901463682474826
PX-4543,6.462452604441836,True,1.0,False,5.6207525532984075,1.901463682474826
PX-4544,6.790425891048434,True,1.0,False,5.6207525532984075,1.901463682474826
PX-4545,6.882604710085145,True,1.0,False,5.6207525532984075,1.901463682474826
PX-4546,7.389425699228314,True,1.0,False,5.6207525532984075,1.901463682474826
PX-4547,7.815403832751576,True,1.0,False,5.6207525532984075,1.901463682474826
PX-4548,8.207407910416872,True,1.0,False,5.6207525532984075,1.901463682474826
PX-4549,8.464679469308367,True,1.0,False,5.6207525532984075,1.901463682474826
PX-4550,8.892639662989412,True,1.0,False,5.6207525532984075,1.901463682474826
PX-4551,9.198411594799113,True,1.0,False,5.6207525532984075,1.901463682474826
PX-4552,9.608714200049942,True,1.0,False,5.6207525532984075,1.901463682474826
PX-4553,9.772435677866618,True,1.0,False,5.6207525532984075,1.901463682474826
PX-4554,10.53995695536299,True,1.0,False,5.6207525532984075,1.901463682474826
PX-4555,9.177122130104042,True,1.0,False,5.6207525532984075,1.901463682474826
PX-4556,2.83941997445376,False,0.0,False,5.6207525532984075,1.901463682474826
PX-4557,2.6228726018024204,False,0.0,False,5.6207525532984075,1.901463682474826
PX-4558,2.709688455794085,False,0.0,False,5.6207525532984075,1.901463682474826
PX-4559,2.841709564824237,False,0.0,False,5.6207525532984075,1.901463682474826
PX-4560,2.8967094944158323,False,0.0,False,5.6207525532984075,1.901463682474826
PX-4561,3.0378936246022956,False,0.0,False,5.6207525532984075,1.901463682474826
PX-4562,3.3546705727028634,False,0.0,False,5.6207525532984075,1.901463682474826
PX-4563,3.7481237645413685,False,0.0,False,5.6207525532984075,1.901463682474826
PX-4564,4.087161774465034,True,1.0,False,5.6207525532984075,1.901463682474826
PX-4565,4.691095298038864,True,1.0,False,5.6207525532984075,1.901463682474826
PX-4566,5.358503666762166,True,1.0,False,5.6207525532984075,1.901463682474826
PX-4567,5.716817747801816,True,1.0,False,5.6207525532984075,1.901463682474826
PX-4568,5.996475420083515,True,1.0,False,5.6207525532984075,1.901463682474826
PX-4569,6.242423089592801,True,1.0,False,5.6207525532984075,1.901463682474826
PX-4570,6.25109119464109,True,1.0,False,5.6207525532984075,1.901463682474826
PX-4571,5.506154175106651,True,1.0,False,5.6207525532984075,1.901463682474826
PX-4572,4.959757357452752,True,1.0,False,5.6207525532984075,1.901463682474826
PX-4573,4.517841150878931,True,1.0,False,5.6207525532984075,1.901463682474826
PX-4574,4.182377988369437,True,1.0,False,5.6207525532984075,1.901463682474826
PX-4575,3.9000641573241293,True,1.0,False,5.6207525532984075,1.901463682474826
PX-4576,3.3986188935645814,True,1.0,False,5.6207525532984075,1.901463682474826
PX-4577,2.9859372913571676,False,0.0,False,5.6207525532984075,1.901463682474826
PX-4578,3.032275860117924,False,0.0,False,5.6207525532984075,1.901463682474826
PX-4579,3.3083754790659654,True,1.0,False,5.6207525532984075,1.901463682474826
PX-4580,3.5846613374514966,True,1.0,False,5.6207525532984075,1.901463682474826
PX-4581,4.046648034624816,True,1.0,False,5.6207525532984075,1.901463682474826
PX-4582,4.220093476406685,True,1.0,False,5.6207525532984075,1.901463682474826
PX-4583,4.617558626318759,True,1.0,False,5.6207525532984075,1.901463682474826
PX-4584,4.7700268333914835,True,1.0,False,5.6207525532984075,1.901463682474826
PX-4585,5.061519683055527,True,1.0,False,5.6207525532984075,1.901463682474826
PX-4586,5.369519363515499,True,1.0,False,5.6207525532984075,1.901463682474826
PX-4587,5.458615696060075,True,1.0,False,5.6207525532984075,1.901463682474826
PX-4588,5.404586879674394,True,1.0,False,5.6207525532984075,1.901463682474826
PX-4589,5.385521631603105,True,1.0,False,5.6207525532984075,1.901463682474826
PX-4590,5.132391024064482,True,1.0,False,5.6207525532984075,1.901463682474826
PX-4591,5.158935195699215,True,1.0,False,5.6207525532984075,1.901463682474826
PX-4592,5.15081520901397,True,1.0,False,5.6207525532984075,1.901463682474826
PX-4593,5.245768583565365,True,1.0,False,5.6207525532984075,1.901463682474826
PX-4594,5.284304080116392,True,1.0,False,5.6207525532984075,1.901463682474826
PX-4595,5.370413172034411,True,1.0,False,5.6207525532984075,1.901463682474826
PX-4596,5.436482059921598,True,1.0,False,5.6207525532984075,1.901463682474826
PX-4597,5.6661930680867485,True,1.0,False,5.6207525532984075,1.901463682474826
PX-4598,5.938995479206902,True,1.0,False,5.6207525532984075,1.901463682474826
PX-4599,6.432789025584453,True,1.0,False,5.6207525532984075,1.901463682474826
PX-4600,7.141098623154718,True,1.0,False,5.6207525532984075,1.901463682474826
PX-4601,8.029183219302714,True,1.0,False,5.6207525532984075,1.901463682474826
PX-4602,7.001812629018534,True,1.0,False,5.6207525532984075,1.901463682474826
PX-4603,1.095412130977948,False,0.0,False,5.6207525532984075,1.901463682474826
PX-4604,0.9379434257457007,False,0.0,False,5.6207525532984075,1.901463682474826
PX-4605,0.9237030599853622,False,0.0,False,5.6207525532984075,1.901463682474826
PX-4606,1.2698681991334482,False,0.0,False,5.6207525532984075,1.901463682474826
PX-4607,1.519797020113229,False,0.0,False,5.6207525532984075,1.901463682474826
PX-4608,1.661270262837295,False,0.0,False,5.6207525532984075,1.901463682474826
PX-4609,1.8616550489053019,False,0.0,False,5.6207525532984075,1.901463682474826
PX-4610,2.054792924979626,False,0.0,False,5.6207525532984075,1.901463682474826
PX-4611,2.279802421884966,False,0.0,False,5.6207525532984075,1.901463682474826
PX-4612,2.5530500596210945,False,0.0,False,5.6207525532984075,1.901463682474826
PX-4613,2.7469778140550787,False,0.0,False,5.6207525532984075,1.901463682474826
PX-4614,2.9484657094984037,False,0.0,False,5.6207525532984075,1.901463682474826
PX-4615,3.1654003571289184,False,0.0,False,5.6207525532984075,1.901463682474826
PX-4616,3.359381812379361,True,1.0,False,5.6207525532984075,1.901463682474826
PX-4617,3.548535136050571,True,1.0,False,5.6207525532984075,1.901463682474826
PX-4618,3.608130142806271,True,1.0,False,5.6207525532984075,1.901463682474826
PX-4619,3.7328565140632435,True,1.0,False,5.6207525532984075,1.901463682474826
PX-4620,4.083575674405049,True,1.0,False,5.6207525532984075,1.901463682474826
PX-4621,4.367452435833158,True,1.0,False,5.6207525532984075,1.901463682474826
PX-4622,4.599928987017336,True,1.0,False,5.6207525532984075,1.901463682474826
PX-4623,5.044396868916332,True,1.0,False,5.6207525532984075,1.901463682474826
PX-4624,5.2495220711229305,True,1.0,False,5.6207525532984075,1.901463682474826
PX-4625,5.241405742434351,True,1.0,False,5.6207525532984075,1.901463682474826
PX-4626,5.516358002317313,True,1.0,False,5.6207525532984075,1.901463682474826
PX-4627,5.889026327057161,True,1.0,False,5.6207525532984075,1.901463682474826
PX-4628,6.094488248108254,True,1.0,False,5.6207525532984075,1.901463682474826
PX-4629,6.211817169169995,True,1.0,False,5.6207525532984075,1.901463682474826
PX-4630,6.2860744998018365,True,1.0,False,5.6207525532984075,1.901463682474826
PX-4631,6.512685028880544,True,1.0,False,5.6207525532984075,1.901463682474826
PX-4632,6.6632187012270645,True,1.0,False,5.6207525532984075,1.901463682474826
PX-4633,6.831910697479614,True,1.0,False,5.6207525532984075,1.901463682474826
PX-4634,6.868991383068961,True,1.0,False,5.6207525532984075,1.901463682474826
PX-4635,6.885830348446788,True,1.0,False,5.6207525532984075,1.901463682474826
PX-4636,6.796787905405219,True,1.0,False,5.6207525532984075,1.901463682474826
PX-4637,6.680218840768285,True,1.0,False,5.6207525532984075,1.901463682474826
PX-4638,6.517302253022805,True,1.0,False,5.6207525532984075,1.901463682474826
PX-4639,6.397154197660081,True,1.0,False,5.6207525532984075,1.901463682474826
PX-4640,6.3738043197707235,True,1.0,False,5.6207525532984075,1.901463682474826
PX-4641,6.4737123416441715,True,1.0,False,5.6207525532984075,1.901463682474826
PX-4642,6.393394165409603,True,1.0,False,5.6207525532984075,1.901463682474826
PX-4643,6.660433666479506,True,1.0,False,5.6207525532984075,1.901463682474826
PX-4644,6.526786942915237,True,1.0,False,5.6207525532984075,1.901463682474826
PX-4645,6.77234573430926,True,1.0,False,5.6207525532984075,1.901463682474826
PX-4646,7.225643062309054,True,1.0,False,5.6207525532984075,1.901463682474826
PX-4647,7.750307385837306,True,1.0,False,5.6207525532984075,1.901463682474826
PX-4648,8.635458173009235,True,1.0,False,5.6207525532984075,1.901463682474826
PX-4649,9.689987864731625,True,1.0,False,5.6207525532984075,1.901463682474826
PX-4650,5.347987256655159,False,0.0,False,5.6207525532984075,1.901463682474826
PX-4651,2.783486525846392,False,0.0,False,5.6207525532984075,1.901463682474826
PX-4652,2.4946579821443056,False,0.0,False,5.6207525532984075,1.901463682474826
PX-4653,2.544003156648312,False,0.0,False,5.6207525532984075,1.901463682474826
PX-4654,2.44059900788454,False,0.0,False,5.6207525532984075,1.901463682474826
PX-4655,2.3249199828445324,False,0.0,False,5.6207525532984075,1.901463682474826
PX-4656,2.165590000299545,False,0.0,False,5.6207525532984075,1.901463682474826
PX-4657,2.1063863444236244,False,0.0,False,5.6207525532984075,1.901463682474826
PX-4658,2.303036081674474,False,0.0,False,5.6207525532984075,1.901463682474826
PX-4659,2.517165970676224,False,0.0,False,5.6207525532984075,1.901463682474826
PX-4660,2.89685434056792,False,0.0,False,5.6207525532984075,1.901463682474826
PX-4661,3.087437140467399,False,0.0,False,5.6207525532984075,1.901463682474826
PX-4662,3.160280978439845,False,0.0,False,5.6207525532984075,1.901463682474826
PX-4663,3.308200909396497,False,0.0,False,5.6207525532984075,1.901463682474826
PX-4664,3.565977633679733,False,0.0,False,5.6207525532984075,1.901463682474826
PX-4665,3.7907251905398134,False,0.0,False,5.6207525532984075,1.901463682474826
PX-4666,4.088976712544536,True,1.0,False,5.6207525532984075,1.901463682474826
PX-4667,4.445579748545002,True,1.0,False,5.6207525532984075,1.901463682474826
PX-4668,4.853974740184398,True,1.0,False,5.6207525532984075,1.901463682474826
PX-4669,5.101965765116978,True,1.0,False,5.6207525532984075,1.901463682474826
PX-4670,5.277903965293522,True,1.0,False,5.6207525532984075,1.901463682474826
PX-4671,5.389214618819516,True,1.0,False,5.6207525532984075,1.901463682474826
PX-4672,5.44528039017394,True,1.0,False,5.6207525532984075,1.901463682474826
PX-4673,5.598176145364615,True,1.0,False,5.6207525532984075,1.901463682474826
PX-4674,5.663867588391785,True,1.0,False,5.6207525532984075,1.901463682474826
PX-4675,5.69459744034816,True,1.0,False,5.6207525532984075,1.901463682474826
PX-4676,5.617401189859352,True,1.0,False,5.6207525532984075,1.901463682474826
PX-4677,5.352987453598086,True,1.0,False,5.6207525532984075,1.901463682474826
PX-4678,5.234226145177152,True,1.0,False,5.6207525532984075,1.901463682474826
PX-4679,5.348107937078504,True,1.0,False,5.6207525532984075,1.901463682474826
PX-4680,5.628506482244326,True,1.0,False,5.6207525532984075,1.901463682474826
PX-4681,6.064684402838722,True,1.0,False,5.6207525532984075,1.901463682474826
PX-4682,6.08512470899047,True,1.0,False,5.6207525532984075,1.901463682474826
PX-4683,6.4936843575191645,True,1.0,False,5.6207525532984075,1.901463682474826
PX-4684,7.014468726793794,True,1.0,False,5.6207525532984075,1.901463682474826
PX-4685,7.459065855132474,True,1.0,False,5.6207525532984075,1.901463682474826
PX-4686,7.798489433433842,True,1.0,False,5.6207525532984075,1.901463682474826
PX-4687,8.12775284302487,True,1.0,False,5.6207525532984075,1.901463682474826
PX-4688,8.151265689078514,True,1.0,False,5.6207525532984075,1.901463682474826
PX-4689,8.01182644755865,True,1.0,False,5.6207525532984075,1.901463682474826
PX-4690,7.694698762068301,True,1.0,False,5.6207525532984075,1.901463682474826
PX-4691,7.780098674077324,True,1.0,False,5.6207525532984075,1.901463682474826
PX-4692,7.857850853568305,True,1.0,False,5.6207525532984075,1.901463682474826
PX-4693,7.94741620354181,True,1.0,False,5.6207525532984075,1.901463682474826
PX-4694,7.710060200646229,True,1.0,False,5.6207525532984075,1.901463682474826
PX-4695,7.745856336135709,True,1.0,False,5.6207525532984075,1.901463682474826
PX-4696,7.549823984331315,True,1.0,False,5.6207525532984075,1.901463682474826
PX-4697,7.750461391934907,True,1.0,False,5.6207525532984075,1.901463682474826
PX-4698,7.969581497983997,True,1.0,False,5.6207525532984075,1.901463682474826
PX-4699,8.72641269645962,True,1.0,False,5.6207525532984075,1.901463682474826
PX-4700,9.96288111322569,True,1.0,False,5.6207525532984075,1.901463682474826
PX-4701,12.27855035152391,True,1.0,False,5.6207525532984075,1.901463682474826
PX-4702,2.927438422549777,False,0.0,False,5.6207525532984075,1.901463682474826
PX-4703,2.713923380119571,False,0.0,False,5.6207525532984075,1.901463682474826
PX-4704,2.595663034437745,False,0.0,False,5.6207525532984075,1.901463682474826
PX-4705,2.6161695491888217,False,0.0,False,5.6207525532984075,1.901463682474826
PX-4706,2.5408440349456107,False,0.0,False,5.6207525532984075,1.901463682474826
PX-4707,2.8793716048052307,False,0.0,False,5.6207525532984075,1.901463682474826
PX-4708,2.6147134577774604,False,0.0,False,5.6207525532984075,1.901463682474826
PX-4709,2.646524451734347,False,0.0,False,5.6207525532984075,1.901463682474826
PX-4710,2.797337331610768,False,0.0,False,5.6207525532984075,1.901463682474826
PX-4711,3.028405740920096,False,0.0,False,5.6207525532984075,1.901463682474826
PX-4712,3.043675861265415,False,0.0,False,5.6207525532984075,1.901463682474826
PX-4713,3.118730309661636,False,0.0,False,5.6207525532984075,1.901463682474826
PX-4714,3.164615661030142,False,0.0,False,5.6207525532984075,1.901463682474826
PX-4715,3.2220620479666806,False,0.0,False,5.6207525532984075,1.901463682474826
PX-4716,3.153044484079947,False,0.0,False,5.6207525532984075,1.901463682474826
PX-4717,3.3447155405727695,True,1.0,False,5.6207525532984075,1.901463682474826
PX-4718,3.698308438036495,True,1.0,False,5.6207525532984075,1.901463682474826
PX-4719,4.361678912126592,True,1.0,False,5.6207525532984075,1.901463682474826
PX-4720,5.026568251214687,True,1.0,False,5.6207525532984075,1.901463682474826
PX-4721,5.555642036873705,True,1.0,False,5.6207525532984075,1.901463682474826
PX-4722,5.944789690130385,True,1.0,False,5.6207525532984075,1.901463682474826
PX-4723,6.540194556217349,True,1.0,False,5.6207525532984075,1.901463682474826
PX-4724,7.0773057424808865,True,1.0,False,5.6207525532984075,1.901463682474826
PX-4725,7.727509576814585,True,1.0,False,5.6207525532984075,1.901463682474826
PX-4726,8.374859940330488,True,1.0,False,5.6207525532984075,1.901463682474826
PX-4727,8.687651550481474,True,1.0,False,5.6207525532984075,1.901463682474826
PX-4728,8.835152998357684,True,1.0,False,5.6207525532984075,1.901463682474826
PX-4729,8.815101234625079,True,1.0,False,5.6207525532984075,1.901463682474826
PX-4730,9.190482501542288,True,1.0,False,5.6207525532984075,1.901463682474826
PX-4731,9.541515009650858,True,1.0,False,5.6207525532984075,1.901463682474826
PX-4732,9.573590688375287,True,1.0,False,5.6207525532984075,1.901463682474826
PX-4733,9.596642818011272,True,1.0,False,5.6207525532984075,1.901463682474826
PX-4734,9.309808335055116,True,1.0,False,5.6207525532984075,1.901463682474826
PX-4735,8.916447914657516,True,1.0,False,5.6207525532984075,1.901463682474826
PX-4736,8.68781405776111,True,1.0,False,5.6207525532984075,1.901463682474826
PX-4737,8.389014415804755,True,1.0,False,5.6207525532984075,1.901463682474826
PX-4738,8.045997914674617,True,1.0,False,5.6207525532984075,1.901463682474826
PX-4739,7.300648280860408,True,1.0,False,5.6207525532984075,1.901463682474826
PX-4740,6.653926655964707,True,1.0,False,5.6207525532984075,1.901463682474826
PX-4741,5.934972449753348,True,1.0,False,5.6207525532984075,1.901463682474826
PX-4742,5.320094661445776,True,1.0,False,5.6207525532984075,1.901463682474826
PX-4743,5.031688396982673,True,1.0,False,5.6207525532984075,1.901463682474826
PX-4744,5.14128131154288,True,1.0,False,5.6207525532984075,1.901463682474826
PX-4745,5.303943634290448,True,1.0,False,5.6207525532984075,1.901463682474826
PX-4746,5.258870424389613,True,1.0,False,5.6207525532984075,1.901463682474826
PX-4747,5.4431733185739155,True,1.0,False,5.6207525532984075,1.901463682474826
PX-4748,5.622242944304002,True,1.0,False,5.6207525532984075,1.901463682474826
PX-4749,6.030473591313152,True,1.0,False,5.6207525532984075,1.901463682474826
PX-4750,6.704971134845874,True,1.0,False,5.6207525532984075,1.901463682474826
PX-4751,7.712392859981756,True,1.0,False,5.6207525532984075,1.901463682474826
PX-4752,9.952754872475403,True,1.0,False,5.6207525532984075,1.901463682474826
PX-4753,13.998127653768632,True,1.0,False,5.6207525532984075,1.901463682474826
PX-4754,2.503675418029042,False,0.0,False,5.6207525532984075,1.901463682474826
PX-4755,2.245208239876739,False,0.0,False,5.6207525532984075,1.901463682474826
PX-4756,2.360998640600714,False,0.0,False,5.6207525532984075,1.901463682474826
PX-4757,2.430209921951386,False,0.0,False,5.6207525532984075,1.901463682474826
PX-4758,2.4595571328821,False,0.0,False,5.6207525532984075,1.901463682474826
PX-4759,2.1695257356699464,False,0.0,False,5.6207525532984075,1.901463682474826
PX-4760,2.0440970430297813,False,0.0,False,5.6207525532984075,1.901463682474826
PX-4761,2.2923365313984707,False,0.0,False,5.6207525532984075,1.901463682474826
PX-4762,2.184868275765485,False,0.0,False,5.6207525532984075,1.901463682474826
PX-4763,2.4310100075524996,False,0.0,False,5.6207525532984075,1.901463682474826
PX-4764,2.5923863541812064,False,0.0,False,5.6207525532984075,1.901463682474826
PX-4765,2.354450718249465,False,0.0,False,5.6207525532984075,1.901463682474826
PX-4766,2.3084544965637246,False,0.0,False,5.6207525532984075,1.901463682474826
PX-4767,2.55858524439998,False,0.0,False,5.6207525532984075,1.901463682474826
PX-4768,2.7459605926579282,False,0.0,False,5.6207525532984075,1.901463682474826
PX-4769,2.96209066237601,False,0.0,False,5.6207525532984075,1.901463682474826
PX-4770,3.174556937697254,False,0.0,False,5.6207525532984075,1.901463682474826
PX-4771,3.587316515004197,True,1.0,False,5.6207525532984075,1.901463682474826
PX-4772,3.764763011228368,True,1.0,False,5.6207525532984075,1.901463682474826
PX-4773,4.038100747203259,True,1.0,False,5.6207525532984075,1.901463682474826
PX-4774,4.2922406268289315,True,1.0,False,5.6207525532984075,1.901463682474826
PX-4775,4.3486697822282405,True,1.0,False,5.6207525532984075,1.901463682474826
PX-4776,4.295192417772839,True,1.0,False,5.6207525532984075,1.901463682474826
PX-4777,4.588548917948364,True,1.0,False,5.6207525532984075,1.901463682474826
PX-4778,4.974779548206653,True,1.0,False,5.6207525532984075,1.901463682474826
PX-4779,5.304048691978494,True,1.0,False,5.6207525532984075,1.901463682474826
PX-4780,5.336824634536745,True,1.0,False,5.6207525532984075,1.901463682474826
PX-4781,5.506080971197267,True,1.0,False,5.6207525532984075,1.901463682474826
PX-4782,5.808721606875475,True,1.0,False,5.6207525532984075,1.901463682474826
PX-4783,6.239260274027787,True,1.0,False,5.6207525532984075,1.901463682474826
PX-4784,6.903766652835458,True,1.0,False,5.6207525532984075,1.901463682474826
PX-4785,7.194249176749684,True,1.0,False,5.6207525532984075,1.901463682474826
PX-4786,7.258103419667437,True,1.0,False,5.6207525532984075,1.901463682474826
PX-4787,7.137065317235642,True,1.0,False,5.6207525532984075,1.901463682474826
PX-4788,6.718868689710385,True,1.0,False,5.6207525532984075,1.901463682474826
PX-4789,6.4489768992642045,True,1.0,False,5.6207525532984075,1.901463682474826
PX-4790,6.145833610648538,True,1.0,False,5.6207525532984075,1.901463682474826
PX-4791,6.064642581427108,True,1.0,False,5.6207525532984075,1.901463682474826
PX-4792,5.979626375190469,True,1.0,False,5.6207525532984075,1.901463682474826
PX-4793,5.666819004778953,True,1.0,False,5.6207525532984075,1.901463682474826
PX-4794,5.612305639923685,True,1.0,False,5.6207525532984075,1.901463682474826
PX-4795,5.545127780601263,True,1.0,False,5.6207525532984075,1.901463682474826
PX-4796,5.769078450591829,True,1.0,False,5.6207525532984075,1.901463682474826
PX-4797,6.064088946704194,True,1.0,False,5.6207525532984075,1.901463682474826
PX-4798,6.692061421131275,True,1.0,False,5.6207525532984075,1.901463682474826
PX-4799,7.192584124517749,True,1.0,False,5.6207525532984075,1.901463682474826
PX-4800,7.546069347427993,True,1.0,False,5.6207525532984075,1.901463682474826
PX-4801,8.22919117096125,True,1.0,False,5.6207525532984075,1.901463682474826
PX-4802,9.600239994467731,True,1.0,False,5.6207525532984075,1.901463682474826
PX-4803,12.202998053993694,True,1.0,False,5.6207525532984075,1.901463682474826
PX-4804,19.259475381852184,True,1.0,False,5.6207525532984075,1.901463682474826
PX-4805,4.426861976513072,True,1.0,False,5.6207525532984075,1.901463682474826
PX-4806,4.27404826714678,True,1.0,False,5.6207525532984075,1.901463682474826
PX-4807,4.049036309392978,True,1.0,False,5.6207525532984075,1.901463682474826
PX-4808,3.8303160643845153,False,0.0,False,5.6207525532984075,1.901463682474826
PX-4809,3.6262055718295727,False,0.0,False,5.6207525532984075,1.901463682474826
PX-4810,3.2828063799537226,False,0.0,False,5.6207525532984075,1.901463682474826
PX-4811,3.0029596669673886,False,0.0,False,5.6207525532984075,1.901463682474826
PX-4812,3.0199434995891217,False,0.0,False,5.6207525532984075,1.901463682474826
PX-4813,2.9273425421194528,False,0.0,False,5.6207525532984075,1.901463682474826
PX-4814,2.806805786326274,False,0.0,False,5.6207525532984075,1.901463682474826
PX-4815,2.7104731082880242,False,0.0,False,5.6207525532984075,1.901463682474826
PX-4816,2.6087061954629593,False,0.0,False,5.6207525532984075,1.901463682474826
PX-4817,2.8222563732133565,False,0.0,False,5.6207525532984075,1.901463682474826
PX-4818,3.313549827585973,False,0.0,False,5.6207525532984075,1.901463682474826
PX-4819,3.72756883921935,False,0.0,False,5.6207525532984075,1.901463682474826
PX-4820,4.391875145661068,True,1.0,False,5.6207525532984075,1.901463682474826
PX-4821,5.086763572654673,True,1.0,False,5.6207525532984075,1.901463682474826
PX-4822,5.771579206596886,True,1.0,False,5.6207525532984075,1.901463682474826
PX-4823,6.214219727265647,True,1.0,False,5.6207525532984075,1.901463682474826
PX-4824,6.839489870891708,True,1.0,False,5.6207525532984075,1.901463682474826
PX-4825,7.3787338769797195,True,1.0,False,5.6207525532984075,1.901463682474826
PX-4826,7.502388340769816,True,1.0,False,5.6207525532984075,1.901463682474826
PX-4827,7.177700418127682,True,1.0,False,5.6207525532984075,1.901463682474826
PX-4828,6.912066230352778,True,1.0,False,5.6207525532984075,1.901463682474826
PX-4829,6.536854312998765,True,1.0,False,5.6207525532984075,1.901463682474826
PX-4830,6.186245917092105,True,1.0,False,5.6207525532984075,1.901463682474826
PX-4831,5.642059552450416,True,1.0,False,5.6207525532984075,1.901463682474826
PX-4832,5.5425002523436735,True,1.0,False,5.6207525532984075,1.901463682474826
PX-4833,5.589125424751737,True,1.0,False,5.6207525532984075,1.901463682474826
PX-4834,5.630496840717093,True,1.0,False,5.6207525532984075,1.901463682474826
PX-4835,5.903200695495514,True,1.0,False,5.6207525532984075,1.901463682474826
PX-4836,6.19001231388488,True,1.0,False,5.6207525532984075,1.901463682474826
PX-4837,6.400351895892893,True,1.0,False,5.6207525532984075,1.901463682474826
PX-4838,6.693741056725951,True,1.0,False,5.6207525532984075,1.901463682474826
PX-4839,7.1373982682825154,True,1.0,False,5.6207525532984075,1.901463682474826
PX-4840,7.5715696529526575,True,1.0,False,5.6207525532984075,1.901463682474826
PX-4841,7.69302409755382,True,1.0,False,5.6207525532984075,1.901463682474826
PX-4842,7.654094662100004,True,1.0,False,5.6207525532984075,1.901463682474826
PX-4843,7.508458552853506,True,1.0,False,5.6207525532984075,1.901463682474826
PX-4844,7.046341807091018,True,1.0,False,5.6207525532984075,1.901463682474826
PX-4845,6.567809752456842,True,1.0,False,5.6207525532984075,1.901463682474826
PX-4846,5.891951516980738,True,1.0,False,5.6207525532984075,1.901463682474826
PX-4847,5.660094155899472,True,1.0,False,5.6207525532984075,1.901463682474826
PX-4848,5.370653039261148,True,1.0,False,5.6207525532984075,1.901463682474826
PX-4849,5.221961629325673,True,1.0,False,5.6207525532984075,1.901463682474826
PX-4850,5.121327556354114,True,1.0,False,5.6207525532984075,1.901463682474826
PX-4851,5.1413432106481025,True,1.0,False,5.6207525532984075,1.901463682474826
PX-4852,5.900514058388158,True,1.0,False,5.6207525532984075,1.901463682474826
PX-4853,7.55830238843426,True,1.0,False,5.6207525532984075,1.901463682474826
PX-4854,10.543752320125346,True,1.0,False,5.6207525532984075,1.901463682474826
PX-4855,21.38358147843723,True,1.0,False,5.6207525532984075,1.901463682474826
PX-4856,1.9979707754560998,False,0.0,False,5.6207525532984075,1.901463682474826
PX-4857,1.6050730003650493,False,0.0,False,5.6207525532984075,1.901463682474826
PX-4858,1.378709955175328,False,0.0,False,5.6207525532984075,1.901463682474826
PX-4859,1.1537655639617572,False,0.0,False,5.6207525532984075,1.901463682474826
PX-4860,1.0891769789609977,False,0.0,False,5.6207525532984075,1.901463682474826
PX-4861,0.764363516871656,False,0.0,False,5.6207525532984075,1.901463682474826
PX-4862,0.4452252431930468,False,0.0,False,5.6207525532984075,1.901463682474826
PX-4863,0.6891084706636725,False,0.0,False,5.6207525532984075,1.901463682474826
PX-4864,1.0613939327735764,False,0.0,False,5.6207525532984075,1.901463682474826
PX-4865,1.2328395507207333,False,0.0,False,5.6207525532984075,1.901463682474826
PX-4866,1.4574919118506209,False,0.0,False,5.6207525532984075,1.901463682474826
PX-4867,1.6051616637806667,False,0.0,False,5.6207525532984075,1.901463682474826
PX-4868,1.7483640644829386,False,0.0,False,5.6207525532984075,1.901463682474826
PX-4869,1.94118379148874,False,0.0,False,5.6207525532984075,1.901463682474826
PX-4870,2.1880912122755873,False,0.0,False,5.6207525532984075,1.901463682474826
PX-4871,2.479587122698817,False,0.0,False,5.6207525532984075,1.901463682474826
PX-4872,2.6995040308819895,False,0.0,False,5.6207525532984075,1.901463682474826
PX-4873,2.9425006109089225,True,1.0,False,5.6207525532984075,1.901463682474826
PX-4874,3.1514723444579076,True,1.0,False,5.6207525532984075,1.901463682474826
PX-4875,3.452102134749925,True,1.0,False,5.6207525532984075,1.901463682474826
PX-4876,3.8106190856775317,True,1.0,False,5.6207525532984075,1.901463682474826
PX-4877,3.929490881786265,True,1.0,False,5.6207525532984075,1.901463682474826
PX-4878,4.043815189982588,True,1.0,False,5.6207525532984075,1.901463682474826
PX-4879,4.146884663934301,True,1.0,False,5.6207525532984075,1.901463682474826
PX-4880,4.132482461785077,True,1.0,False,5.6207525532984075,1.901463682474826
PX-4881,4.154260365993199,True,1.0,False,5.6207525532984075,1.901463682474826
PX-4882,4.019987640833724,True,1.0,False,5.6207525532984075,1.901463682474826
PX-4883,4.061633012081485,True,1.0,False,5.6207525532984075,1.901463682474826
PX-4884,4.110641391364334,True,1.0,False,5.6207525532984075,1.901463682474826
PX-4885,4.120769388918877,True,1.0,False,5.6207525532984075,1.901463682474826
PX-4886,4.399974781417232,True,1.0,False,5.6207525532984075,1.901463682474826
PX-4887,4.501505689841693,True,1.0,False,5.6207525532984075,1.901463682474826
PX-4888,4.479452646376069,True,1.0,False,5.6207525532984075,1.901463682474826
PX-4889,4.37528704315811,True,1.0,False,5.6207525532984075,1.901463682474826
PX-4890,4.341984252341225,True,1.0,False,5.6207525532984075,1.901463682474826
PX-4891,4.388285836639566,True,1.0,False,5.6207525532984075,1.901463682474826
PX-4892,4.374467595797306,True,1.0,False,5.6207525532984075,1.901463682474826
PX-4893,4.27092799194066,True,1.0,False,5.6207525532984075,1.901463682474826
PX-4894,4.1875630745333225,True,1.0,False,5.6207525532984075,1.901463682474826
PX-4895,4.344341164121946,True,1.0,False,5.6207525532984075,1.901463682474826
PX-4896,4.765080603515177,True,1.0,False,5.6207525532984075,1.901463682474826
PX-4897,5.113628987451088,True,1.0,False,5.6207525532984075,1.901463682474826
PX-4898,5.429786961919904,True,1.0,False,5.6207525532984075,1.901463682474826
PX-4899,5.7730792991927,True,1.0,False,5.6207525532984075,1.901463682474826
PX-4900,6.2388111821658505,True,1.0,False,5.6207525532984075,1.901463682474826
PX-4901,6.67746001880489,True,1.0,False,5.6207525532984075,1.901463682474826
PX-4902,7.117395646297027,True,1.0,False,5.6207525532984075,1.901463682474826
PX-4903,7.75526914598994,True,1.0,False,5.6207525532984075,1.901463682474826
PX-4904,8.485326757682289,True,1.0,False,5.6207525532984075,1.901463682474826
PX-4905,9.608267479892387,True,1.0,False,5.6207525532984075,1.901463682474826
PX-4906,3.4569736981996275,True,1.0,False,5.6207525532984075,1.901463682474826
PX-4907,3.173137090717857,False,0.0,False,5.6207525532984075,1.901463682474826
PX-4908,2.875293373034566,False,0.0,False,5.6207525532984075,1.901463682474826
PX-4909,2.485318500777094,False,0.0,False,5.6207525532984075,1.901463682474826
PX-4910,2.32901838259035,False,0.0,False,5.6207525532984075,1.901463682474826
PX-4911,2.0409048491559254,False,0.0,False,5.6207525532984075,1.901463682474826
PX-4912,1.9360299247349815,False,0.0,False,5.6207525532984075,1.901463682474826
PX-4913,2.359249209124494,False,0.0,False,5.6207525532984075,1.901463682474826
PX-4914,2.671662514115946,False,0.0,False,5.6207525532984075,1.901463682474826
PX-4915,2.8081628145352955,False,0.0,False,5.6207525532984075,1.901463682474826
PX-4916,2.786598764292883,False,0.0,False,5.6207525532984075,1.901463682474826
PX-4917,2.7171849984517653,False,0.0,False,5.6207525532984075,1.901463682474826
PX-4918,2.9597535409881246,False,0.0,False,5.6207525532984075,1.901463682474826
PX-4919,2.95200502174899,False,0.0,False,5.6207525532984075,1.901463682474826
PX-4920,3.1460063246922036,True,1.0,False,5.6207525532984075,1.901463682474826
PX-4921,3.5435890450196137,True,1.0,False,5.6207525532984075,1.901463682474826
PX-4922,3.760128732843002,True,1.0,False,5.6207525532984075,1.901463682474826
PX-4923,3.8885499661151304,True,1.0,False,5.6207525532984075,1.901463682474826
PX-4924,4.059866331088848,True,1.0,False,5.6207525532984075,1.901463682474826
PX-4925,4.3300412878391015,True,1.0,False,5.6207525532984075,1.901463682474826
PX-4926,4.659949559736523,True,1.0,False,5.6207525532984075,1.901463682474826
PX-4927,4.821810214352679,True,1.0,False,5.6207525532984075,1.901463682474826
PX-4928,5.1851131179252885,True,1.0,False,5.6207525532984075,1.901463682474826
PX-4929,5.3294090599745285,True,1.0,False,5.6207525532984075,1.901463682474826
PX-4930,5.182219551642103,True,1.0,False,5.6207525532984075,1.901463682474826
PX-4931,5.13637972759569,True,1.0,False,5.6207525532984075,1.901463682474826
PX-4932,4.952938081289657,True,1.0,False,5.6207525532984075,1.901463682474826
PX-4933,4.940336709051364,True,1.0,False,5.6207525532984075,1.901463682474826
PX-4934,4.928373054210963,True,1.0,False,5.6207525532984075,1.901463682474826
PX-4935,5.038460889867062,True,1.0,False,5.6207525532984075,1.901463682474826
PX-4936,5.172239143898416,True,1.0,False,5.6207525532984075,1.901463682474826
PX-4937,5.042834018438258,True,1.0,False,5.6207525532984075,1.901463682474826
PX-4938,4.847025734233663,True,1.0,False,5.6207525532984075,1.901463682474826
PX-4939,4.837913837927516,True,1.0,False,5.6207525532984075,1.901463682474826
PX-4940,4.809874174026355,True,1.0,False,5.6207525532984075,1.901463682474826
PX-4941,4.917009492274746,True,1.0,False,5.6207525532984075,1.901463682474826
PX-4942,5.006483205116149,True,1.0,False,5.6207525532984075,1.901463682474826
PX-4943,5.096705334601474,True,1.0,False,5.6207525532984075,1.901463682474826
PX-4944,5.033814271409559,True,1.0,False,5.6207525532984075,1.901463682474826
PX-4945,5.117523570810061,True,1.0,False,5.6207525532984075,1.901463682474826
PX-4946,5.264749760470174,True,1.0,False,5.6207525532984075,1.901463682474826
PX-4947,5.439017879573662,True,1.0,False,5.6207525532984075,1.901463682474826
PX-4948,5.605027288855837,True,1.0,False,5.6207525532984075,1.901463682474826
PX-4949,5.665166157570759,True,1.0,False,5.6207525532984075,1.901463682474826
PX-4950,5.794491181323224,True,1.0,False,5.6207525532984075,1.901463682474826
PX-4951,5.932492134415245,True,1.0,False,5.6207525532984075,1.901463682474826
PX-4952,6.148389626723295,True,1.0,False,5.6207525532984075,1.901463682474826
PX-4953,6.908677659706743,True,1.0,False,5.6207525532984075,1.901463682474826
PX-4954,8.022400042910828,True,1.0,False,5.6207525532984075,1.901463682474826
PX-4955,10.859408287156171,True,1.0,False,5.6207525532984075,1.901463682474826
PX-4956,4.146391812591537,True,1.0,False,5.6207525532984075,1.901463682474826
PX-4957,3.714322246453742,True,1.0,False,5.6207525532984075,1.901463682474826
PX-4958,3.5319698311276166,True,1.0,False,5.6207525532984075,1.901463682474826
PX-4959,3.6295579947399172,True,1.0,False,5.6207525532984075,1.901463682474826
PX-4960,3.624549524346522,False,0.0,False,5.6207525532984075,1.901463682474826
PX-4961,3.651769813371864,False,0.0,False,5.6207525532984075,1.901463682474826
PX-4962,3.9277146263513476,True,1.0,False,5.6207525532984075,1.901463682474826
PX-4963,4.120363872605925,True,1.0,False,5.6207525532984075,1.901463682474826
PX-4964,3.8645251958471185,False,0.0,False,5.6207525532984075,1.901463682474826
PX-4965,3.643535886714261,False,0.0,False,5.6207525532984075,1.901463682474826
PX-4966,4.188088874738911,True,1.0,False,5.6207525532984075,1.901463682474826
PX-4967,4.5761228378376195,True,1.0,False,5.6207525532984075,1.901463682474826
PX-4968,4.640159363522729,True,1.0,False,5.6207525532984075,1.901463682474826
PX-4969,4.469193184306246,True,1.0,False,5.6207525532984075,1.901463682474826
PX-4970,4.359793458677784,True,1.0,False,5.6207525532984075,1.901463682474826
PX-4971,4.155464021486615,True,1.0,False,5.6207525532984075,1.901463682474826
PX-4972,4.119801138610537,True,1.0,False,5.6207525532984075,1.901463682474826
PX-4973,4.201364270264152,True,1.0,False,5.6207525532984075,1.901463682474826
PX-4974,4.547815918461348,True,1.0,False,5.6207525532984075,1.901463682474826
PX-4975,4.335778530535098,True,1.0,False,5.6207525532984075,1.901463682474826
PX-4976,4.242770202277423,True,1.0,False,5.6207525532984075,1.901463682474826
PX-4977,4.04795817059251,True,1.0,False,5.6207525532984075,1.901463682474826
PX-4978,4.437235904627773,True,1.0,False,5.6207525532984075,1.901463682474826
PX-4979,4.87912520328922,True,1.0,False,5.6207525532984075,1.901463682474826
PX-4980,5.118499343868907,True,1.0,False,5.6207525532984075,1.901463682474826
PX-4981,5.410070386210487,True,1.0,False,5.6207525532984075,1.901463682474826
PX-4982,5.647379809318492,True,1.0,False,5.6207525532984075,1.901463682474826
PX-4983,5.542612745056186,True,1.0,False,5.6207525532984075,1.901463682474826
PX-4984,5.776264704100344,True,1.0,False,5.6207525532984075,1.901463682474826
PX-4985,5.546930914327307,True,1.0,False,5.6207525532984075,1.901463682474826
PX-4986,5.672011861246405,True,1.0,False,5.6207525532984075,1.901463682474826
PX-4987,5.4132383067366145,True,1.0,False,5.6207525532984075,1.901463682474826
PX-4988,5.139868924038948,True,1.0,False,5.6207525532984075,1.901463682474826
PX-4989,5.0093676351185366,True,1.0,False,5.6207525532984075,1.901463682474826
PX-4990,4.8298095793969456,True,1.0,False,5.6207525532984075,1.901463682474826
PX-4991,4.505047785129051,True,1.0,False,5.6207525532984075,1.901463682474826
PX-4992,4.4524024214225495,True,1.0,False,5.6207525532984075,1.901463682474826
PX-4993,4.431665638983095,True,1.0,False,5.6207525532984075,1.901463682474826
PX-4994,4.958772707182268,True,1.0,False,5.6207525532984075,1.901463682474826
PX-4995,5.273117256083399,True,1.0,False,5.6207525532984075,1.901463682474826
PX-4996,5.623768548552109,True,1.0,False,5.6207525532984075,1.901463682474826
PX-4997,5.808723496000647,True,1.0,False,5.6207525532984075,1.901463682474826
PX-4998,6.592730115393394,True,1.0,False,5.6207525532984075,1.901463682474826
PX-4999,7.160387254631283,True,1.0,False,5.6207525532984075,1.901463682474826
PX-5000,8.082078181537911,True,1.0,False,5.6207525532984075,1.901463682474826
PX-5001,8.814972181960256,True,1.0,False,5.6207525532984075,1.901463682474826
PX-5002,9.237116648689982,True,1.0,False,5.6207525532984075,1.901463682474826
PX-5003,9.476115829503682,True,1.0,False,5.6207525532984075,1.901463682474826
PX-5004,9.851327024297015,True,1.0,False,5.6207525532984075,1.901463682474826
PX-5005,10.642067727158848,True,1.0,False,5.6207525532984075,1.901463682474826
PX-5006,12.165529246709655,True,1.0,False,5.6207525532984075,1.901463682474826
PX-5007,12.99417635747871,True,1.0,False,5.6207525532984075,1.901463682474826
PX-5008,19.727497889582338,True,1.0,False,5.6207525532984075,1.901463682474826
PX-5009,7.565595917841602,True,1.0,False,5.6207525532984075,1.901463682474826
PX-5010,6.541336079683941,True,1.0,False,5.6207525532984075,1.901463682474826
PX-5011,5.8819816278656365,True,1.0,False,5.6207525532984075,1.901463682474826
PX-5012,5.266808675726988,True,1.0,False,5.6207525532984075,1.901463682474826
PX-5013,4.51597219925374,True,1.0,False,5.6207525532984075,1.901463682474826
PX-5014,3.525012865773393,True,1.0,False,5.6207525532984075,1.901463682474826
PX-5015,3.0387971935961193,True,1.0,False,5.6207525532984075,1.901463682474826
PX-5016,2.5109180815367953,True,1.0,False,5.6207525532984075,1.901463682474826
PX-5017,1.8153830724752922,False,0.0,False,5.6207525532984075,1.901463682474826
PX-5018,1.337996513055458,False,0.0,False,5.6207525532984075,1.901463682474826
PX-5019,1.7056536631028862,False,0.0,False,5.6207525532984075,1.901463682474826
PX-5020,1.8603285714337048,False,0.0,False,5.6207525532984075,1.901463682474826
PX-5021,2.0099465895230466,False,0.0,False,5.6207525532984075,1.901463682474826
PX-5022,2.0914882914523147,False,0.0,False,5.6207525532984075,1.901463682474826
PX-5023,2.159194734526068,False,0.0,False,5.6207525532984075,1.901463682474826
PX-5024,2.335178962719251,False,0.0,False,5.6207525532984075,1.901463682474826
PX-5025,2.572831394359296,False,0.0,False,5.6207525532984075,1.901463682474826
PX-5026,2.910060966076914,False,0.0,False,5.6207525532984075,1.901463682474826
PX-5027,3.1873321457344552,False,0.0,False,5.6207525532984075,1.901463682474826
PX-5028,3.5330505823751714,True,1.0,False,5.6207525532984075,1.901463682474826
PX-5029,3.839458406058224,True,1.0,False,5.6207525532984075,1.901463682474826
PX-5030,4.09722735903757,True,1.0,False,5.6207525532984075,1.901463682474826
PX-5031,4.713418544273267,True,1.0,False,5.6207525532984075,1.901463682474826
PX-5032,5.2405451668620735,True,1.0,False,5.6207525532984075,1.901463682474826
PX-5033,5.277022763931344,True,1.0,False,5.6207525532984075,1.901463682474826
PX-5034,5.348448605594788,True,1.0,False,5.6207525532984075,1.901463682474826
PX-5035,5.31777126176604,True,1.0,False,5.6207525532984075,1.901463682474826
PX-5036,5.217133043305823,True,1.0,False,5.6207525532984075,1.901463682474826
PX-5037,4.936129222714982,True,1.0,False,5.6207525532984075,1.901463682474826
PX-5038,4.678644589339848,True,1.0,False,5.6207525532984075,1.901463682474826
PX-5039,4.677423641000887,True,1.0,False,5.6207525532984075,1.901463682474826
PX-5040,4.28745777858056,True,1.0,False,5.6207525532984075,1.901463682474826
PX-5041,3.8811225743844435,True,1.0,False,5.6207525532984075,1.901463682474826
PX-5042,3.9255835132130343,True,1.0,False,5.6207525532984075,1.901463682474826
PX-5043,3.8097739140061613,True,1.0,False,5.6207525532984075,1.901463682474826
PX-5044,3.5906025417511938,False,0.0,False,5.6207525532984075,1.901463682474826
PX-5045,3.46567641004917,False,0.0,False,5.6207525532984075,1.901463682474826
PX-5046,3.3877638224430804,False,0.0,False,5.6207525532984075,1.901463682474826
PX-5047,3.5398328440284423,True,1.0,False,5.6207525532984075,1.901463682474826
PX-5048,3.559781858008016,True,1.0,False,5.6207525532984075,1.901463682474826
PX-5049,3.527532283118859,True,1.0,False,5.6207525532984075,1.901463682474826
PX-5050,3.5714882294247587,True,1.0,False,5.6207525532984075,1.901463682474826
PX-5051,3.8223064164038743,True,1.0,False,5.6207525532984075,1.901463682474826
PX-5052,4.2902555775856115,True,1.0,False,5.6207525532984075,1.901463682474826
PX-5053,4.888257544341723,True,1.0,False,5.6207525532984075,1.901463682474826
PX-5054,5.387584126126718,True,1.0,False,5.6207525532984075,1.901463682474826
PX-5055,5.863275164273528,True,1.0,False,5.6207525532984075,1.901463682474826
PX-5056,6.167831320794793,True,1.0,False,5.6207525532984075,1.901463682474826
PX-5057,6.511401743152653,True,1.0,False,5.6207525532984075,1.901463682474826
PX-5058,7.209904517053522,True,1.0,False,5.6207525532984075,1.901463682474826
PX-5059,8.990399291063763,True,1.0,False,5.6207525532984075,1.901463682474826
PX-5060,9.792213776360795,True,1.0,False,5.6207525532984075,1.901463682474826
PX-5061,5.1695163964947035,True,1.0,False,5.6207525532984075,1.901463682474826
PX-5062,4.634745975063089,True,1.0,False,5.6207525532984075,1.901463682474826
PX-5063,3.8731427558338076,True,1.0,False,5.6207525532984075,1.901463682474826
PX-5064,3.1588890271609955,False,0.0,False,5.6207525532984075,1.901463682474826
PX-5065,2.775897083450701,False,0.0,False,5.6207525532984075,1.901463682474826
PX-5066,2.818072688847753,False,0.0,False,5.6207525532984075,1.901463682474826
PX-5067,2.992613472573357,False,0.0,False,5.6207525532984075,1.901463682474826
PX-5068,2.699035827349558,False,0.0,False,5.6207525532984075,1.901463682474826
PX-5069,2.387228229136616,False,0.0,False,5.6207525532984075,1.901463682474826
PX-5070,2.520888356576233,False,0.0,False,5.6207525532984075,1.901463682474826
PX-5071,2.6932654540253136,False,0.0,False,5.6207525532984075,1.901463682474826
PX-5072,3.057719247204078,False,0.0,False,5.6207525532984075,1.901463682474826
PX-5073,3.5370326520935684,False,0.0,False,5.6207525532984075,1.901463682474826
PX-5074,3.7600253032567803,True,1.0,False,5.6207525532984075,1.901463682474826
PX-5075,3.927370750939506,True,1.0,False,5.6207525532984075,1.901463682474826
PX-5076,3.9319269519855045,True,1.0,False,5.6207525532984075,1.901463682474826
PX-5077,4.188798257401695,True,1.0,False,5.6207525532984075,1.901463682474826
PX-5078,4.716225459682754,True,1.0,False,5.6207525532984075,1.901463682474826
PX-5079,5.264696932651564,True,1.0,False,5.6207525532984075,1.901463682474826
PX-5080,5.820862690235501,True,1.0,False,5.6207525532984075,1.901463682474826
PX-5081,6.335906774627276,True,1.0,False,5.6207525532984075,1.901463682474826
PX-5082,6.641114350783816,True,1.0,False,5.6207525532984075,1.901463682474826
PX-5083,6.8287906249807975,True,1.0,False,5.6207525532984075,1.901463682474826
PX-5084,6.6084430637636515,True,1.0,False,5.6207525532984075,1.901463682474826
PX-5085,6.526318815690761,True,1.0,False,5.6207525532984075,1.901463682474826
PX-5086,6.269333496004538,True,1.0,False,5.6207525532984075,1.901463682474826
PX-5087,5.81286022699558,True,1.0,False,5.6207525532984075,1.901463682474826
PX-5088,5.448461079475429,True,1.0,False,5.6207525532984075,1.901463682474826
PX-5089,4.8955445899842065,True,1.0,False,5.6207525532984075,1.901463682474826
PX-5090,4.475562940888517,True,1.0,False,5.6207525532984075,1.901463682474826
PX-5091,4.136610638086628,True,1.0,False,5.6207525532984075,1.901463682474826
PX-5092,4.1522336032142615,False,0.0,False,5.6207525532984075,1.901463682474826
PX-5093,4.449186997548903,True,1.0,False,5.6207525532984075,1.901463682474826
PX-5094,4.562800327342098,True,1.0,False,5.6207525532984075,1.901463682474826
PX-5095,4.7252307595610255,True,1.0,False,5.6207525532984075,1.901463682474826
PX-5096,5.013575908750118,True,1.0,False,5.6207525532984075,1.901463682474826
PX-5097,5.284802825607393,True,1.0,False,5.6207525532984075,1.901463682474826
PX-5098,5.683859792442597,True,1.0,False,5.6207525532984075,1.901463682474826
PX-5099,6.019847712971407,True,1.0,False,5.6207525532984075,1.901463682474826
PX-5100,6.268253635443699,True,1.0,False,5.6207525532984075,1.901463682474826
PX-5101,6.2504771946323885,True,1.0,False,5.6207525532984075,1.901463682474826
PX-5102,6.188949309671587,True,1.0,False,5.6207525532984075,1.901463682474826
PX-5103,6.1154888714180995,True,1.0,False,5.6207525532984075,1.901463682474826
PX-5104,5.991160112690551,True,1.0,False,5.6207525532984075,1.901463682474826
PX-5105,5.879619975722841,True,1.0,False,5.6207525532984075,1.901463682474826
PX-5106,5.783579996107768,True,1.0,False,5.6207525532984075,1.901463682474826
PX-5107,5.852845341471619,True,1.0,False,5.6207525532984075,1.901463682474826
PX-5108,6.108487377161389,True,1.0,False,5.6207525532984075,1.901463682474826
PX-5109,6.636631086744641,True,1.0,False,5.6207525532984075,1.901463682474826
PX-5110,8.624853760095656,True,1.0,False,5.6207525532984075,1.901463682474826
PX-5111,10.131738837382569,True,1.0,False,5.6207525532984075,1.901463682474826
PX-5112,4.965306239757275,True,1.0,False,5.6207525532984075,1.901463682474826
PX-5113,5.126541650341824,True,1.0,False,5.6207525532984075,1.901463682474826
PX-5114,5.370797351826276,True,1.0,False,5.6207525532984075,1.901463682474826
PX-5115,5.393402921697367,True,1.0,False,5.6207525532984075,1.901463682474826
PX-5116,5.342548509796176,True,1.0,False,5.6207525532984075,1.901463682474826
PX-5117,5.322109598705888,True,1.0,False,5.6207525532984075,1.901463682474826
PX-5118,5.316768566224635,True,1.0,False,5.6207525532984075,1.901463682474826
PX-5119,5.073796060980502,True,1.0,False,5.6207525532984075,1.901463682474826
PX-5120,4.059139754838695,True,1.0,False,5.6207525532984075,1.901463682474826
PX-5121,3.7003878360898437,False,0.0,False,5.6207525532984075,1.901463682474826
PX-5122,3.160186428424863,False,0.0,False,5.6207525532984075,1.901463682474826
PX-5123,2.9386358248677595,False,0.0,False,5.6207525532984075,1.901463682474826
PX-5124,2.653740060939855,False,0.0,False,5.6207525532984075,1.901463682474826
PX-5125,2.278131536054481,False,0.0,False,5.6207525532984075,1.901463682474826
PX-5126,2.1952853320903003,False,0.0,False,5.6207525532984075,1.901463682474826
PX-5127,2.1021899102207406,False,0.0,False,5.6207525532984075,1.901463682474826
PX-5128,2.412383647202347,False,0.0,False,5.6207525532984075,1.901463682474826
PX-5129,2.9602563214608573,False,0.0,False,5.6207525532984075,1.901463682474826
PX-5130,3.3420722069260087,True,1.0,False,5.6207525532984075,1.901463682474826
PX-5131,3.5784854636668104,True,1.0,False,5.6207525532984075,1.901463682474826
PX-5132,3.8901332477342105,True,1.0,False,5.6207525532984075,1.901463682474826
PX-5133,4.132657024530589,True,1.0,False,5.6207525532984075,1.901463682474826
PX-5134,4.4704663969103695,True,1.0,False,5.6207525532984075,1.901463682474826
PX-5135,4.438875963743442,True,1.0,False,5.6207525532984075,1.901463682474826
PX-5136,4.443277797208864,True,1.0,False,5.6207525532984075,1.901463682474826
PX-5137,4.285994243218967,True,1.0,False,5.6207525532984075,1.901463682474826
PX-5138,3.858151414414486,True,1.0,False,5.6207525532984075,1.901463682474826
PX-5139,3.6181026308271598,True,1.0,False,5.6207525532984075,1.901463682474826
PX-5140,3.3758938230164866,True,1.0,False,5.6207525532984075,1.901463682474826
PX-5141,3.2682208622826643,True,1.0,False,5.6207525532984075,1.901463682474826
PX-5142,3.2847418930538943,True,1.0,False,5.6207525532984075,1.901463682474826
PX-5143,3.1769001691553207,True,1.0,False,5.6207525532984075,1.901463682474826
PX-5144,3.135049590444364,True,1.0,False,5.6207525532984075,1.901463682474826
PX-5145,3.1326314624979332,True,1.0,False,5.6207525532984075,1.901463682474826
PX-5146,3.028444649295839,True,1.0,False,5.6207525532984075,1.901463682474826
PX-5147,3.0775316494936398,True,1.0,False,5.6207525532984075,1.901463682474826
PX-5148,3.0173612532019938,True,1.0,False,5.6207525532984075,1.901463682474826
PX-5149,3.1843384050601227,True,1.0,False,5.6207525532984075,1.901463682474826
PX-5150,3.301219806111222,True,1.0,False,5.6207525532984075,1.901463682474826
PX-5151,3.3286886887938962,True,1.0,False,5.6207525532984075,1.901463682474826
PX-5152,3.388191416464455,True,1.0,False,5.6207525532984075,1.901463682474826
PX-5153,3.802914688921117,True,1.0,False,5.6207525532984075,1.901463682474826
PX-5154,4.05292699461539,True,1.0,False,5.6207525532984075,1.901463682474826
PX-5155,4.25016250172191,True,1.0,False,5.6207525532984075,1.901463682474826
PX-5156,4.380532663226015,True,1.0,False,5.6207525532984075,1.901463682474826
PX-5157,4.533951665017437,True,1.0,False,5.6207525532984075,1.901463682474826
PX-5158,4.723213190190567,True,1.0,False,5.6207525532984075,1.901463682474826
PX-5159,4.898824684008675,True,1.0,False,5.6207525532984075,1.901463682474826
PX-5160,5.5301111570275925,True,1.0,False,5.6207525532984075,1.901463682474826
PX-5161,8.021804112918293,True,1.0,False,5.6207525532984075,1.901463682474826
PX-5162,10.46128312896593,True,1.0,False,5.6207525532984075,1.901463682474826
PX-5163,3.333149494370101,True,1.0,False,5.6207525532984075,1.901463682474826
PX-5164,3.261891455372089,True,1.0,False,5.6207525532984075,1.901463682474826
PX-5165,3.0101233010593393,True,1.0,False,5.6207525532984075,1.901463682474826
PX-5166,2.890235056113543,True,1.0,False,5.6207525532984075,1.901463682474826
PX-5167,2.773329417374171,False,0.0,False,5.6207525532984075,1.901463682474826
PX-5168,2.7755830950928733,False,0.0,False,5.6207525532984075,1.901463682474826
PX-5169,2.6457102101726715,False,0.0,False,5.6207525532984075,1.901463682474826
PX-5170,2.378775354733289,False,0.0,False,5.6207525532984075,1.901463682474826
PX-5171,2.3739717141547647,False,0.0,False,5.6207525532984075,1.901463682474826
PX-5172,2.9002823445449355,False,0.0,False,5.6207525532984075,1.901463682474826
PX-5173,3.428305541791895,True,1.0,False,5.6207525532984075,1.901463682474826
PX-5174,3.767909575011309,True,1.0,False,5.6207525532984075,1.901463682474826
PX-5175,3.9192540418369983,True,1.0,False,5.6207525532984075,1.901463682474826
PX-5176,4.01107192735261,True,1.0,False,5.6207525532984075,1.901463682474826
PX-5177,4.271133058113817,True,1.0,False,5.6207525532984075,1.901463682474826
PX-5178,4.487011850797167,True,1.0,False,5.6207525532984075,1.901463682474826
PX-5179,4.775108417793943,True,1.0,False,5.6207525532984075,1.901463682474826
PX-5180,4.992971783348079,True,1.0,False,5.6207525532984075,1.901463682474826
PX-5181,5.088470299902124,True,1.0,False,5.6207525532984075,1.901463682474826
PX-5182,5.184847907466407,True,1.0,False,5.6207525532984075,1.901463682474826
PX-5183,5.399592205188521,True,1.0,False,5.6207525532984075,1.901463682474826
PX-5184,5.589028137192049,True,1.0,False,5.6207525532984075,1.901463682474826
PX-5185,5.577164475405896,True,1.0,False,5.6207525532984075,1.901463682474826
PX-5186,5.537369508042117,True,1.0,False,5.6207525532984075,1.901463682474826
PX-5187,5.583821670830389,True,1.0,False,5.6207525532984075,1.901463682474826
PX-5188,5.415740863402476,True,1.0,False,5.6207525532984075,1.901463682474826
PX-5189,5.2435675948326175,True,1.0,False,5.6207525532984075,1.901463682474826
PX-5190,5.061241550753536,True,1.0,False,5.6207525532984075,1.901463682474826
PX-5191,4.796467289393613,True,1.0,False,5.6207525532984075,1.901463682474826
PX-5192,4.73690132219328,True,1.0,False,5.6207525532984075,1.901463682474826
PX-5193,4.639239682332235,True,1.0,False,5.6207525532984075,1.901463682474826
PX-5194,4.657875602180114,True,1.0,False,5.6207525532984075,1.901463682474826
PX-5195,4.453216646787256,True,1.0,False,5.6207525532984075,1.901463682474826
PX-5196,4.434114158619558,True,1.0,False,5.6207525532984075,1.901463682474826
PX-5197,4.586827960884456,True,1.0,False,5.6207525532984075,1.901463682474826
PX-5198,4.664155461530347,True,1.0,False,5.6207525532984075,1.901463682474826
PX-5199,4.692875963188003,True,1.0,False,5.6207525532984075,1.901463682474826
PX-5200,4.8071898044737935,True,1.0,False,5.6207525532984075,1.901463682474826
PX-5201,4.711358807272115,True,1.0,False,5.6207525532984075,1.901463682474826
PX-5202,4.677464264733306,True,1.0,False,5.6207525532984075,1.901463682474826
PX-5203,4.765484533989824,True,1.0,False,5.6207525532984075,1.901463682474826
PX-5204,5.284519709846057,True,1.0,False,5.6207525532984075,1.901463682474826
PX-5205,5.572252756882868,True,1.0,False,5.6207525532984075,1.901463682474826
PX-5206,5.503736396814807,True,1.0,False,5.6207525532984075,1.901463682474826
PX-5207,5.501195547939206,True,1.0,False,5.6207525532984075,1.901463682474826
PX-5208,5.625306155858416,True,1.0,False,5.6207525532984075,1.901463682474826
PX-5209,5.8012331645580915,True,1.0,False,5.6207525532984075,1.901463682474826
PX-5210,6.09476768475642,True,1.0,False,5.6207525532984075,1.901463682474826
PX-5211,6.978968279196026,True,1.0,False,5.6207525532984075,1.901463682474826
PX-5212,10.210285900023344,True,1.0,False,5.6207525532984075,1.901463682474826
PX-5213,16.58306113340525,True,1.0,False,5.6207525532984075,1.901463682474826
PX-5214,3.852842091527341,True,1.0,False,5.6207525532984075,1.901463682474826
PX-5215,3.9175117892504563,True,1.0,False,5.6207525532984075,1.901463682474826
PX-5216,3.886296559534106,True,1.0,False,5.6207525532984075,1.901463682474826
PX-5217,3.8443100789988183,True,1.0,False,5.6207525532984075,1.901463682474826
PX-5218,3.902009845078126,True,1.0,False,5.6207525532984075,1.901463682474826
PX-5219,4.024732640173999,True,1.0,False,5.6207525532984075,1.901463682474826
PX-5220,3.960009323609622,True,1.0,False,5.6207525532984075,1.901463682474826
PX-5221,3.728107421276688,True,1.0,False,5.6207525532984075,1.901463682474826
PX-5222,3.560822375165454,False,0.0,False,5.6207525532984075,1.901463682474826
PX-5223,3.74361742213709,True,1.0,False,5.6207525532984075,1.901463682474826
PX-5224,4.060116812833995,True,1.0,False,5.6207525532984075,1.901463682474826
PX-5225,4.061673460699804,True,1.0,False,5.6207525532984075,1.901463682474826
PX-5226,3.881512010266599,True,1.0,False,5.6207525532984075,1.901463682474826
PX-5227,3.6810811753123183,True,1.0,False,5.6207525532984075,1.901463682474826
PX-5228,3.671729956442917,True,1.0,False,5.6207525532984075,1.901463682474826
PX-5229,3.5971500394666034,True,1.0,False,5.6207525532984075,1.901463682474826
PX-5230,3.769761017516455,True,1.0,False,5.6207525532984075,1.901463682474826
PX-5231,4.147050332900749,True,1.0,False,5.6207525532984075,1.901463682474826
PX-5232,4.577537579551866,True,1.0,False,5.6207525532984075,1.901463682474826
PX-5233,4.8350124050910335,True,1.0,False,5.6207525532984075,1.901463682474826
PX-5234,5.239133483442885,True,1.0,False,5.6207525532984075,1.901463682474826
PX-5235,5.791958862279358,True,1.0,False,5.6207525532984075,1.901463682474826
PX-5236,6.2991110379043445,True,1.0,False,5.6207525532984075,1.901463682474826
PX-5237,6.573192662271364,True,1.0,False,5.6207525532984075,1.901463682474826
PX-5238,6.946570703517052,True,1.0,False,5.6207525532984075,1.901463682474826
PX-5239,6.951323459178823,True,1.0,False,5.6207525532984075,1.901463682474826
PX-5240,6.803437138457236,True,1.0,False,5.6207525532984075,1.901463682474826
PX-5241,6.584343479488059,True,1.0,False,5.6207525532984075,1.901463682474826
PX-5242,6.5288821309259095,True,1.0,False,5.6207525532984075,1.901463682474826
PX-5243,6.540679880456029,True,1.0,False,5.6207525532984075,1.901463682474826
PX-5244,6.38090044886788,True,1.0,False,5.6207525532984075,1.901463682474826
PX-5245,6.049018470113213,True,1.0,False,5.6207525532984075,1.901463682474826
PX-5246,5.914856173462157,True,1.0,False,5.6207525532984075,1.901463682474826
PX-5247,5.651043654101336,True,1.0,False,5.6207525532984075,1.901463682474826
PX-5248,5.698993963351866,True,1.0,False,5.6207525532984075,1.901463682474826
PX-5249,5.665060140791587,True,1.0,False,5.6207525532984075,1.901463682474826
PX-5250,5.85091870057493,True,1.0,False,5.6207525532984075,1.901463682474826
PX-5251,5.545535190511087,True,1.0,False,5.6207525532984075,1.901463682474826
PX-5252,5.3612329559403005,True,1.0,False,5.6207525532984075,1.901463682474826
PX-5253,5.201074656952835,True,1.0,False,5.6207525532984075,1.901463682474826
PX-5254,5.395695064947681,True,1.0,False,5.6207525532984075,1.901463682474826
PX-5255,5.976736909985981,True,1.0,False,5.6207525532984075,1.901463682474826
PX-5256,6.236354592548729,True,1.0,False,5.6207525532984075,1.901463682474826
PX-5257,6.402292160367152,True,1.0,False,5.6207525532984075,1.901463682474826
PX-5258,6.623235876371547,True,1.0,False,5.6207525532984075,1.901463682474826
PX-5259,6.587342778457552,True,1.0,False,5.6207525532984075,1.901463682474826
PX-5260,6.882251310502383,True,1.0,False,5.6207525532984075,1.901463682474826
PX-5261,6.974809273870644,True,1.0,False,5.6207525532984075,1.901463682474826
PX-5262,7.5933026795777,True,1.0,False,5.6207525532984075,1.901463682474826
PX-5263,10.99522297488088,True,1.0,False,5.6207525532984075,1.901463682474826
PX-5264,3.984275800990485,True,1.0,False,5.6207525532984075,1.901463682474826
PX-5265,3.630164555318263,True,1.0,False,5.6207525532984075,1.901463682474826
PX-5266,3.549621624034142,True,1.0,False,5.6207525532984075,1.901463682474826
PX-5267,3.339945003688465,True,1.0,False,5.6207525532984075,1.901463682474826
PX-5268,3.3322044481244433,True,1.0,False,5.6207525532984075,1.901463682474826
PX-5269,3.3417433300398063,True,1.0,False,5.6207525532984075,1.901463682474826
PX-5270,3.7974197016164215,True,1.0,False,5.6207525532984075,1.901463682474826
PX-5271,4.098995576168555,True,1.0,False,5.6207525532984075,1.901463682474826
PX-5272,4.287877661186842,True,1.0,False,5.6207525532984075,1.901463682474826
PX-5273,4.506292169249402,True,1.0,False,5.6207525532984075,1.901463682474826
PX-5274,5.308850400009302,True,1.0,False,5.6207525532984075,1.901463682474826
PX-5275,5.918028465996718,True,1.0,False,5.6207525532984075,1.901463682474826
PX-5276,6.606443312556138,True,1.0,False,5.6207525532984075,1.901463682474826
PX-5277,7.2224128141312445,True,1.0,False,5.6207525532984075,1.901463682474826
PX-5278,7.370537577723979,True,1.0,False,5.6207525532984075,1.901463682474826
PX-5279,7.387101527999997,True,1.0,False,5.6207525532984075,1.901463682474826
PX-5280,7.562862244319206,True,1.0,False,5.6207525532984075,1.901463682474826
PX-5281,8.198259175440427,True,1.0,False,5.6207525532984075,1.901463682474826
PX-5282,8.5597013562292,True,1.0,False,5.6207525532984075,1.901463682474826
PX-5283,8.539981063741626,True,1.0,False,5.6207525532984075,1.901463682474826
PX-5284,8.590551551350892,True,1.0,False,5.6207525532984075,1.901463682474826
PX-5285,8.457233358782508,True,1.0,False,5.6207525532984075,1.901463682474826
PX-5286,7.825114255210471,True,1.0,False,5.6207525532984075,1.901463682474826
PX-5287,7.5752619019501815,True,1.0,False,5.6207525532984075,1.901463682474826
PX-5288,7.430245444134799,True,1.0,False,5.6207525532984075,1.901463682474826
PX-5289,7.062430041793737,True,1.0,False,5.6207525532984075,1.901463682474826
PX-5290,6.102512219348306,True,1.0,False,5.6207525532984075,1.901463682474826
PX-5291,5.403657171512354,True,1.0,False,5.6207525532984075,1.901463682474826
PX-5292,4.779790918722487,True,1.0,False,5.6207525532984075,1.901463682474826
PX-5293,4.103153399206315,True,1.0,False,5.6207525532984075,1.901463682474826
PX-5294,3.7418230726361443,True,1.0,False,5.6207525532984075,1.901463682474826
PX-5295,3.9003787013551836,True,1.0,False,5.6207525532984075,1.901463682474826
PX-5296,3.747866775973609,True,1.0,False,5.6207525532984075,1.901463682474826
PX-5297,3.6092039585963462,True,1.0,False,5.6207525532984075,1.901463682474826
PX-5298,3.6209309602265165,True,1.0,False,5.6207525532984075,1.901463682474826
PX-5299,3.71001962591248,True,1.0,False,5.6207525532984075,1.901463682474826
PX-5300,3.898527502747747,True,1.0,False,5.6207525532984075,1.901463682474826
PX-5301,4.203917512816615,True,1.0,False,5.6207525532984075,1.901463682474826
PX-5302,4.404553713265965,True,1.0,False,5.6207525532984075,1.901463682474826
PX-5303,4.594492319579475,True,1.0,False,5.6207525532984075,1.901463682474826
PX-5304,4.806265927147287,True,1.0,False,5.6207525532984075,1.901463682474826
PX-5305,5.206177172349095,True,1.0,False,5.6207525532984075,1.901463682474826
PX-5306,5.774904266986393,True,1.0,False,5.6207525532984075,1.901463682474826
PX-5307,6.31071250050848,True,1.0,False,5.6207525532984075,1.901463682474826
PX-5308,6.858693667232373,True,1.0,False,5.6207525532984075,1.901463682474826
PX-5309,7.027932035260585,True,1.0,False,5.6207525532984075,1.901463682474826
PX-5310,7.062893640069712,True,1.0,False,5.6207525532984075,1.901463682474826
PX-5311,7.268823104245737,True,1.0,False,5.6207525532984075,1.901463682474826
PX-5312,7.355374431859447,True,1.0,False,5.6207525532984075,1.901463682474826
PX-5313,7.721820816849007,True,1.0,False,5.6207525532984075,1.901463682474826
PX-5314,12.007518006848901,True,1.0,False,5.6207525532984075,1.901463682474826
PX-5315,3.5116540711385404,True,1.0,False,5.6207525532984075,1.901463682474826
PX-5316,3.0156525670175682,False,0.0,False,5.6207525532984075,1.901463682474826
PX-5317,2.5209845158718664,False,0.0,False,5.6207525532984075,1.901463682474826
PX-5318,2.5403219206309497,False,0.0,False,5.6207525532984075,1.901463682474826
PX-5319,2.4608348367621087,False,0.0,False,5.6207525532984075,1.901463682474826
PX-5320,2.270561939072964,False,0.0,False,5.6207525532984075,1.901463682474826
PX-5321,2.184198881938526,False,0.0,False,5.6207525532984075,1.901463682474826
PX-5322,2.2202253283102156,False,0.0,False,5.6207525532984075,1.901463682474826
PX-5323,2.204064288609807,False,0.0,False,5.6207525532984075,1.901463682474826
PX-5324,2.1048981206500823,False,0.0,False,5.6207525532984075,1.901463682474826
PX-5325,2.0670461317775555,False,0.0,False,5.6207525532984075,1.901463682474826
PX-5326,2.3939983768333786,False,0.0,False,5.6207525532984075,1.901463682474826
PX-5327,2.531390281920652,False,0.0,False,5.6207525532984075,1.901463682474826
PX-5328,2.824650253463858,False,0.0,False,5.6207525532984075,1.901463682474826
PX-5329,3.2831452238902905,False,0.0,False,5.6207525532984075,1.901463682474826
PX-5330,3.7208592400425573,True,1.0,False,5.6207525532984075,1.901463682474826
PX-5331,4.14068215823125,True,1.0,False,5.6207525532984075,1.901463682474826
PX-5332,4.378660610377828,True,1.0,False,5.6207525532984075,1.901463682474826
PX-5333,4.837392111620838,True,1.0,False,5.6207525532984075,1.901463682474826
PX-5334,5.483990833190067,True,1.0,False,5.6207525532984075,1.901463682474826
PX-5335,6.044687601098298,True,1.0,False,5.6207525532984075,1.901463682474826
PX-5336,6.468987251320309,True,1.0,False,5.6207525532984075,1.901463682474826
PX-5337,6.5042234442786295,True,1.0,False,5.6207525532984075,1.901463682474826
PX-5338,6.30140545229232,True,1.0,False,5.6207525532984075,1.901463682474826
PX-5339,5.83502172905656,True,1.0,False,5.6207525532984075,1.901463682474826
PX-5340,5.565115406066143,True,1.0,False,5.6207525532984075,1.901463682474826
PX-5341,5.40806343627632,True,1.0,False,5.6207525532984075,1.901463682474826
PX-5342,5.367797297292896,True,1.0,False,5.6207525532984075,1.901463682474826
PX-5343,5.29621455777446,True,1.0,False,5.6207525532984075,1.901463682474826
PX-5344,5.070273980841737,True,1.0,False,5.6207525532984075,1.901463682474826
PX-5345,4.749128436619154,True,1.0,False,5.6207525532984075,1.901463682474826
PX-5346,4.670037233706312,True,1.0,False,5.6207525532984075,1.901463682474826
PX-5347,4.6666428649712,True,1.0,False,5.6207525532984075,1.901463682474826
PX-5348,4.872034317209177,True,1.0,False,5.6207525532984075,1.901463682474826
PX-5349,5.1058742281682985,True,1.0,False,5.6207525532984075,1.901463682474826
PX-5350,5.4285575126603725,True,1.0,False,5.6207525532984075,1.901463682474826
PX-5351,5.584269820868959,True,1.0,False,5.6207525532984075,1.901463682474826
PX-5352,5.767571596942993,True,1.0,False,5.6207525532984075,1.901463682474826
PX-5353,6.029161484547046,True,1.0,False,5.6207525532984075,1.901463682474826
PX-5354,6.39006328457817,True,1.0,False,5.6207525532984075,1.901463682474826
PX-5355,6.822887765255375,True,1.0,False,5.6207525532984075,1.901463682474826
PX-5356,7.260882783217957,True,1.0,False,5.6207525532984075,1.901463682474826
PX-5357,7.809904358785003,True,1.0,False,5.6207525532984075,1.901463682474826
PX-5358,8.31455289742517,True,1.0,False,5.6207525532984075,1.901463682474826
PX-5359,8.52169140716635,True,1.0,False,5.6207525532984075,1.901463682474826
PX-5360,8.47640310048546,True,1.0,False,5.6207525532984075,1.901463682474826
PX-5361,8.48344106736046,True,1.0,False,5.6207525532984075,1.901463682474826
PX-5362,8.309101501449739,True,1.0,False,5.6207525532984075,1.901463682474826
PX-5363,8.14682221978803,True,1.0,False,5.6207525532984075,1.901463682474826
PX-5364,8.103878942149876,True,1.0,False,5.6207525532984075,1.901463682474826
PX-5365,8.618707898736611,True,1.0,False,5.6207525532984075,1.901463682474826
PX-5366,13.297877646878923,True,1.0,False,5.6207525532984075,1.901463682474826
PX-5367,3.265706476839357,False,0.0,False,5.6207525532984075,1.901463682474826
PX-5368,3.1749081779147765,False,0.0,False,5.6207525532984075,1.901463682474826
PX-5369,3.1992256948040065,False,0.0,False,5.6207525532984075,1.901463682474826
PX-5370,3.309502288735821,False,0.0,False,5.6207525532984075,1.901463682474826
PX-5371,3.4659790971716156,False,0.0,False,5.6207525532984075,1.901463682474826
PX-5372,3.610462820232634,False,0.0,False,5.6207525532984075,1.901463682474826
PX-5373,3.8678835387584485,True,1.0,False,5.6207525532984075,1.901463682474826
PX-5374,4.1024436214098525,True,1.0,False,5.6207525532984075,1.901463682474826
PX-5375,4.315220833965546,True,1.0,False,5.6207525532984075,1.901463682474826
PX-5376,4.4831329467306364,True,1.0,False,5.6207525532984075,1.901463682474826
PX-5377,4.654473759234458,True,1.0,False,5.6207525532984075,1.901463682474826
PX-5378,4.702522287888138,True,1.0,False,5.6207525532984075,1.901463682474826
PX-5379,4.6132193580260346,True,1.0,False,5.6207525532984075,1.901463682474826
PX-5380,4.512373084731285,True,1.0,False,5.6207525532984075,1.901463682474826
PX-5381,4.376741298998327,True,1.0,False,5.6207525532984075,1.901463682474826
PX-5382,4.185463004622964,True,1.0,False,5.6207525532984075,1.901463682474826
PX-5383,4.315256922443675,True,1.0,False,5.6207525532984075,1.901463682474826
PX-5384,4.663836708696028,True,1.0,False,5.6207525532984075,1.901463682474826
PX-5385,5.120543814394699,True,1.0,False,5.6207525532984075,1.901463682474826
PX-5386,5.560203551635393,True,1.0,False,5.6207525532984075,1.901463682474826
PX-5387,6.100646830006474,True,1.0,False,5.6207525532984075,1.901463682474826
PX-5388,6.589274388703192,True,1.0,False,5.6207525532984075,1.901463682474826
PX-5389,7.116949595019797,True,1.0,False,5.6207525532984075,1.901463682474826
PX-5390,7.771045828757856,True,1.0,False,5.6207525532984075,1.901463682474826
PX-5391,8.186644976356598,True,1.0,False,5.6207525532984075,1.901463682474826
PX-5392,8.40095673845972,True,1.0,False,5.6207525532984075,1.901463682474826
PX-5393,8.449235103106767,True,1.0,False,5.6207525532984075,1.901463682474826
PX-5394,8.367468246829402,True,1.0,False,5.6207525532984075,1.901463682474826
PX-5395,8.192033040201682,True,1.0,False,5.6207525532984075,1.901463682474826
PX-5396,6.639901220646648,True,1.0,False,5.6207525532984075,1.901463682474826
PX-5397,5.715845358740326,True,1.0,False,5.6207525532984075,1.901463682474826
PX-5398,4.85886955570126,True,1.0,False,5.6207525532984075,1.901463682474826
PX-5399,4.526281098822782,True,1.0,False,5.6207525532984075,1.901463682474826
PX-5400,4.337399235902716,True,1.0,False,5.6207525532984075,1.901463682474826
PX-5401,4.064871731362775,True,1.0,False,5.6207525532984075,1.901463682474826
PX-5402,4.053912937434909,True,1.0,False,5.6207525532984075,1.901463682474826
PX-5403,4.059891522953993,True,1.0,False,5.6207525532984075,1.901463682474826
PX-5404,4.318109098800591,True,1.0,False,5.6207525532984075,1.901463682474826
PX-5405,4.694837376587316,True,1.0,False,5.6207525532984075,1.901463682474826
PX-5406,4.992860431907216,True,1.0,False,5.6207525532984075,1.901463682474826
PX-5407,5.129156740023717,True,1.0,False,5.6207525532984075,1.901463682474826
PX-5408,5.368873473000239,True,1.0,False,5.6207525532984075,1.901463682474826
PX-5409,5.807693705082983,True,1.0,False,5.6207525532984075,1.901463682474826
PX-5410,6.1936598867962065,True,1.0,False,5.6207525532984075,1.901463682474826
PX-5411,6.276073341664848,True,1.0,False,5.6207525532984075,1.901463682474826
PX-5412,6.294133192385063,True,1.0,False,5.6207525532984075,1.901463682474826
PX-5413,6.40745194610556,True,1.0,False,5.6207525532984075,1.901463682474826
PX-5414,6.323368868087314,True,1.0,False,5.6207525532984075,1.901463682474826
PX-5415,6.48778308733057,True,1.0,False,5.6207525532984075,1.901463682474826
PX-5416,7.138773777748579,True,1.0,False,5.6207525532984075,1.901463682474826
PX-5417,8.913521765599835,True,1.0,False,5.6207525532984075,1.901463682474826
PX-5418,17.629465006986866,True,1.0,False,5.6207525532984075,1.901463682474826
PX-5419,-0.5742807149841056,False,0.0,False,5.6207525532984075,1.901463682474826
PX-5420,-0.10688022992983548,False,0.0,False,5.6207525532984075,1.901463682474826
PX-5421,2.1779702784089388,True,1.0,False,5.6207525532984075,1.901463682474826
PX-5422,2.0454917836273836,False,0.0,False,5.6207525532984075,1.901463682474826
PX-5423,2.006019485609986,False,0.0,False,5.6207525532984075,1.901463682474826
PX-5424,2.167913555343169,False,0.0,False,5.6207525532984075,1.901463682474826
PX-5425,2.0667428538507586,False,0.0,False,5.6207525532984075,1.901463682474826
PX-5426,1.899390756424225,False,0.0,False,5.6207525532984075,1.901463682474826
PX-5427,1.805759228415468,False,0.0,False,5.6207525532984075,1.901463682474826
PX-5428,1.7278825208463378,False,0.0,False,5.6207525532984075,1.901463682474826
PX-5429,1.7322752657002436,False,0.0,False,5.6207525532984075,1.901463682474826
PX-5430,1.6399800312337138,False,0.0,False,5.6207525532984075,1.901463682474826
PX-5431,1.834319091661552,False,0.0,False,5.6207525532984075,1.901463682474826
PX-5432,2.064231399997663,False,0.0,False,5.6207525532984075,1.901463682474826
PX-5433,2.164294225741763,False,0.0,False,5.6207525532984075,1.901463682474826
PX-5434,2.4287344233000585,False,0.0,False,5.6207525532984075,1.901463682474826
PX-5435,2.5792214330588337,False,0.0,False,5.6207525532984075,1.901463682474826
PX-5436,2.697383839991611,False,0.0,False,5.6207525532984075,1.901463682474826
PX-5437,2.9588692448233633,True,1.0,False,5.6207525532984075,1.901463682474826
PX-5438,3.1952646056226293,True,1.0,False,5.6207525532984075,1.901463682474826
PX-5439,3.6275220399417893,True,1.0,False,5.6207525532984075,1.901463682474826
PX-5440,3.937163648497256,True,1.0,False,5.6207525532984075,1.901463682474826
PX-5441,4.2269818087345445,True,1.0,False,5.6207525532984075,1.901463682474826
PX-5442,4.575720073180914,True,1.0,False,5.6207525532984075,1.901463682474826
PX-5443,4.76981690021379,True,1.0,False,5.6207525532984075,1.901463682474826
PX-5444,5.0752379848748514,True,1.0,False,5.6207525532984075,1.901463682474826
PX-5445,5.326372943200251,True,1.0,False,5.6207525532984075,1.901463682474826
PX-5446,5.633195150878235,True,1.0,False,5.6207525532984075,1.901463682474826
PX-5447,5.798492627145858,True,1.0,False,5.6207525532984075,1.901463682474826
PX-5448,6.025597116176291,True,1.0,False,5.6207525532984075,1.901463682474826
PX-5449,6.177448555248901,True,1.0,False,5.6207525532984075,1.901463682474826
PX-5450,6.239744983662728,True,1.0,False,5.6207525532984075,1.901463682474826
PX-5451,6.261042609569666,True,1.0,False,5.6207525532984075,1.901463682474826
PX-5452,6.41527577412894,True,1.0,False,5.6207525532984075,1.901463682474826
PX-5453,6.471234683641832,True,1.0,False,5.6207525532984075,1.901463682474826
PX-5454,6.401875722763711,True,1.0,False,5.6207525532984075,1.901463682474826
PX-5455,6.276501371797,True,1.0,False,5.6207525532984075,1.901463682474826
PX-5456,6.3745889468405235,True,1.0,False,5.6207525532984075,1.901463682474826
PX-5457,6.307611705802575,True,1.0,False,5.6207525532984075,1.901463682474826
PX-5458,6.220379917416272,True,1.0,False,5.6207525532984075,1.901463682474826
PX-5459,6.368130322245674,True,1.0,False,5.6207525532984075,1.901463682474826
PX-5460,6.318586165447545,True,1.0,False,5.6207525532984075,1.901463682474826
PX-5461,6.12812537554762,True,1.0,False,5.6207525532984075,1.901463682474826
PX-5462,6.178030115074122,True,1.0,False,5.6207525532984075,1.901463682474826
PX-5463,6.727846962768611,True,1.0,False,5.6207525532984075,1.901463682474826
PX-5464,6.7963981265171824,True,1.0,False,5.6207525532984075,1.901463682474826
PX-5465,6.885194164218431,True,1.0,False,5.6207525532984075,1.901463682474826
PX-5466,6.8445442216615575,True,1.0,False,5.6207525532984075,1.901463682474826
PX-5467,7.012173905914008,True,1.0,False,5.6207525532984075,1.901463682474826
PX-5468,6.976066927790956,True,1.0,False,5.6207525532984075,1.901463682474826
PX-5469,7.271747785344308,True,1.0,False,5.6207525532984075,1.901463682474826
PX-5470,8.090777474049997,True,1.0,False,5.6207525532984075,1.901463682474826
PX-5471,9.765179394224047,True,1.0,False,5.6207525532984075,1.901463682474826
PX-5472,-0.1310547613200761,False,0.0,False,5.6207525532984075,1.901463682474826
PX-5473,0.17588682977196868,False,0.0,False,5.6207525532984075,1.901463682474826
PX-5474,0.6767765323620161,False,0.0,False,5.6207525532984075,1.901463682474826
PX-5475,1.244598394256057,False,0.0,False,5.6207525532984075,1.901463682474826
PX-5476,1.5953873220558883,False,0.0,False,5.6207525532984075,1.901463682474826
PX-5477,1.8791571981704518,False,0.0,False,5.6207525532984075,1.901463682474826
PX-5478,3.090025646422056,True,1.0,False,5.6207525532984075,1.901463682474826
PX-5479,3.309653578677864,True,1.0,False,5.6207525532984075,1.901463682474826
PX-5480,3.4176557428821788,True,1.0,False,5.6207525532984075,1.901463682474826
PX-5481,3.449450286512029,True,1.0,False,5.6207525532984075,1.901463682474826
PX-5482,3.3602834035046225,True,1.0,False,5.6207525532984075,1.901463682474826
PX-5483,3.044746250607922,False,0.0,False,5.6207525532984075,1.901463682474826
PX-5484,2.670954674139841,False,0.0,False,5.6207525532984075,1.901463682474826
PX-5485,2.555127760380289,False,0.0,False,5.6207525532984075,1.901463682474826
PX-5486,2.441233231889079,False,0.0,False,5.6207525532984075,1.901463682474826
PX-5487,2.643689447476122,False,0.0,False,5.6207525532984075,1.901463682474826
PX-5488,2.738738472152434,False,0.0,False,5.6207525532984075,1.901463682474826
PX-5489,2.944709640885213,False,0.0,False,5.6207525532984075,1.901463682474826
PX-5490,3.143601421922396,False,0.0,False,5.6207525532984075,1.901463682474826
PX-5491,3.431889025622141,False,0.0,False,5.6207525532984075,1.901463682474826
PX-5492,3.865741465287531,False,0.0,False,5.6207525532984075,1.901463682474826
PX-5493,4.082015575515717,True,1.0,False,5.6207525532984075,1.901463682474826
PX-5494,4.18863195786342,True,1.0,False,5.6207525532984075,1.901463682474826
PX-5495,4.483113024829654,True,1.0,False,5.6207525532984075,1.901463682474826
PX-5496,4.599617412551352,True,1.0,False,5.6207525532984075,1.901463682474826
PX-5497,4.705671864591013,True,1.0,False,5.6207525532984075,1.901463682474826
PX-5498,4.839239711142017,True,1.0,False,5.6207525532984075,1.901463682474826
PX-5499,5.002443786357267,True,1.0,False,5.6207525532984075,1.901463682474826
PX-5500,5.351056720751245,True,1.0,False,5.6207525532984075,1.901463682474826
PX-5501,5.481227446497787,True,1.0,False,5.6207525532984075,1.901463682474826
PX-5502,5.6757983680843065,True,1.0,False,5.6207525532984075,1.901463682474826
PX-5503,5.835239259858513,True,1.0,False,5.6207525532984075,1.901463682474826
PX-5504,6.043283087166767,True,1.0,False,5.6207525532984075,1.901463682474826
PX-5505,5.993834138037148,True,1.0,False,5.6207525532984075,1.901463682474826
PX-5506,6.031513837723905,True,1.0,False,5.6207525532984075,1.901463682474826
PX-5507,6.099766409041623,True,1.0,False,5.6207525532984075,1.901463682474826
PX-5508,6.181674310178217,True,1.0,False,5.6207525532984075,1.901463682474826
PX-5509,6.054348204445281,True,1.0,False,5.6207525532984075,1.901463682474826
PX-5510,6.1025196381377445,True,1.0,False,5.6207525532984075,1.901463682474826
PX-5511,6.2779286844863105,True,1.0,False,5.6207525532984075,1.901463682474826
PX-5512,6.49758915479377,True,1.0,False,5.6207525532984075,1.901463682474826
PX-5513,6.520287187908194,True,1.0,False,5.6207525532984075,1.901463682474826
PX-5514,6.896211598272794,True,1.0,False,5.6207525532984075,1.901463682474826
PX-5515,7.090058874474865,True,1.0,False,5.6207525532984075,1.901463682474826
PX-5516,7.173154433753851,True,1.0,False,5.6207525532984075,1.901463682474826
PX-5517,7.227419908947704,True,1.0,False,5.6207525532984075,1.901463682474826
PX-5518,7.402489145661102,True,1.0,False,5.6207525532984075,1.901463682474826
PX-5519,7.449375793380067,True,1.0,False,5.6207525532984075,1.901463682474826
PX-5520,7.477518268818702,True,1.0,False,5.6207525532984075,1.901463682474826
PX-5521,7.703713935316584,True,1.0,False,5.6207525532984075,1.901463682474826
PX-5522,7.746822865201905,True,1.0,False,5.6207525532984075,1.901463682474826
PX-5523,7.580698741312988,True,1.0,False,5.6207525532984075,1.901463682474826
PX-5524,7.652978533061416,True,1.0,False,5.6207525532984075,1.901463682474826
PX-5525,7.777761370159668,True,1.0,False,5.6207525532984075,1.901463682474826
PX-5526,7.9733650870653126,True,1.0,False,5.6207525532984075,1.901463682474826
PX-5527,8.000746702403351,True,1.0,False,5.6207525532984075,1.901463682474826
PX-5528,8.652281616426853,True,1.0,False,5.6207525532984075,1.901463682474826
PX-5529,10.560564870057592,True,1.0,False,5.6207525532984075,1.901463682474826
PX-5530,0.06638066126394548,False,0.0,False,5.6207525532984075,1.901463682474826
PX-5531,0.6897475690841048,False,0.0,False,5.6207525532984075,1.901463682474826
PX-5532,1.2625744013357867,False,0.0,False,5.6207525532984075,1.901463682474826
PX-5533,1.5895692590522579,False,0.0,False,5.6207525532984075,1.901463682474826
PX-5534,2.0176948001217205,False,0.0,False,5.6207525532984075,1.901463682474826
PX-5535,2.2640415402185514,False,0.0,False,5.6207525532984075,1.901463682474826
PX-5536,2.677310474995995,False,0.0,False,5.6207525532984075,1.901463682474826
PX-5537,2.904956921421382,False,0.0,False,5.6207525532984075,1.901463682474826
PX-5538,3.2469473297718814,True,1.0,False,5.6207525532984075,1.901463682474826
PX-5539,3.3177295819578134,True,1.0,False,5.6207525532984075,1.901463682474826
PX-5540,3.1186464381912256,True,1.0,False,5.6207525532984075,1.901463682474826
PX-5541,3.0190090858829013,False,0.0,False,5.6207525532984075,1.901463682474826
PX-5542,3.078304210314913,True,1.0,False,5.6207525532984075,1.901463682474826
PX-5543,2.8739193839244415,False,0.0,False,5.6207525532984075,1.901463682474826
PX-5544,2.879120965783967,False,0.0,False,5.6207525532984075,1.901463682474826
PX-5545,2.9760987631885083,False,0.0,False,5.6207525532984075,1.901463682474826
PX-5546,3.4436935348111106,False,0.0,False,5.6207525532984075,1.901463682474826
PX-5547,3.7957971531515735,True,1.0,False,5.6207525532984075,1.901463682474826
PX-5548,4.1273469265273,True,1.0,False,5.6207525532984075,1.901463682474826
PX-5549,4.5771664216737555,True,1.0,False,5.6207525532984075,1.901463682474826
PX-5550,5.333576610293747,True,1.0,False,5.6207525532984075,1.901463682474826
PX-5551,6.003664012015024,True,1.0,False,5.6207525532984075,1.901463682474826
PX-5552,6.981932762449405,True,1.0,False,5.6207525532984075,1.901463682474826
PX-5553,7.802119054186562,True,1.0,False,5.6207525532984075,1.901463682474826
PX-5554,8.004002577254523,True,1.0,False,5.6207525532984075,1.901463682474826
PX-5555,7.863201353852665,True,1.0,False,5.6207525532984075,1.901463682474826
PX-5556,7.974122233813025,True,1.0,False,5.6207525532984075,1.901463682474826
PX-5557,8.47855484194029,True,1.0,False,5.6207525532984075,1.901463682474826
PX-5558,8.638310273994799,True,1.0,False,5.6207525532984075,1.901463682474826
PX-5559,8.520860422970996,True,1.0,False,5.6207525532984075,1.901463682474826
PX-5560,8.378024704342538,True,1.0,False,5.6207525532984075,1.901463682474826
PX-5561,8.081217491197467,True,1.0,False,5.6207525532984075,1.901463682474826
PX-5562,7.520254805499206,True,1.0,False,5.6207525532984075,1.901463682474826
PX-5563,7.36009814496121,True,1.0,False,5.6207525532984075,1.901463682474826
PX-5564,7.435694328053492,True,1.0,False,5.6207525532984075,1.901463682474826
PX-5565,7.113767179410603,True,1.0,False,5.6207525532984075,1.901463682474826
PX-5566,6.414500535634147,True,1.0,False,5.6207525532984075,1.901463682474826
PX-5567,6.006877283910049,True,1.0,False,5.6207525532984075,1.901463682474826
PX-5568,5.458463372791922,True,1.0,False,5.6207525532984075,1.901463682474826
PX-5569,4.931012699149996,True,1.0,False,5.6207525532984075,1.901463682474826
PX-5570,4.4388720977525296,True,1.0,False,5.6207525532984075,1.901463682474826
PX-5571,4.313591614680082,True,1.0,False,5.6207525532984075,1.901463682474826
PX-5572,3.993231598648528,True,1.0,False,5.6207525532984075,1.901463682474826
PX-5573,3.866879573202983,True,1.0,False,5.6207525532984075,1.901463682474826
PX-5574,3.932622438860939,True,1.0,False,5.6207525532984075,1.901463682474826
PX-5575,3.9149796819343017,True,1.0,False,5.6207525532984075,1.901463682474826
PX-5576,3.941453399003784,True,1.0,False,5.6207525532984075,1.901463682474826
PX-5577,4.310006708700158,True,1.0,False,5.6207525532984075,1.901463682474826
PX-5578,4.4683070540835885,True,1.0,False,5.6207525532984075,1.901463682474826
PX-5579,4.710051916399086,True,1.0,False,5.6207525532984075,1.901463682474826
PX-5580,5.26746855793855,True,1.0,False,5.6207525532984075,1.901463682474826
PX-5581,6.236815096523035,True,1.0,False,5.6207525532984075,1.901463682474826
PX-5582,6.658672521059451,True,1.0,False,5.6207525532984075,1.901463682474826
PX-5583,7.2557529947861585,True,1.0,False,5.6207525532984075,1.901463682474826
PX-5584,7.856028790363158,True,1.0,False,5.6207525532984075,1.901463682474826
PX-5585,8.20429132572539,True,1.0,False,5.6207525532984075,1.901463682474826
PX-5586,8.29854146749581,True,1.0,False,5.6207525532984075,1.901463682474826
PX-5587,8.893385509347958,True,1.0,False,5.6207525532984075,1.901463682474826
PX-5588,10.017421935055946,True,1.0,False,5.6207525532984075,1.901463682474826
PX-5589,11.759176256134074,True,1.0,False,5.6207525532984075,1.901463682474826
PX-5590,0.32541438644999054,False,0.0,False,5.6207525532984075,1.901463682474826
PX-5591,0.59487169957516,False,0.0,False,5.6207525532984075,1.901463682474826
PX-5592,0.5642967312300069,False,0.0,False,5.6207525532984075,1.901463682474826
PX-5593,0.5679905041596012,False,0.0,False,5.6207525532984075,1.901463682474826
PX-5594,1.0333760366721716,False,0.0,False,5.6207525532984075,1.901463682474826
PX-5595,1.347545656811615,False,0.0,False,5.6207525532984075,1.901463682474826
PX-5596,1.4782661444485239,False,0.0,False,5.6207525532984075,1.901463682474826
PX-5597,1.74005694415429,False,0.0,False,5.6207525532984075,1.901463682474826
PX-5598,2.1579356933894296,False,0.0,False,5.6207525532984075,1.901463682474826
PX-5599,2.2147420683451067,False,0.0,False,5.6207525532984075,1.901463682474826
PX-5600,2.211129542799565,False,0.0,False,5.6207525532984075,1.901463682474826
PX-5601,2.193144640900842,False,0.0,False,5.6207525532984075,1.901463682474826
PX-5602,2.241345676878245,False,0.0,False,5.6207525532984075,1.901463682474826
PX-5603,2.2275220517356438,False,0.0,False,5.6207525532984075,1.901463682474826
PX-5604,2.565235359307364,False,0.0,False,5.6207525532984075,1.901463682474826
PX-5605,3.147705890314109,False,0.0,False,5.6207525532984075,1.901463682474826
PX-5606,3.675186309807458,True,1.0,False,5.6207525532984075,1.901463682474826
PX-5607,3.9969042840204576,True,1.0,False,5.6207525532984075,1.901463682474826
PX-5608,4.179565973648019,True,1.0,False,5.6207525532984075,1.901463682474826
PX-5609,4.403997323052522,True,1.0,False,5.6207525532984075,1.901463682474826
PX-5610,4.838073413508292,True,1.0,False,5.6207525532984075,1.901463682474826
PX-5611,5.23439178673353,True,1.0,False,5.6207525532984075,1.901463682474826
PX-5612,5.210203808886289,True,1.0,False,5.6207525532984075,1.901463682474826
PX-5613,4.822494574276922,True,1.0,False,5.6207525532984075,1.901463682474826
PX-5614,4.292818624595306,True,1.0,False,5.6207525532984075,1.901463682474826
PX-5615,3.680702619955065,False,0.0,False,5.6207525532984075,1.901463682474826
PX-5616,3.28176800678472,False,0.0,False,5.6207525532984075,1.901463682474826
PX-5617,3.1919950978831118,False,0.0,False,5.6207525532984075,1.901463682474826
PX-5618,3.5677275900957213,False,0.0,False,5.6207525532984075,1.901463682474826
PX-5619,3.7996927706114807,False,0.0,False,5.6207525532984075,1.901463682474826
PX-5620,3.869511192687499,False,0.0,False,5.6207525532984075,1.901463682474826
PX-5621,4.15059352202951,True,1.0,False,5.6207525532984075,1.901463682474826
PX-5622,4.2896536465857675,True,1.0,False,5.6207525532984075,1.901463682474826
PX-5623,4.4994010273429605,True,1.0,False,5.6207525532984075,1.901463682474826
PX-5624,4.786052551454029,True,1.0,False,5.6207525532984075,1.901463682474826
PX-5625,5.287661088157581,True,1.0,False,5.6207525532984075,1.901463682474826
PX-5626,5.634705269928634,True,1.0,False,5.6207525532984075,1.901463682474826
PX-5627,5.611716086862987,True,1.0,False,5.6207525532984075,1.901463682474826
PX-5628,5.717804662132027,True,1.0,False,5.6207525532984075,1.901463682474826
PX-5629,5.851863029252911,True,1.0,False,5.6207525532984075,1.901463682474826
PX-5630,5.976715420508489,True,1.0,False,5.6207525532984075,1.901463682474826
PX-5631,6.212793589398068,True,1.0,False,5.6207525532984075,1.901463682474826
PX-5632,6.509289709472023,True,1.0,False,5.6207525532984075,1.901463682474826
PX-5633,6.874358492109982,True,1.0,False,5.6207525532984075,1.901463682474826
PX-5634,6.994063708827838,True,1.0,False,5.6207525532984075,1.901463682474826
PX-5635,7.103525917521937,True,1.0,False,5.6207525532984075,1.901463682474826
PX-5636,7.143587041494229,True,1.0,False,5.6207525532984075,1.901463682474826
PX-5637,7.100202128855782,True,1.0,False,5.6207525532984075,1.901463682474826
PX-5638,6.89852922394938,True,1.0,False,5.6207525532984075,1.901463682474826
PX-5639,6.854402829093672,True,1.0,False,5.6207525532984075,1.901463682474826
PX-5640,7.153575414205038,True,1.0,False,5.6207525532984075,1.901463682474826
PX-5641,7.015243141057004,True,1.0,False,5.6207525532984075,1.901463682474826
PX-5642,6.893064637455183,True,1.0,False,5.6207525532984075,1.901463682474826
PX-5643,6.774395475304734,True,1.0,False,5.6207525532984075,1.901463682474826
PX-5644,7.0958679581547415,True,1.0,False,5.6207525532984075,1.901463682474826
PX-5645,7.347008753353014,True,1.0,False,5.6207525532984075,1.901463682474826
PX-5646,8.0160421703491,True,1.0,False,5.6207525532984075,1.901463682474826
PX-5647,10.00705118721783,True,1.0,False,5.6207525532984075,1.901463682474826
PX-5648,13.141462527365833,True,1.0,False,5.6207525532984075,1.901463682474826
PX-5649,1.6588318450560937,False,0.0,False,5.6207525532984075,1.901463682474826
PX-5650,2.3323355344957086,False,0.0,False,5.6207525532984075,1.901463682474826
PX-5651,3.0788385899382096,False,0.0,False,5.6207525532984075,1.901463682474826
PX-5652,3.5752839951870072,False,0.0,False,5.6207525532984075,1.901463682474826
PX-5653,3.8836543508433845,True,1.0,False,5.6207525532984075,1.901463682474826
PX-5654,4.041701779609598,True,1.0,False,5.6207525532984075,1.901463682474826
PX-5655,4.234906658803389,True,1.0,False,5.6207525532984075,1.901463682474826
PX-5656,4.079988144248274,True,1.0,False,5.6207525532984075,1.901463682474826
PX-5657,4.14291443644003,True,1.0,False,5.6207525532984075,1.901463682474826
PX-5658,4.047937510018443,True,1.0,False,5.6207525532984075,1.901463682474826
PX-5659,4.0669154874123254,True,1.0,False,5.6207525532984075,1.901463682474826
PX-5660,4.2365847713745435,True,1.0,False,5.6207525532984075,1.901463682474826
PX-5661,4.523509516062749,True,1.0,False,5.6207525532984075,1.901463682474826
PX-5662,4.646462778592559,True,1.0,False,5.6207525532984075,1.901463682474826
PX-5663,4.795863244069224,True,1.0,False,5.6207525532984075,1.901463682474826
PX-5664,4.721691510992018,True,1.0,False,5.6207525532984075,1.901463682474826
PX-5665,5.425940577115249,True,1.0,False,5.6207525532984075,1.901463682474826
PX-5666,4.250381164260123,True,1.0,False,5.6207525532984075,1.901463682474826
PX-5667,3.9339754375709273,True,1.0,False,5.6207525532984075,1.901463682474826
PX-5668,3.4858853590334746,True,1.0,False,5.6207525532984075,1.901463682474826
PX-5669,2.796605604508244,False,0.0,False,5.6207525532984075,1.901463682474826
PX-5670,2.533983264813486,False,0.0,False,5.6207525532984075,1.901463682474826
PX-5671,2.5368411891356324,False,0.0,False,5.6207525532984075,1.901463682474826
PX-5672,2.5132761671152366,False,0.0,False,5.6207525532984075,1.901463682474826
PX-5673,2.6673656995408948,False,0.0,False,5.6207525532984075,1.901463682474826
PX-5674,2.7852134474868,False,0.0,False,5.6207525532984075,1.901463682474826
PX-5675,3.2084506603336216,False,0.0,False,5.6207525532984075,1.901463682474826
PX-5676,3.5513309552820296,True,1.0,False,5.6207525532984075,1.901463682474826
PX-5677,3.8993593146561683,True,1.0,False,5.6207525532984075,1.901463682474826
PX-5678,4.228249937487849,True,1.0,False,5.6207525532984075,1.901463682474826
PX-5679,4.488202282466743,True,1.0,False,5.6207525532984075,1.901463682474826
PX-5680,4.679565351493888,True,1.0,False,5.6207525532984075,1.901463682474826
PX-5681,4.889565272707113,True,1.0,False,5.6207525532984075,1.901463682474826
PX-5682,5.020531434255497,True,1.0,False,5.6207525532984075,1.901463682474826
PX-5683,4.9232289126383915,True,1.0,False,5.6207525532984075,1.901463682474826
PX-5684,4.694974057265846,True,1.0,False,5.6207525532984075,1.901463682474826
PX-5685,4.368303480552731,True,1.0,False,5.6207525532984075,1.901463682474826
PX-5686,4.010001217303369,True,1.0,False,5.6207525532984075,1.901463682474826
PX-5687,3.7817643191888557,True,1.0,False,5.6207525532984075,1.901463682474826
PX-5688,3.4355961101453794,True,1.0,False,5.6207525532984075,1.901463682474826
PX-5689,3.3692695718903884,True,1.0,False,5.6207525532984075,1.901463682474826
PX-5690,3.345195641467793,True,1.0,False,5.6207525532984075,1.901463682474826
PX-5691,3.1850591411662563,True,1.0,False,5.6207525532984075,1.901463682474826
PX-5692,3.295853236715846,True,1.0,False,5.6207525532984075,1.901463682474826
PX-5693,3.5425421403314203,True,1.0,False,5.6207525532984075,1.901463682474826
PX-5694,3.783772214708808,True,1.0,False,5.6207525532984075,1.901463682474826
PX-5695,3.9824318018115576,True,1.0,False,5.6207525532984075,1.901463682474826
PX-5696,4.40091281912251,True,1.0,False,5.6207525532984075,1.901463682474826
PX-5697,5.30318502242943,True,1.0,False,5.6207525532984075,1.901463682474826
PX-5698,5.6484620918793915,True,1.0,False,5.6207525532984075,1.901463682474826
PX-5699,5.9675105019021775,True,1.0,False,5.6207525532984075,1.901463682474826
PX-5700,6.41078468207094,True,1.0,False,5.6207525532984075,1.901463682474826
PX-5701,6.765185392528222,True,1.0,False,5.6207525532984075,1.901463682474826
PX-5702,7.050560236542919,True,1.0,False,5.6207525532984075,1.901463682474826
PX-5703,7.713520726614725,True,1.0,False,5.6207525532984075,1.901463682474826
PX-5704,9.84845707326557,True,1.0,False,5.6207525532984075,1.901463682474826
PX-5705,13.673763188728227,True,1.0,False,5.6207525532984075,1.901463682474826
PX-5706,0.22458020872968376,False,0.0,False,5.6207525532984075,1.901463682474826
PX-5707,0.6189977489702301,False,0.0,False,5.6207525532984075,1.901463682474826
PX-5708,1.1116971211455375,False,0.0,False,5.6207525532984075,1.901463682474826
PX-5709,1.3390384957426456,False,0.0,False,5.6207525532984075,1.901463682474826
PX-5710,1.7044381770676118,False,0.0,False,5.6207525532984075,1.901463682474826
PX-5711,2.0235428424635433,False,0.0,False,5.6207525532984075,1.901463682474826
PX-5712,2.3855574443520027,False,0.0,False,5.6207525532984075,1.901463682474826
PX-5713,2.533217378177522,False,0.0,False,5.6207525532984075,1.901463682474826
PX-5714,2.721566733052917,False,0.0,False,5.6207525532984075,1.901463682474826
PX-5715,2.9211496701188047,False,0.0,False,5.6207525532984075,1.901463682474826
PX-5716,2.9441099552297505,False,0.0,False,5.6207525532984075,1.901463682474826
PX-5717,3.102870465670069,False,0.0,False,5.6207525532984075,1.901463682474826
PX-5718,3.403148482364994,True,1.0,False,5.6207525532984075,1.901463682474826
PX-5719,3.543437599330728,True,1.0,False,5.6207525532984075,1.901463682474826
PX-5720,3.743751482709488,True,1.0,False,5.6207525532984075,1.901463682474826
PX-5721,3.8440915939934133,True,1.0,False,5.6207525532984075,1.901463682474826
PX-5722,4.082000300703529,True,1.0,False,5.6207525532984075,1.901463682474826
PX-5723,4.306000238368485,True,1.0,False,5.6207525532984075,1.901463682474826
PX-5724,4.521238575719298,True,1.0,False,5.6207525532984075,1.901463682474826
PX-5725,4.755313439749369,True,1.0,False,5.6207525532984075,1.901463682474826
PX-5726,4.784972985750139,True,1.0,False,5.6207525532984075,1.901463682474826
PX-5727,4.7344427960837905,True,1.0,False,5.6207525532984075,1.901463682474826
PX-5728,4.789106340529289,True,1.0,False,5.6207525532984075,1.901463682474826
PX-5729,4.799898034012584,True,1.0,False,5.6207525532984075,1.901463682474826
PX-5730,4.9813844568219,True,1.0,False,5.6207525532984075,1.901463682474826
PX-5731,5.045936218596658,True,1.0,False,5.6207525532984075,1.901463682474826
PX-5732,5.073621377522457,True,1.0,False,5.6207525532984075,1.901463682474826
PX-5733,5.133369371957144,True,1.0,False,5.6207525532984075,1.901463682474826
PX-5734,5.278770763417171,True,1.0,False,5.6207525532984075,1.901463682474826
PX-5735,5.408054756155037,True,1.0,False,5.6207525532984075,1.901463682474826
PX-5736,5.369028452743537,True,1.0,False,5.6207525532984075,1.901463682474826
PX-5737,5.36919614784418,True,1.0,False,5.6207525532984075,1.901463682474826
PX-5738,5.522133492040304,True,1.0,False,5.6207525532984075,1.901463682474826
PX-5739,5.652796408521727,True,1.0,False,5.6207525532984075,1.901463682474826
PX-5740,5.654758627115974,True,1.0,False,5.6207525532984075,1.901463682474826
PX-5741,5.619962658060041,True,1.0,False,5.6207525532984075,1.901463682474826
PX-5742,5.344142132016259,True,1.0,False,5.6207525532984075,1.901463682474826
PX-5743,5.039780214352376,True,1.0,False,5.6207525532984075,1.901463682474826
PX-5744,4.860676334250741,True,1.0,False,5.6207525532984075,1.901463682474826
PX-5745,4.751957995482089,True,1.0,False,5.6207525532984075,1.901463682474826
PX-5746,4.791993603448223,True,1.0,False,5.6207525532984075,1.901463682474826
PX-5747,4.674790486799722,True,1.0,False,5.6207525532984075,1.901463682474826
PX-5748,4.346798457330554,True,1.0,False,5.6207525532984075,1.901463682474826
PX-5749,4.275836457792863,True,1.0,False,5.6207525532984075,1.901463682474826
PX-5750,4.443556784273529,True,1.0,False,5.6207525532984075,1.901463682474826
PX-5751,4.7659830015482925,True,1.0,False,5.6207525532984075,1.901463682474826
PX-5752,5.008672838753945,True,1.0,False,5.6207525532984075,1.901463682474826
PX-5753,5.261119405485653,True,1.0,False,5.6207525532984075,1.901463682474826
PX-5754,5.93349875954836,True,1.0,False,5.6207525532984075,1.901463682474826
PX-5755,6.038778278018359,True,1.0,False,5.6207525532984075,1.901463682474826
PX-5756,6.333900862738098,True,1.0,False,5.6207525532984075,1.901463682474826
PX-5757,6.777300293252393,True,1.0,False,5.6207525532984075,1.901463682474826
PX-5758,7.380601635035866,True,1.0,False,5.6207525532984075,1.901463682474826
PX-5759,7.889697669682931,True,1.0,False,5.6207525532984075,1.901463682474826
PX-5760,8.806831865935873,True,1.0,False,5.6207525532984075,1.901463682474826
PX-5761,11.72488474490364,True,1.0,False,5.6207525532984075,1.901463682474826
PX-5762,17.402919767001137,True,1.0,False,5.6207525532984075,1.901463682474826
PX-5763,1.4955735268837973,False,0.0,False,5.6207525532984075,1.901463682474826
PX-5764,1.7366602196760965,False,0.0,False,5.6207525532984075,1.901463682474826
PX-5765,2.4868801922114816,False,0.0,False,5.6207525532984075,1.901463682474826
PX-5766,2.9184702003729495,False,0.0,False,5.6207525532984075,1.901463682474826
PX-5767,3.0521260315837893,False,0.0,False,5.6207525532984075,1.901463682474826
PX-5768,3.134605134286085,False,0.0,False,5.6207525532984075,1.901463682474826
PX-5769,3.424442493436242,True,1.0,False,5.6207525532984075,1.901463682474826
PX-5770,3.484306054814798,True,1.0,False,5.6207525532984075,1.901463682474826
PX-5771,3.867694585690506,True,1.0,False,5.6207525532984075,1.901463682474826
PX-5772,4.040162376642845,True,1.0,False,5.6207525532984075,1.901463682474826
PX-5773,3.957205466139577,True,1.0,False,5.6207525532984075,1.901463682474826
PX-5774,3.959188673299744,True,1.0,False,5.6207525532984075,1.901463682474826
PX-5775,3.9913737638101967,True,1.0,False,5.6207525532984075,1.901463682474826
PX-5776,4.052724202267724,True,1.0,False,5.6207525532984075,1.901463682474826
PX-5777,4.15702507620391,True,1.0,False,5.6207525532984075,1.901463682474826
PX-5778,4.19156956337306,True,1.0,False,5.6207525532984075,1.901463682474826
PX-5779,4.526530709223421,True,1.0,False,5.6207525532984075,1.901463682474826
PX-5780,4.534509156691037,True,1.0,False,5.6207525532984075,1.901463682474826
PX-5781,4.770472374912698,True,1.0,False,5.6207525532984075,1.901463682474826
PX-5782,5.291421784668076,True,1.0,False,5.6207525532984075,1.901463682474826
PX-5783,5.65761216452834,True,1.0,False,5.6207525532984075,1.901463682474826
PX-5784,5.696617862466303,True,1.0,False,5.6207525532984075,1.901463682474826
PX-5785,5.86411281179312,True,1.0,False,5.6207525532984075,1.901463682474826
PX-5786,6.08421106522969,True,1.0,False,5.6207525532984075,1.901463682474826
PX-5787,6.277109682097899,True,1.0,False,5.6207525532984075,1.901463682474826
PX-5788,6.148532433816738,True,1.0,False,5.6207525532984075,1.901463682474826
PX-5789,6.312063284089847,True,1.0,False,5.6207525532984075,1.901463682474826
PX-5790,6.299477061529297,True,1.0,False,5.6207525532984075,1.901463682474826
PX-5791,6.087257408539751,True,1.0,False,5.6207525532984075,1.901463682474826
PX-5792,5.848578131007864,True,1.0,False,5.6207525532984075,1.901463682474826
PX-5793,5.697060950955825,True,1.0,False,5.6207525532984075,1.901463682474826
PX-5794,5.536978938910407,True,1.0,False,5.6207525532984075,1.901463682474826
PX-5795,5.589179201283404,True,1.0,False,5.6207525532984075,1.901463682474826
PX-5796,5.707414086273854,True,1.0,False,5.6207525532984075,1.901463682474826
PX-5797,5.96750871073359,True,1.0,False,5.6207525532984075,1.901463682474826
PX-5798,5.568132725683574,True,1.0,False,5.6207525532984075,1.901463682474826
PX-5799,5.302483332733388,True,1.0,False,5.6207525532984075,1.901463682474826
PX-5800,4.953129928891467,True,1.0,False,5.6207525532984075,1.901463682474826
PX-5801,4.953810492334828,True,1.0,False,5.6207525532984075,1.901463682474826
PX-5802,4.925665534501723,True,1.0,False,5.6207525532984075,1.901463682474826
PX-5803,4.882480208540754,True,1.0,False,5.6207525532984075,1.901463682474826
PX-5804,4.6445576839997145,True,1.0,False,5.6207525532984075,1.901463682474826
PX-5805,4.463814138356339,True,1.0,False,5.6207525532984075,1.901463682474826
PX-5806,4.2073041901637875,True,1.0,False,5.6207525532984075,1.901463682474826
PX-5807,4.4237065735622,True,1.0,False,5.6207525532984075,1.901463682474826
PX-5808,4.502683624482396,True,1.0,False,5.6207525532984075,1.901463682474826
PX-5809,4.808772219875342,True,1.0,False,5.6207525532984075,1.901463682474826
PX-5810,4.945972337123772,True,1.0,False,5.6207525532984075,1.901463682474826
PX-5811,5.526676284645124,True,1.0,False,5.6207525532984075,1.901463682474826
PX-5812,5.6850818906765355,True,1.0,False,5.6207525532984075,1.901463682474826
PX-5813,6.06225592718012,True,1.0,False,5.6207525532984075,1.901463682474826
PX-5814,6.308226717334081,True,1.0,False,5.6207525532984075,1.901463682474826
PX-5815,6.863178175791388,True,1.0,False,5.6207525532984075,1.901463682474826
PX-5816,7.571310176888311,True,1.0,False,5.6207525532984075,1.901463682474826
PX-5817,9.20399837833678,True,1.0,False,5.6207525532984075,1.901463682474826
PX-5818,12.781023599036983,True,1.0,False,5.6207525532984075,1.901463682474826
PX-5819,20.74521408255639,True,1.0,False,5.6207525532984075,1.901463682474826
PX-5820,2.9641734721132575,False,0.0,False,5.6207525532984075,1.901463682474826
PX-5821,3.8346125541246927,False,0.0,False,5.6207525532984075,1.901463682474826
PX-5822,4.729656225189963,True,1.0,False,5.6207525532984075,1.901463682474826
PX-5823,5.55035961062965,True,1.0,False,5.6207525532984075,1.901463682474826
PX-5824,6.527675169999183,True,1.0,False,5.6207525532984075,1.901463682474826
PX-5825,6.986443563059682,True,1.0,False,5.6207525532984075,1.901463682474826
PX-5826,7.14110199995404,True,1.0,False,5.6207525532984075,1.901463682474826
PX-5827,7.317927642715356,True,1.0,False,5.6207525532984075,1.901463682474826
PX-5828,7.934510153062014,True,1.0,False,5.6207525532984075,1.901463682474826
PX-5829,7.997452434952994,True,1.0,False,5.6207525532984075,1.901463682474826
PX-5830,7.692784246028507,True,1.0,False,5.6207525532984075,1.901463682474826
PX-5831,7.62558766031229,True,1.0,False,5.6207525532984075,1.901463682474826
PX-5832,7.608243943599231,True,1.0,False,5.6207525532984075,1.901463682474826
PX-5833,6.836585993549791,True,1.0,False,5.6207525532984075,1.901463682474826
PX-5834,6.539780134343459,True,1.0,False,5.6207525532984075,1.901463682474826
PX-5835,6.21481364890662,True,1.0,False,5.6207525532984075,1.901463682474826
PX-5836,5.894047381564297,True,1.0,False,5.6207525532984075,1.901463682474826
PX-5837,5.11748245586805,True,1.0,False,5.6207525532984075,1.901463682474826
PX-5838,4.903012174767062,True,1.0,False,5.6207525532984075,1.901463682474826
PX-5839,4.7831561643113485,True,1.0,False,5.6207525532984075,1.901463682474826
PX-5840,4.340093709533475,True,1.0,False,5.6207525532984075,1.901463682474826
PX-5841,3.6119709983116195,True,1.0,False,5.6207525532984075,1.901463682474826
PX-5842,3.5851080385080643,True,1.0,False,5.6207525532984075,1.901463682474826
PX-5843,3.3662336907751254,True,1.0,False,5.6207525532984075,1.901463682474826
PX-5844,3.550967251724501,True,1.0,False,5.6207525532984075,1.901463682474826
PX-5845,3.5532429105970778,True,1.0,False,5.6207525532984075,1.901463682474826
PX-5846,3.4675217701721763,True,1.0,False,5.6207525532984075,1.901463682474826
PX-5847,3.3481983347327215,False,0.0,False,5.6207525532984075,1.901463682474826
PX-5848,3.2922695117413596,False,0.0,False,5.6207525532984075,1.901463682474826
PX-5849,3.4200317495432664,False,0.0,False,5.6207525532984075,1.901463682474826
PX-5850,3.6136243063469724,False,0.0,False,5.6207525532984075,1.901463682474826
PX-5851,3.8428629506012797,True,1.0,False,5.6207525532984075,1.901463682474826
PX-5852,4.304763257795969,True,1.0,False,5.6207525532984075,1.901463682474826
PX-5853,4.670623904922399,True,1.0,False,5.6207525532984075,1.901463682474826
PX-5854,5.179637718263686,True,1.0,False,5.6207525532984075,1.901463682474826
PX-5855,5.721691792418435,True,1.0,False,5.6207525532984075,1.901463682474826
PX-5856,5.953553285742725,True,1.0,False,5.6207525532984075,1.901463682474826
PX-5857,5.947063132851268,True,1.0,False,5.6207525532984075,1.901463682474826
PX-5858,5.891551521053348,True,1.0,False,5.6207525532984075,1.901463682474826
PX-5859,5.5934163033559035,True,1.0,False,5.6207525532984075,1.901463682474826
PX-5860,5.1473616128664865,True,1.0,False,5.6207525532984075,1.901463682474826
PX-5861,4.83846859103288,True,1.0,False,5.6207525532984075,1.901463682474826
PX-5862,4.538775186474078,True,1.0,False,5.6207525532984075,1.901463682474826
PX-5863,4.164307961429396,False,0.0,False,5.6207525532984075,1.901463682474826
PX-5864,3.7780042496616364,False,0.0,False,5.6207525532984075,1.901463682474826
PX-5865,3.76789132544433,False,0.0,False,5.6207525532984075,1.901463682474826
PX-5866,4.021086039882476,False,0.0,False,5.6207525532984075,1.901463682474826
PX-5867,4.1677670846412,True,1.0,False,5.6207525532984075,1.901463682474826
PX-5868,4.7295066617764725,True,1.0,False,5.6207525532984075,1.901463682474826
PX-5869,5.054932547551239,True,1.0,False,5.6207525532984075,1.901463682474826
PX-5870,5.401369698232152,True,1.0,False,5.6207525532984075,1.901463682474826
PX-5871,5.505060328753519,True,1.0,False,5.6207525532984075,1.901463682474826
PX-5872,5.676015153418717,True,1.0,False,5.6207525532984075,1.901463682474826
PX-5873,6.428239585531932,True,1.0,False,5.6207525532984075,1.901463682474826
PX-5874,8.03363706328335,True,1.0,False,5.6207525532984075,1.901463682474826
PX-5875,12.204148028256215,True,1.0,False,5.6207525532984075,1.901463682474826
PX-5876,26.67687138160035,True,1.0,False,5.6207525532984075,1.901463682474826
PX-5877,3.137962427365725,False,0.0,False,5.6207525532984075,1.901463682474826
PX-5878,3.6231362087624586,True,1.0,False,5.6207525532984075,1.901463682474826
PX-5879,3.74875550160934,True,1.0,False,5.6207525532984075,1.901463682474826
PX-5880,4.078673767982824,True,1.0,False,5.6207525532984075,1.901463682474826
PX-5881,4.7008545095217045,True,1.0,False,5.6207525532984075,1.901463682474826
PX-5882,4.991380080420141,True,1.0,False,5.6207525532984075,1.901463682474826
PX-5883,5.122277777866934,True,1.0,False,5.6207525532984075,1.901463682474826
PX-5884,4.941397999480669,True,1.0,False,5.6207525532984075,1.901463682474826
PX-5885,4.441479810821212,True,1.0,False,5.6207525532984075,1.901463682474826
PX-5886,3.958292655558985,False,0.0,False,5.6207525532984075,1.901463682474826
PX-5887,3.6548105404062206,False,0.0,False,5.6207525532984075,1.901463682474826
PX-5888,3.549338686136501,False,0.0,False,5.6207525532984075,1.901463682474826
PX-5889,3.7435758144584312,False,0.0,False,5.6207525532984075,1.901463682474826
PX-5890,3.657143607764663,False,0.0,False,5.6207525532984075,1.901463682474826
PX-5891,3.679909765572667,False,0.0,False,5.6207525532984075,1.901463682474826
PX-5892,3.69974233751336,False,0.0,False,5.6207525532984075,1.901463682474826
PX-5893,3.7200023473956065,False,0.0,False,5.6207525532984075,1.901463682474826
PX-5894,3.8970547201596304,False,0.0,False,5.6207525532984075,1.901463682474826
PX-5895,4.0407796724965905,True,1.0,False,5.6207525532984075,1.901463682474826
PX-5896,4.123217295779954,True,1.0,False,5.6207525532984075,1.901463682474826
PX-5897,4.334591898075541,True,1.0,False,5.6207525532984075,1.901463682474826
PX-5898,4.5538284881182545,True,1.0,False,5.6207525532984075,1.901463682474826
PX-5899,4.873472079106509,True,1.0,False,5.6207525532984075,1.901463682474826
PX-5900,5.162712407864259,True,1.0,False,5.6207525532984075,1.901463682474826
PX-5901,5.554503289308391,True,1.0,False,5.6207525532984075,1.901463682474826
PX-5902,5.888226933588548,True,1.0,False,5.6207525532984075,1.901463682474826
PX-5903,6.065303885972776,True,1.0,False,5.6207525532984075,1.901463682474826
PX-5904,6.312978595042875,True,1.0,False,5.6207525532984075,1.901463682474826
PX-5905,6.444212998450878,True,1.0,False,5.6207525532984075,1.901463682474826
PX-5906,6.451310176956575,True,1.0,False,5.6207525532984075,1.901463682474826
PX-5907,6.240148267226942,True,1.0,False,5.6207525532984075,1.901463682474826
PX-5908,6.229562215174388,True,1.0,False,5.6207525532984075,1.901463682474826
PX-5909,5.8868483144395025,True,1.0,False,5.6207525532984075,1.901463682474826
PX-5910,5.43977886619183,True,1.0,False,5.6207525532984075,1.901463682474826
PX-5911,5.0453181757350745,True,1.0,False,5.6207525532984075,1.901463682474826
PX-5912,4.738612280215502,True,1.0,False,5.6207525532984075,1.901463682474826
PX-5913,4.380388600621428,True,1.0,False,5.6207525532984075,1.901463682474826
PX-5914,4.009127218495266,False,0.0,False,5.6207525532984075,1.901463682474826
PX-5915,4.105665928870991,False,0.0,False,5.6207525532984075,1.901463682474826
PX-5916,4.029523758947377,False,0.0,False,5.6207525532984075,1.901463682474826
PX-5917,3.8698241711652965,False,0.0,False,5.6207525532984075,1.901463682474826
PX-5918,4.156294126022983,False,0.0,False,5.6207525532984075,1.901463682474826
PX-5919,4.365743965527653,False,0.0,False,5.6207525532984075,1.901463682474826
PX-5920,4.732903834513806,True,1.0,False,5.6207525532984075,1.901463682474826
PX-5921,5.1308787642787,True,1.0,False,5.6207525532984075,1.901463682474826
PX-5922,5.608523785653357,True,1.0,False,5.6207525532984075,1.901463682474826
PX-5923,6.05694637237476,True,1.0,False,5.6207525532984075,1.901463682474826
PX-5924,6.309948703321622,True,1.0,False,5.6207525532984075,1.901463682474826
PX-5925,6.490412131618243,True,1.0,False,5.6207525532984075,1.901463682474826
PX-5926,6.615203230703679,True,1.0,False,5.6207525532984075,1.901463682474826
PX-5927,6.625730818583879,True,1.0,False,5.6207525532984075,1.901463682474826
PX-5928,7.118958803372454,True,1.0,False,5.6207525532984075,1.901463682474826
PX-5929,8.449560566426142,True,1.0,False,5.6207525532984075,1.901463682474826
PX-5930,11.471734832367307,True,1.0,False,5.6207525532984075,1.901463682474826
PX-5931,3.7704760831072903,False,0.0,False,5.6207525532984075,1.901463682474826
PX-5932,3.8314693049310655,False,0.0,False,5.6207525532984075,1.901463682474826
PX-5933,4.003597192037184,False,0.0,False,5.6207525532984075,1.901463682474826
PX-5934,4.31279490825416,True,1.0,False,5.6207525532984075,1.901463682474826
PX-5935,4.422336139156393,True,1.0,False,5.6207525532984075,1.901463682474826
PX-5936,3.9193584374814012,True,1.0,False,5.6207525532984075,1.901463682474826
PX-5937,3.757641487598244,True,1.0,False,5.6207525532984075,1.901463682474826
PX-5938,3.684903259485795,True,1.0,False,5.6207525532984075,1.901463682474826
PX-5939,3.43650147287679,True,1.0,False,5.6207525532984075,1.901463682474826
PX-5940,2.941017292596687,False,0.0,False,5.6207525532984075,1.901463682474826
PX-5941,3.179446975668256,False,0.0,False,5.6207525532984075,1.901463682474826
PX-5942,3.691631426309357,True,1.0,False,5.6207525532984075,1.901463682474826
PX-5943,3.9301094414807913,True,1.0,False,5.6207525532984075,1.901463682474826
PX-5944,3.9589825266832896,True,1.0,False,5.6207525532984075,1.901463682474826
PX-5945,3.776108524447288,True,1.0,False,5.6207525532984075,1.901463682474826
PX-5946,3.877888353797303,True,1.0,False,5.6207525532984075,1.901463682474826
PX-5947,3.9648994718669996,True,1.0,False,5.6207525532984075,1.901463682474826
PX-5948,4.216865605720594,True,1.0,False,5.6207525532984075,1.901463682474826
PX-5949,4.401764424580833,True,1.0,False,5.6207525532984075,1.901463682474826
PX-5950,4.431887202984875,True,1.0,False,5.6207525532984075,1.901463682474826
PX-5951,4.196002244271696,True,1.0,False,5.6207525532984075,1.901463682474826
PX-5952,4.128258653057834,True,1.0,False,5.6207525532984075,1.901463682474826
PX-5953,4.137470375193978,True,1.0,False,5.6207525532984075,1.901463682474826
PX-5954,4.04476664281559,True,1.0,False,5.6207525532984075,1.901463682474826
PX-5955,4.087688956526874,True,1.0,False,5.6207525532984075,1.901463682474826
PX-5956,3.8709240011268626,True,1.0,False,5.6207525532984075,1.901463682474826
PX-5957,3.6341178873542503,True,1.0,False,5.6207525532984075,1.901463682474826
PX-5958,3.4344351639297273,True,1.0,False,5.6207525532984075,1.901463682474826
PX-5959,3.3120728948955644,True,1.0,False,5.6207525532984075,1.901463682474826
PX-5960,3.2917859496284407,True,1.0,False,5.6207525532984075,1.901463682474826
PX-5961,3.127312778078828,True,1.0,False,5.6207525532984075,1.901463682474826
PX-5962,3.066494649399697,True,1.0,False,5.6207525532984075,1.901463682474826
PX-5963,3.198634979461641,True,1.0,False,5.6207525532984075,1.901463682474826
PX-5964,3.111375535501793,True,1.0,False,5.6207525532984075,1.901463682474826
PX-5965,3.1532097111935187,True,1.0,False,5.6207525532984075,1.901463682474826
PX-5966,3.1087726155867657,True,1.0,False,5.6207525532984075,1.901463682474826
PX-5967,3.2004920215277686,True,1.0,False,5.6207525532984075,1.901463682474826
PX-5968,3.301404590311094,False,0.0,False,5.6207525532984075,1.901463682474826
PX-5969,3.3413159406208255,False,0.0,False,5.6207525532984075,1.901463682474826
PX-5970,3.431733375537675,False,0.0,False,5.6207525532984075,1.901463682474826
PX-5971,3.4157989154096846,False,0.0,False,5.6207525532984075,1.901463682474826
PX-5972,3.320646821053151,False,0.0,False,5.6207525532984075,1.901463682474826
PX-5973,3.4176576295529966,False,0.0,False,5.6207525532984075,1.901463682474826
PX-5974,3.3782453782323536,False,0.0,False,5.6207525532984075,1.901463682474826
PX-5975,3.3909683074798327,False,0.0,False,5.6207525532984075,1.901463682474826
PX-5976,3.5613470680422097,True,1.0,False,5.6207525532984075,1.901463682474826
PX-5977,3.7226189678272537,True,1.0,False,5.6207525532984075,1.901463682474826
PX-5978,3.9178604462655073,True,1.0,False,5.6207525532984075,1.901463682474826
PX-5979,4.131373987363377,True,1.0,False,5.6207525532984075,1.901463682474826
PX-5980,4.359889667429538,True,1.0,False,5.6207525532984075,1.901463682474826
PX-5981,4.7290895833098485,True,1.0,False,5.6207525532984075,1.901463682474826
PX-5982,4.864858090181276,True,1.0,False,5.6207525532984075,1.901463682474826
PX-5983,5.526578147641208,True,1.0,False,5.6207525532984075,1.901463682474826
PX-5984,7.621001485907721,True,1.0,False,5.6207525532984075,1.901463682474826
PX-5985,12.298609077523533,True,1.0,False,5.6207525532984075,1.901463682474826
PX-5986,2.367364777320745,False,0.0,False,5.6207525532984075,1.901463682474826
PX-5987,2.306879055798131,False,0.0,False,5.6207525532984075,1.901463682474826
PX-5988,2.4021227295157352,False,0.0,False,5.6207525532984075,1.901463682474826
PX-5989,2.5661165806787416,False,0.0,False,5.6207525532984075,1.901463682474826
PX-5990,2.866107773827556,False,0.0,False,5.6207525532984075,1.901463682474826
PX-5991,3.3201119698592425,True,1.0,False,5.6207525532984075,1.901463682474826
PX-5992,3.6977929354251042,True,1.0,False,5.6207525532984075,1.901463682474826
PX-5993,4.041319052312945,True,1.0,False,5.6207525532984075,1.901463682474826
PX-5994,4.457511424817927,True,1.0,False,5.6207525532984075,1.901463682474826
PX-5995,4.803260959835992,True,1.0,False,5.6207525532984075,1.901463682474826
PX-5996,5.143370660872783,True,1.0,False,5.6207525532984075,1.901463682474826
PX-5997,5.4521881885319186,True,1.0,False,5.6207525532984075,1.901463682474826
PX-5998,5.725316290747555,True,1.0,False,5.6207525532984075,1.901463682474826
PX-5999,5.853378399506061,True,1.0,False,5.6207525532984075,1.901463682474826
PX-6000,5.761429017257958,True,1.0,False,5.6207525532984075,1.901463682474826
PX-6001,5.74424495966398,True,1.0,False,5.6207525532984075,1.901463682474826
PX-6002,5.6785521759607,True,1.0,False,5.6207525532984075,1.901463682474826
PX-6003,5.57605212776023,True,1.0,False,5.6207525532984075,1.901463682474826
PX-6004,5.609432153875275,True,1.0,False,5.6207525532984075,1.901463682474826
PX-6005,5.633172292922019,True,1.0,False,5.6207525532984075,1.901463682474826
PX-6006,5.3336020821590715,True,1.0,False,5.6207525532984075,1.901463682474826
PX-6007,5.106545461269013,True,1.0,False,5.6207525532984075,1.901463682474826
PX-6008,4.892677253228854,True,1.0,False,5.6207525532984075,1.901463682474826
PX-6009,4.8681584693800755,True,1.0,False,5.6207525532984075,1.901463682474826
PX-6010,4.974124133861521,True,1.0,False,5.6207525532984075,1.901463682474826
PX-6011,5.006418713441311,True,1.0,False,5.6207525532984075,1.901463682474826
PX-6012,5.076576522677513,True,1.0,False,5.6207525532984075,1.901463682474826
PX-6013,4.726981344312366,True,1.0,False,5.6207525532984075,1.901463682474826
PX-6014,4.54587838493099,True,1.0,False,5.6207525532984075,1.901463682474826
PX-6015,4.57809171893863,True,1.0,False,5.6207525532984075,1.901463682474826
PX-6016,4.548210564111734,True,1.0,False,5.6207525532984075,1.901463682474826
PX-6017,4.792390297470963,True,1.0,False,5.6207525532984075,1.901463682474826
PX-6018,4.8024680064344345,True,1.0,False,5.6207525532984075,1.901463682474826
PX-6019,4.490062585025424,True,1.0,False,5.6207525532984075,1.901463682474826
PX-6020,4.387783269482997,True,1.0,False,5.6207525532984075,1.901463682474826
PX-6021,4.246560703910568,True,1.0,False,5.6207525532984075,1.901463682474826
PX-6022,4.353988796713532,True,1.0,False,5.6207525532984075,1.901463682474826
PX-6023,4.359108218846998,True,1.0,False,5.6207525532984075,1.901463682474826
PX-6024,4.137276146133141,True,1.0,False,5.6207525532984075,1.901463682474826
PX-6025,4.201954235839418,True,1.0,False,5.6207525532984075,1.901463682474826
PX-6026,3.9433409993366517,True,1.0,False,5.6207525532984075,1.901463682474826
PX-6027,3.874652794191693,False,0.0,False,5.6207525532984075,1.901463682474826
PX-6028,4.084274934624824,True,1.0,False,5.6207525532984075,1.901463682474826
PX-6029,4.232208044858217,True,1.0,False,5.6207525532984075,1.901463682474826
PX-6030,4.447103848595894,True,1.0,False,5.6207525532984075,1.901463682474826
PX-6031,4.661200795971933,True,1.0,False,5.6207525532984075,1.901463682474826
PX-6032,4.749148853442772,True,1.0,False,5.6207525532984075,1.901463682474826
PX-6033,5.029560024583525,True,1.0,False,5.6207525532984075,1.901463682474826
PX-6034,5.080418113031497,True,1.0,False,5.6207525532984075,1.901463682474826
PX-6035,5.329228200799568,True,1.0,False,5.6207525532984075,1.901463682474826
PX-6036,5.628383057143717,True,1.0,False,5.6207525532984075,1.901463682474826
PX-6037,5.815348765210334,True,1.0,False,5.6207525532984075,1.901463682474826
PX-6038,6.499532688940775,True,1.0,False,5.6207525532984075,1.901463682474826
PX-6039,8.539024989383986,True,1.0,False,5.6207525532984075,1.901463682474826
PX-6040,15.598074033980733,True,1.0,False,5.6207525532984075,1.901463682474826
PX-6041,3.4255970979457455,False,0.0,False,5.6207525532984075,1.901463682474826
PX-6042,3.839740427095947,True,1.0,False,5.6207525532984075,1.901463682474826
PX-6043,4.024040053344978,True,1.0,False,5.6207525532984075,1.901463682474826
PX-6044,4.060148914929792,True,1.0,False,5.6207525532984075,1.901463682474826
PX-6045,4.083969495055513,True,1.0,False,5.6207525532984075,1.901463682474826
PX-6046,4.112337027253522,True,1.0,False,5.6207525532984075,1.901463682474826
PX-6047,4.286665245127924,True,1.0,False,5.6207525532984075,1.901463682474826
PX-6048,4.661253325126509,True,1.0,False,5.6207525532984075,1.901463682474826
PX-6049,4.99538408165618,True,1.0,False,5.6207525532984075,1.901463682474826
PX-6050,5.289729061617761,True,1.0,False,5.6207525532984075,1.901463682474826
PX-6051,5.226574920767874,True,1.0,False,5.6207525532984075,1.901463682474826
PX-6052,5.2517981492982155,True,1.0,False,5.6207525532984075,1.901463682474826
PX-6053,5.513592150125941,True,1.0,False,5.6207525532984075,1.901463682474826
PX-6054,5.775204463261696,True,1.0,False,5.6207525532984075,1.901463682474826
PX-6055,5.962370174259215,True,1.0,False,5.6207525532984075,1.901463682474826
PX-6056,6.1500565287536855,True,1.0,False,5.6207525532984075,1.901463682474826
PX-6057,6.211924459294156,True,1.0,False,5.6207525532984075,1.901463682474826
PX-6058,5.976678387714832,True,1.0,False,5.6207525532984075,1.901463682474826
PX-6059,5.710251230933352,True,1.0,False,5.6207525532984075,1.901463682474826
PX-6060,5.830414243218835,True,1.0,False,5.6207525532984075,1.901463682474826
PX-6061,5.8830745615453175,True,1.0,False,5.6207525532984075,1.901463682474826
PX-6062,5.864677001540851,True,1.0,False,5.6207525532984075,1.901463682474826
PX-6063,5.621479962165328,True,1.0,False,5.6207525532984075,1.901463682474826
PX-6064,5.531705923429756,True,1.0,False,5.6207525532984075,1.901463682474826
PX-6065,5.168475032301478,True,1.0,False,5.6207525532984075,1.901463682474826
PX-6066,5.021718240617037,True,1.0,False,5.6207525532984075,1.901463682474826
PX-6067,5.047912038104409,True,1.0,False,5.6207525532984075,1.901463682474826
PX-6068,5.123534061918631,True,1.0,False,5.6207525532984075,1.901463682474826
PX-6069,4.841442502366462,True,1.0,False,5.6207525532984075,1.901463682474826
PX-6070,4.663750492620741,True,1.0,False,5.6207525532984075,1.901463682474826
PX-6071,4.270095752279964,True,1.0,False,5.6207525532984075,1.901463682474826
PX-6072,4.408795994610566,True,1.0,False,5.6207525532984075,1.901463682474826
PX-6073,4.3374044201786806,True,1.0,False,5.6207525532984075,1.901463682474826
PX-6074,4.3303271952814555,True,1.0,False,5.6207525532984075,1.901463682474826
PX-6075,4.300609400353878,True,1.0,False,5.6207525532984075,1.901463682474826
PX-6076,4.177458202146621,True,1.0,False,5.6207525532984075,1.901463682474826
PX-6077,4.191759460005251,True,1.0,False,5.6207525532984075,1.901463682474826
PX-6078,4.21296664800305,True,1.0,False,5.6207525532984075,1.901463682474826
PX-6079,4.043105646063973,True,1.0,False,5.6207525532984075,1.901463682474826
PX-6080,4.156012212415195,True,1.0,False,5.6207525532984075,1.901463682474826
PX-6081,3.917736321676081,True,1.0,False,5.6207525532984075,1.901463682474826
PX-6082,3.9394129411173004,True,1.0,False,5.6207525532984075,1.901463682474826
PX-6083,4.094740603490601,True,1.0,False,5.6207525532984075,1.901463682474826
PX-6084,4.036732978829507,True,1.0,False,5.6207525532984075,1.901463682474826
PX-6085,4.128769841978835,True,1.0,False,5.6207525532984075,1.901463682474826
PX-6086,4.192382904993803,True,1.0,False,5.6207525532984075,1.901463682474826
PX-6087,4.364400688032704,True,1.0,False,5.6207525532984075,1.901463682474826
PX-6088,4.974179835822056,True,1.0,False,5.6207525532984075,1.901463682474826
PX-6089,5.275899742763334,True,1.0,False,5.6207525532984075,1.901463682474826
PX-6090,6.149509128720984,True,1.0,False,5.6207525532984075,1.901463682474826
PX-6091,8.325829742579568,True,1.0,False,5.6207525532984075,1.901463682474826
PX-6092,5.5570890701316635,True,1.0,False,5.6207525532984075,1.901463682474826
PX-6093,6.162806695691193,True,1.0,False,5.6207525532984075,1.901463682474826
PX-6094,6.853669046720453,True,1.0,False,5.6207525532984075,1.901463682474826
PX-6095,7.801452414233639,True,1.0,False,5.6207525532984075,1.901463682474826
PX-6096,8.293094101898637,True,1.0,False,5.6207525532984075,1.901463682474826
PX-6097,8.387303710023803,True,1.0,False,5.6207525532984075,1.901463682474826
PX-6098,8.603360418576159,True,1.0,False,5.6207525532984075,1.901463682474826
PX-6099,9.109858578216029,True,1.0,False,5.6207525532984075,1.901463682474826
PX-6100,8.885902524668213,True,1.0,False,5.6207525532984075,1.901463682474826
PX-6101,8.369659988877794,True,1.0,False,5.6207525532984075,1.901463682474826
PX-6102,8.08257111205273,True,1.0,False,5.6207525532984075,1.901463682474826
PX-6103,7.833148022511464,True,1.0,False,5.6207525532984075,1.901463682474826
PX-6104,6.935133578283871,True,1.0,False,5.6207525532984075,1.901463682474826
PX-6105,6.46023503380448,True,1.0,False,5.6207525532984075,1.901463682474826
PX-6106,6.065944447760385,True,1.0,False,5.6207525532984075,1.901463682474826
PX-6107,5.342502892348039,True,1.0,False,5.6207525532984075,1.901463682474826
PX-6108,4.2891007682188835,True,1.0,False,5.6207525532984075,1.901463682474826
PX-6109,3.9146876329450535,True,1.0,False,5.6207525532984075,1.901463682474826
PX-6110,3.567246234107648,True,1.0,False,5.6207525532984075,1.901463682474826
PX-6111,3.234448553536188,True,1.0,False,5.6207525532984075,1.901463682474826
PX-6112,2.739494858266305,False,0.0,False,5.6207525532984075,1.901463682474826
PX-6113,2.747406256616628,False,0.0,False,5.6207525532984075,1.901463682474826
PX-6114,2.419756847170259,False,0.0,False,5.6207525532984075,1.901463682474826
PX-6115,2.5227870328496422,False,0.0,False,5.6207525532984075,1.901463682474826
PX-6116,2.7205550055195644,False,0.0,False,5.6207525532984075,1.901463682474826
PX-6117,2.7300671600386934,False,0.0,False,5.6207525532984075,1.901463682474826
PX-6118,2.8454399755488033,False,0.0,False,5.6207525532984075,1.901463682474826
PX-6119,3.0525339858920653,False,0.0,False,5.6207525532984075,1.901463682474826
PX-6120,3.024264431235334,False,0.0,False,5.6207525532984075,1.901463682474826
PX-6121,3.338509508106206,False,0.0,False,5.6207525532984075,1.901463682474826
PX-6122,3.501069437824798,False,0.0,False,5.6207525532984075,1.901463682474826
PX-6123,3.8726502897455344,True,1.0,False,5.6207525532984075,1.901463682474826
PX-6124,4.183399855048858,True,1.0,False,5.6207525532984075,1.901463682474826
PX-6125,4.515492660289034,True,1.0,False,5.6207525532984075,1.901463682474826
PX-6126,5.222711512993287,True,1.0,False,5.6207525532984075,1.901463682474826
PX-6127,5.320113650302073,True,1.0,False,5.6207525532984075,1.901463682474826
PX-6128,5.279665559536063,True,1.0,False,5.6207525532984075,1.901463682474826
PX-6129,5.382131495698625,True,1.0,False,5.6207525532984075,1.901463682474826
PX-6130,5.160946061150492,True,1.0,False,5.6207525532984075,1.901463682474826
PX-6131,4.887422474516153,True,1.0,False,5.6207525532984075,1.901463682474826
PX-6132,4.969669531599203,True,1.0,False,5.6207525532984075,1.901463682474826
PX-6133,4.820519808169077,True,1.0,False,5.6207525532984075,1.901463682474826
PX-6134,4.679586487271559,True,1.0,False,5.6207525532984075,1.901463682474826
PX-6135,4.13383404982477,False,0.0,False,5.6207525532984075,1.901463682474826
PX-6136,4.142721104394388,False,0.0,False,5.6207525532984075,1.901463682474826
PX-6137,4.311523195860207,False,0.0,False,5.6207525532984075,1.901463682474826
PX-6138,4.211497683384531,False,0.0,False,5.6207525532984075,1.901463682474826
PX-6139,4.5506802877430825,True,1.0,False,5.6207525532984075,1.901463682474826
PX-6140,6.973416519483413,True,1.0,False,5.6207525532984075,1.901463682474826
PX-6141,3.101047715983274,False,0.0,False,5.6207525532984075,1.901463682474826
PX-6142,3.076699780772378,False,0.0,False,5.6207525532984075,1.901463682474826
PX-6143,3.1086728906262753,False,0.0,False,5.6207525532984075,1.901463682474826
PX-6144,3.40635031165451,False,0.0,False,5.6207525532984075,1.901463682474826
PX-6145,3.8228878225272993,True,1.0,False,5.6207525532984075,1.901463682474826
PX-6146,4.331279707319316,True,1.0,False,5.6207525532984075,1.901463682474826
PX-6147,5.213978211760827,True,1.0,False,5.6207525532984075,1.901463682474826
PX-6148,5.76672418914208,True,1.0,False,5.6207525532984075,1.901463682474826
PX-6149,6.037672934884208,True,1.0,False,5.6207525532984075,1.901463682474826
PX-6150,5.9104584931534045,True,1.0,False,5.6207525532984075,1.901463682474826
PX-6151,5.945643147337002,True,1.0,False,5.6207525532984075,1.901463682474826
PX-6152,6.093317862902053,True,1.0,False,5.6207525532984075,1.901463682474826
PX-6153,6.092901782522798,True,1.0,False,5.6207525532984075,1.901463682474826
PX-6154,5.718778067478688,True,1.0,False,5.6207525532984075,1.901463682474826
PX-6155,4.812414549477166,True,1.0,False,5.6207525532984075,1.901463682474826
PX-6156,3.7413055395626014,False,0.0,False,5.6207525532984075,1.901463682474826
PX-6157,2.9264197659323408,False,0.0,False,5.6207525532984075,1.901463682474826
PX-6158,2.2076449704055,False,0.0,False,5.6207525532984075,1.901463682474826
PX-6159,2.0296289310323807,False,0.0,False,5.6207525532984075,1.901463682474826
PX-6160,2.0487501611276144,False,0.0,False,5.6207525532984075,1.901463682474826
PX-6161,2.0340604180861135,False,0.0,False,5.6207525532984075,1.901463682474826
PX-6162,1.8951599371299324,False,0.0,False,5.6207525532984075,1.901463682474826
PX-6163,1.932730315476352,False,0.0,False,5.6207525532984075,1.901463682474826
PX-6164,2.1685399547445847,False,0.0,False,5.6207525532984075,1.901463682474826
PX-6165,2.383153267499555,False,0.0,False,5.6207525532984075,1.901463682474826
PX-6166,2.7249107467091385,False,0.0,False,5.6207525532984075,1.901463682474826
PX-6167,3.296940044180552,False,0.0,False,5.6207525532984075,1.901463682474826
PX-6168,3.6261597212727814,False,0.0,False,5.6207525532984075,1.901463682474826
PX-6169,4.005448022948739,True,1.0,False,5.6207525532984075,1.901463682474826
PX-6170,4.199524362864045,True,1.0,False,5.6207525532984075,1.901463682474826
PX-6171,4.4484598502176915,True,1.0,False,5.6207525532984075,1.901463682474826
PX-6172,4.901441486288826,True,1.0,False,5.6207525532984075,1.901463682474826
PX-6173,5.1468826633729545,True,1.0,False,5.6207525532984075,1.901463682474826
PX-6174,5.54595553636023,True,1.0,False,5.6207525532984075,1.901463682474826
PX-6175,5.582420124913764,True,1.0,False,5.6207525532984075,1.901463682474826
PX-6176,5.671432896101372,True,1.0,False,5.6207525532984075,1.901463682474826
PX-6177,5.699020508955474,True,1.0,False,5.6207525532984075,1.901463682474826
PX-6178,5.460226382347477,True,1.0,False,5.6207525532984075,1.901463682474826
PX-6179,5.422967741174567,True,1.0,False,5.6207525532984075,1.901463682474826
PX-6180,5.398138418541423,True,1.0,False,5.6207525532984075,1.901463682474826
PX-6181,4.991379948531522,True,1.0,False,5.6207525532984075,1.901463682474826
PX-6182,4.852360953696371,True,1.0,False,5.6207525532984075,1.901463682474826
PX-6183,4.520221288122876,True,1.0,False,5.6207525532984075,1.901463682474826
PX-6184,4.425092700339032,False,0.0,False,5.6207525532984075,1.901463682474826
PX-6185,4.238753510033288,False,0.0,False,5.6207525532984075,1.901463682474826
PX-6186,4.392614993404061,False,0.0,False,5.6207525532984075,1.901463682474826
PX-6187,4.501423942808328,False,0.0,False,5.6207525532984075,1.901463682474826
PX-6188,8.208685664005188,True,1.0,False,5.6207525532984075,1.901463682474826
PX-6189,3.172817118859582,False,0.0,False,5.6207525532984075,1.901463682474826
PX-6190,3.526515593190032,False,0.0,False,5.6207525532984075,1.901463682474826
PX-6191,3.8420478431717004,False,0.0,False,5.6207525532984075,1.901463682474826
PX-6192,4.177058076811088,True,1.0,False,5.6207525532984075,1.901463682474826
PX-6193,4.474603974713432,True,1.0,False,5.6207525532984075,1.901463682474826
PX-6194,4.904721661068875,True,1.0,False,5.6207525532984075,1.901463682474826
PX-6195,5.08608759995195,True,1.0,False,5.6207525532984075,1.901463682474826
PX-6196,5.167061166835516,True,1.0,False,5.6207525532984075,1.901463682474826
PX-6197,5.102093961117355,True,1.0,False,5.6207525532984075,1.901463682474826
PX-6198,5.012442430534492,True,1.0,False,5.6207525532984075,1.901463682474826
PX-6199,5.04560587463242,True,1.0,False,5.6207525532984075,1.901463682474826
PX-6200,5.212261152944976,True,1.0,False,5.6207525532984075,1.901463682474826
PX-6201,5.466520911856584,True,1.0,False,5.6207525532984075,1.901463682474826
PX-6202,5.446472083316618,True,1.0,False,5.6207525532984075,1.901463682474826
PX-6203,5.331651659356,True,1.0,False,5.6207525532984075,1.901463682474826
PX-6204,5.275669854128568,True,1.0,False,5.6207525532984075,1.901463682474826
PX-6205,5.309100037132509,True,1.0,False,5.6207525532984075,1.901463682474826
PX-6206,5.313007375512365,True,1.0,False,5.6207525532984075,1.901463682474826
PX-6207,3.858828583380115,False,0.0,False,5.6207525532984075,1.901463682474826
PX-6208,3.891901397734891,True,1.0,False,5.6207525532984075,1.901463682474826
PX-6209,3.4323650675939277,False,0.0,False,5.6207525532984075,1.901463682474826
PX-6210,3.034916544522032,False,0.0,False,5.6207525532984075,1.901463682474826
PX-6211,2.797052700190264,False,0.0,False,5.6207525532984075,1.901463682474826
PX-6212,2.3214300190405517,False,0.0,False,5.6207525532984075,1.901463682474826
PX-6213,2.3747942779431312,False,0.0,False,5.6207525532984075,1.901463682474826
PX-6214,2.957536960191618,False,0.0,False,5.6207525532984075,1.901463682474826
PX-6215,3.1152146118995994,False,0.0,False,5.6207525532984075,1.901463682474826
PX-6216,3.037453130070954,False,0.0,False,5.6207525532984075,1.901463682474826
PX-6217,2.7835140321260674,False,0.0,False,5.6207525532984075,1.901463682474826
PX-6218,2.858240179826531,False,0.0,False,5.6207525532984075,1.901463682474826
PX-6219,3.151824461209685,False,0.0,False,5.6207525532984075,1.901463682474826
PX-6220,3.3833760121818024,False,0.0,False,5.6207525532984075,1.901463682474826
PX-6221,3.6025990982926857,True,1.0,False,5.6207525532984075,1.901463682474826
PX-6222,3.681589015882965,True,1.0,False,5.6207525532984075,1.901463682474826
PX-6223,3.575654091331236,False,0.0,False,5.6207525532984075,1.901463682474826
PX-6224,3.546633414615142,False,0.0,False,5.6207525532984075,1.901463682474826
PX-6225,3.5342376148580374,False,0.0,False,5.6207525532984075,1.901463682474826
PX-6226,3.4825217916097415,False,0.0,False,5.6207525532984075,1.901463682474826
PX-6227,3.6672266525470487,False,0.0,False,5.6207525532984075,1.901463682474826
PX-6228,3.37936507607011,False,0.0,False,5.6207525532984075,1.901463682474826
PX-6229,3.1920802239959905,False,0.0,False,5.6207525532984075,1.901463682474826
PX-6230,3.1180148256325424,False,0.0,False,5.6207525532984075,1.901463682474826
PX-6231,3.086850105383263,False,0.0,False,5.6207525532984075,1.901463682474826
PX-6232,3.219807040179365,False,0.0,False,5.6207525532984075,1.901463682474826
PX-6233,3.3130462520383333,False,0.0,False,5.6207525532984075,1.901463682474826
PX-6234,3.367083863849608,False,0.0,False,5.6207525532984075,1.901463682474826
PX-6235,10.795730736852576,True,1.0,False,5.6207525532984075,1.901463682474826
PX-6236,1.9378123316635723,False,0.0,False,5.6207525532984075,1.901463682474826
PX-6237,2.008499344128225,False,0.0,False,5.6207525532984075,1.901463682474826
PX-6238,2.0354894860060746,False,0.0,False,5.6207525532984075,1.901463682474826
PX-6239,1.993297847676029,False,0.0,False,5.6207525532984075,1.901463682474826
PX-6240,2.1623330113380863,False,0.0,False,5.6207525532984075,1.901463682474826
PX-6241,2.2897884280049023,False,0.0,False,5.6207525532984075,1.901463682474826
PX-6242,2.3946889216847005,False,0.0,False,5.6207525532984075,1.901463682474826
PX-6243,2.628372658304917,False,0.0,False,5.6207525532984075,1.901463682474826
PX-6244,2.779838656406884,False,0.0,False,5.6207525532984075,1.901463682474826
PX-6245,2.8194084809172573,False,0.0,False,5.6207525532984075,1.901463682474826
PX-6246,2.9506821229661195,False,0.0,False,5.6207525532984075,1.901463682474826
PX-6247,3.003851025311562,False,0.0,False,5.6207525532984075,1.901463682474826
PX-6248,3.1020169435580947,False,0.0,False,5.6207525532984075,1.901463682474826
PX-6249,3.2472797577596655,False,0.0,False,5.6207525532984075,1.901463682474826
PX-6250,3.4168590840830486,False,0.0,False,5.6207525532984075,1.901463682474826
PX-6251,3.5183413499317666,True,1.0,False,5.6207525532984075,1.901463682474826
PX-6252,3.3044681863884424,False,0.0,False,5.6207525532984075,1.901463682474826
PX-6253,3.170726648290046,False,0.0,False,5.6207525532984075,1.901463682474826
PX-6254,3.0556449689567238,False,0.0,False,5.6207525532984075,1.901463682474826
PX-6255,2.9101874822338196,False,0.0,False,5.6207525532984075,1.901463682474826
PX-6256,3.0954555654491145,False,0.0,False,5.6207525532984075,1.901463682474826
PX-6257,3.0709956981535633,False,0.0,False,5.6207525532984075,1.901463682474826
PX-6258,3.0872124225758224,False,0.0,False,5.6207525532984075,1.901463682474826
PX-6259,2.9804450804760965,False,0.0,False,5.6207525532984075,1.901463682474826
PX-6260,3.0336529107611927,False,0.0,False,5.6207525532984075,1.901463682474826
PX-6261,3.4151261062427345,True,1.0,False,5.6207525532984075,1.901463682474826
PX-6262,3.802880236477783,True,1.0,False,5.6207525532984075,1.901463682474826
PX-6263,4.2042841374860185,True,1.0,False,5.6207525532984075,1.901463682474826
PX-6264,4.623934640949251,True,1.0,False,5.6207525532984075,1.901463682474826
PX-6265,4.704730217986965,True,1.0,False,5.6207525532984075,1.901463682474826
PX-6266,5.0352197632108915,True,1.0,False,5.6207525532984075,1.901463682474826
PX-6267,4.9419735817576225,True,1.0,False,5.6207525532984075,1.901463682474826
PX-6268,4.791126874506849,True,1.0,False,5.6207525532984075,1.901463682474826
PX-6269,4.9142806949404445,True,1.0,False,5.6207525532984075,1.901463682474826
PX-6270,4.89395182899052,True,1.0,False,5.6207525532984075,1.901463682474826
PX-6271,4.970057011616394,True,1.0,False,5.6207525532984075,1.901463682474826
PX-6272,4.9054490453206245,True,1.0,False,5.6207525532984075,1.901463682474826
PX-6273,4.854065669434972,True,1.0,False,5.6207525532984075,1.901463682474826
PX-6274,4.735961006108601,True,1.0,False,5.6207525532984075,1.901463682474826
PX-6275,4.712295455423289,True,1.0,False,5.6207525532984075,1.901463682474826
PX-6276,4.920388332027832,True,1.0,False,5.6207525532984075,1.901463682474826
PX-6277,5.235321342120372,True,1.0,False,5.6207525532984075,1.901463682474826
PX-6278,5.170996034106826,True,1.0,False,5.6207525532984075,1.901463682474826
PX-6279,5.203162604505897,True,1.0,False,5.6207525532984075,1.901463682474826
PX-6280,4.988523969302406,True,1.0,False,5.6207525532984075,1.901463682474826
PX-6281,4.804007588614796,True,1.0,False,5.6207525532984075,1.901463682474826
PX-6282,4.718630593103983,True,1.0,False,5.6207525532984075,1.901463682474826
PX-6283,4.855504491946842,True,1.0,False,5.6207525532984075,1.901463682474826
PX-6284,3.8247555028450595,False,0.0,False,5.6207525532984075,1.901463682474826
PX-6285,3.5165503771931395,False,0.0,False,5.6207525532984075,1.901463682474826
PX-6286,2.8776583234086246,False,0.0,False,5.6207525532984075,1.901463682474826
PX-6287,2.8046339281285686,False,0.0,False,5.6207525532984075,1.901463682474826
PX-6288,2.842467507862727,False,0.0,False,5.6207525532984075,1.901463682474826
PX-6289,2.980245513964416,False,0.0,False,5.6207525532984075,1.901463682474826
PX-6290,2.9765336079619598,False,0.0,False,5.6207525532984075,1.901463682474826
PX-6291,2.9089510904570783,False,0.0,False,5.6207525532984075,1.901463682474826
PX-6292,2.8141797749203583,False,0.0,False,5.6207525532984075,1.901463682474826
PX-6293,2.998928141026518,False,0.0,False,5.6207525532984075,1.901463682474826
PX-6294,3.258342096668459,False,0.0,False,5.6207525532984075,1.901463682474826
PX-6295,3.414397073852385,False,0.0,False,5.6207525532984075,1.901463682474826
PX-6296,3.626949751583041,True,1.0,False,5.6207525532984075,1.901463682474826
PX-6297,3.8883490042316975,True,1.0,False,5.6207525532984075,1.901463682474826
PX-6298,3.9315162959159764,True,1.0,False,5.6207525532984075,1.901463682474826
PX-6299,3.8770232966474794,False,0.0,False,5.6207525532984075,1.901463682474826
PX-6300,3.8353016629880265,False,0.0,False,5.6207525532984075,1.901463682474826
PX-6301,3.8397415377812045,False,0.0,False,5.6207525532984075,1.901463682474826
PX-6302,3.8790812731626207,False,0.0,False,5.6207525532984075,1.901463682474826
PX-6303,4.056683020231569,False,0.0,False,5.6207525532984075,1.901463682474826
PX-6304,4.087265819033664,False,0.0,False,5.6207525532984075,1.901463682474826
PX-6305,3.977240575076424,False,0.0,False,5.6207525532984075,1.901463682474826
PX-6306,3.799960521978649,False,0.0,False,5.6207525532984075,1.901463682474826
PX-6307,3.802987012956889,False,0.0,False,5.6207525532984075,1.901463682474826
PX-6308,4.118248896958756,True,1.0,False,5.6207525532984075,1.901463682474826
PX-6309,4.522977219763577,True,1.0,False,5.6207525532984075,1.901463682474826
PX-6310,4.881820930172664,True,1.0,False,5.6207525532984075,1.901463682474826
PX-6311,5.03823475350079,True,1.0,False,5.6207525532984075,1.901463682474826
PX-6312,5.056351125528323,True,1.0,False,5.6207525532984075,1.901463682474826
PX-6313,5.137198185811764,True,1.0,False,5.6207525532984075,1.901463682474826
PX-6314,5.193107026995074,True,1.0,False,5.6207525532984075,1.901463682474826
PX-6315,5.054782379673972,True,1.0,False,5.6207525532984075,1.901463682474826
PX-6316,4.9773078155999,True,1.0,False,5.6207525532984075,1.901463682474826
PX-6317,4.7410808854384605,True,1.0,False,5.6207525532984075,1.901463682474826
PX-6318,4.597863021328456,True,1.0,False,5.6207525532984075,1.901463682474826
PX-6319,4.307908655974842,True,1.0,False,5.6207525532984075,1.901463682474826
PX-6320,4.1364995023542495,True,1.0,False,5.6207525532984075,1.901463682474826
PX-6321,4.006265642478805,True,1.0,False,5.6207525532984075,1.901463682474826
PX-6322,4.094862925693876,True,1.0,False,5.6207525532984075,1.901463682474826
PX-6323,4.063594860752087,True,1.0,False,5.6207525532984075,1.901463682474826
PX-6324,4.28233565977388,True,1.0,False,5.6207525532984075,1.901463682474826
PX-6325,4.581545580438313,True,1.0,False,5.6207525532984075,1.901463682474826
PX-6326,4.968298208439098,True,1.0,False,5.6207525532984075,1.901463682474826
PX-6327,5.162401657356526,True,1.0,False,5.6207525532984075,1.901463682474826
PX-6328,5.313121330287467,True,1.0,False,5.6207525532984075,1.901463682474826
PX-6329,5.575178479551138,True,1.0,False,5.6207525532984075,1.901463682474826
PX-6330,6.092746433578757,True,1.0,False,5.6207525532984075,1.901463682474826
PX-6331,5.174959108395823,True,1.0,False,5.6207525532984075,1.901463682474826
PX-6332,4.383364968472797,True,1.0,False,5.6207525532984075,1.901463682474826
PX-6333,4.290879926875538,True,1.0,False,5.6207525532984075,1.901463682474826
PX-6334,4.07674875867338,True,1.0,False,5.6207525532984075,1.901463682474826
PX-6335,3.805753768223248,False,0.0,False,5.6207525532984075,1.901463682474826
PX-6336,3.583892766280165,False,0.0,False,5.6207525532984075,1.901463682474826
PX-6337,3.4975976268497124,False,0.0,False,5.6207525532984075,1.901463682474826
PX-6338,3.4846517656485183,False,0.0,False,5.6207525532984075,1.901463682474826
PX-6339,3.653819039825139,False,0.0,False,5.6207525532984075,1.901463682474826
PX-6340,4.070583868724015,True,1.0,False,5.6207525532984075,1.901463682474826
PX-6341,4.035310165030602,True,1.0,False,5.6207525532984075,1.901463682474826
PX-6342,3.9423051033064134,True,1.0,False,5.6207525532984075,1.901463682474826
PX-6343,3.7059917977257673,True,1.0,False,5.6207525532984075,1.901463682474826
PX-6344,3.816338685291914,True,1.0,False,5.6207525532984075,1.901463682474826
PX-6345,3.747760450329512,True,1.0,False,5.6207525532984075,1.901463682474826
PX-6346,3.6298286645144913,False,0.0,False,5.6207525532984075,1.901463682474826
PX-6347,3.597615194298937,False,0.0,False,5.6207525532984075,1.901463682474826
PX-6348,3.552199467884341,False,0.0,False,5.6207525532984075,1.901463682474826
PX-6349,3.3313244341646655,False,0.0,False,5.6207525532984075,1.901463682474826
PX-6350,3.2569424623864354,False,0.0,False,5.6207525532984075,1.901463682474826
PX-6351,3.170637858938978,False,0.0,False,5.6207525532984075,1.901463682474826
PX-6352,3.4373098789458876,False,0.0,False,5.6207525532984075,1.901463682474826
PX-6353,3.411707877951846,True,1.0,False,5.6207525532984075,1.901463682474826
PX-6354,3.7553229281085905,True,1.0,False,5.6207525532984075,1.901463682474826
PX-6355,4.070648826236214,True,1.0,False,5.6207525532984075,1.901463682474826
PX-6356,4.203308845654336,True,1.0,False,5.6207525532984075,1.901463682474826
PX-6357,4.322908728339236,True,1.0,False,5.6207525532984075,1.901463682474826
PX-6358,4.365409387286537,True,1.0,False,5.6207525532984075,1.901463682474826
PX-6359,4.449117237546773,True,1.0,False,5.6207525532984075,1.901463682474826
PX-6360,4.940240740942395,True,1.0,False,5.6207525532984075,1.901463682474826
PX-6361,5.164238666114507,True,1.0,False,5.6207525532984075,1.901463682474826
PX-6362,5.542183896372116,True,1.0,False,5.6207525532984075,1.901463682474826
PX-6363,5.725744042460676,True,1.0,False,5.6207525532984075,1.901463682474826
PX-6364,6.169000210408017,True,1.0,False,5.6207525532984075,1.901463682474826
PX-6365,6.375734277495706,True,1.0,False,5.6207525532984075,1.901463682474826
PX-6366,6.92691526520812,True,1.0,False,5.6207525532984075,1.901463682474826
PX-6367,7.769692342430028,True,1.0,False,5.6207525532984075,1.901463682474826
PX-6368,8.205793162295743,True,1.0,False,5.6207525532984075,1.901463682474826
PX-6369,7.933242123962788,True,1.0,False,5.6207525532984075,1.901463682474826
PX-6370,7.979617809144161,True,1.0,False,5.6207525532984075,1.901463682474826
PX-6371,8.380858013333642,True,1.0,False,5.6207525532984075,1.901463682474826
PX-6372,8.111543540668125,True,1.0,False,5.6207525532984075,1.901463682474826
PX-6373,7.855687730561524,True,1.0,False,5.6207525532984075,1.901463682474826
PX-6374,8.918798236701317,True,1.0,False,5.6207525532984075,1.901463682474826
PX-6375,8.54225549923764,True,1.0,False,5.6207525532984075,1.901463682474826
PX-6376,4.900708512504346,True,1.0,False,5.6207525532984075,1.901463682474826
PX-6377,4.043063134098963,True,1.0,False,5.6207525532984075,1.901463682474826
PX-6378,4.029082353577321,True,1.0,False,5.6207525532984075,1.901463682474826
PX-6379,3.9855908455452553,True,1.0,False,5.6207525532984075,1.901463682474826
PX-6380,3.5730411011600154,True,1.0,False,5.6207525532984075,1.901463682474826
PX-6381,3.7345605420309997,True,1.0,False,5.6207525532984075,1.901463682474826
PX-6382,3.8338278992308723,True,1.0,False,5.6207525532984075,1.901463682474826
PX-6383,3.4711548335297273,True,1.0,False,5.6207525532984075,1.901463682474826
PX-6384,2.8894710106969725,False,0.0,False,5.6207525532984075,1.901463682474826
PX-6385,2.8607585553594355,False,0.0,False,5.6207525532984075,1.901463682474826
PX-6386,2.4979767458753948,False,0.0,False,5.6207525532984075,1.901463682474826
PX-6387,2.538860286142608,False,0.0,False,5.6207525532984075,1.901463682474826
PX-6388,2.4609964611575563,False,0.0,False,5.6207525532984075,1.901463682474826
PX-6389,2.170160223780872,False,0.0,False,5.6207525532984075,1.901463682474826
PX-6390,1.859175366437018,False,0.0,False,5.6207525532984075,1.901463682474826
PX-6391,1.6714358063818153,False,0.0,False,5.6207525532984075,1.901463682474826
PX-6392,1.7550920005489488,False,0.0,False,5.6207525532984075,1.901463682474826
PX-6393,2.1745391151478515,False,0.0,False,5.6207525532984075,1.901463682474826
PX-6394,2.8304666736119284,False,0.0,False,5.6207525532984075,1.901463682474826
PX-6395,3.582279751209782,False,0.0,False,5.6207525532984075,1.901463682474826
PX-6396,3.9828901200023044,True,1.0,False,5.6207525532984075,1.901463682474826
PX-6397,4.607234962491486,True,1.0,False,5.6207525532984075,1.901463682474826
PX-6398,5.2343006339467095,True,1.0,False,5.6207525532984075,1.901463682474826
PX-6399,5.52191252268139,True,1.0,False,5.6207525532984075,1.901463682474826
PX-6400,5.774869762815664,True,1.0,False,5.6207525532984075,1.901463682474826
PX-6401,5.943835737459056,True,1.0,False,5.6207525532984075,1.901463682474826
PX-6402,5.807137118773891,True,1.0,False,5.6207525532984075,1.901463682474826
PX-6403,5.233246609426269,True,1.0,False,5.6207525532984075,1.901463682474826
PX-6404,4.913705513983729,True,1.0,False,5.6207525532984075,1.901463682474826
PX-6405,4.636857245772047,True,1.0,False,5.6207525532984075,1.901463682474826
PX-6406,4.328385283860541,True,1.0,False,5.6207525532984075,1.901463682474826
PX-6407,3.9700381353823726,False,0.0,False,5.6207525532984075,1.901463682474826
PX-6408,4.009958908691475,False,0.0,False,5.6207525532984075,1.901463682474826
PX-6409,4.179959292154621,True,1.0,False,5.6207525532984075,1.901463682474826
PX-6410,4.170224931634243,True,1.0,False,5.6207525532984075,1.901463682474826
PX-6411,4.2906087293665305,True,1.0,False,5.6207525532984075,1.901463682474826
PX-6412,4.628179095283992,True,1.0,False,5.6207525532984075,1.901463682474826
PX-6413,5.034902644789412,True,1.0,False,5.6207525532984075,1.901463682474826
PX-6414,6.851830409579698,True,1.0,False,5.6207525532984075,1.901463682474826
PX-6415,7.319507496979401,True,1.0,False,5.6207525532984075,1.901463682474826
PX-6416,2.650898273469716,False,0.0,False,5.6207525532984075,1.901463682474826
PX-6417,2.881997291970629,False,0.0,False,5.6207525532984075,1.901463682474826
PX-6418,3.409935047457978,False,0.0,False,5.6207525532984075,1.901463682474826
PX-6419,4.329428842871964,True,1.0,False,5.6207525532984075,1.901463682474826
PX-6420,5.1663103411026405,True,1.0,False,5.6207525532984075,1.901463682474826
PX-6421,5.515802649444749,True,1.0,False,5.6207525532984075,1.901463682474826
PX-6422,5.350759556359151,True,1.0,False,5.6207525532984075,1.901463682474826
PX-6423,5.318182652501267,True,1.0,False,5.6207525532984075,1.901463682474826
PX-6424,5.3503315138476815,True,1.0,False,5.6207525532984075,1.901463682474826
PX-6425,5.0882665714121575,True,1.0,False,5.6207525532984075,1.901463682474826
PX-6426,4.771000185874048,True,1.0,False,5.6207525532984075,1.901463682474826
PX-6427,3.999130853766312,False,0.0,False,5.6207525532984075,1.901463682474826
PX-6428,2.990519548185132,False,0.0,False,5.6207525532984075,1.901463682474826
PX-6429,2.0664629921585806,False,0.0,False,5.6207525532984075,1.901463682474826
PX-6430,1.3882875079146828,False,0.0,False,5.6207525532984075,1.901463682474826
PX-6431,1.236494672156148,False,0.0,False,5.6207525532984075,1.901463682474826
PX-6432,1.2577710253944652,False,0.0,False,5.6207525532984075,1.901463682474826
PX-6433,1.5502217786242944,False,0.0,False,5.6207525532984075,1.901463682474826
PX-6434,1.7926251212793112,False,0.0,False,5.6207525532984075,1.901463682474826
PX-6435,1.981883370634531,False,0.0,False,5.6207525532984075,1.901463682474826
PX-6436,2.21974651753251,False,0.0,False,5.6207525532984075,1.901463682474826
PX-6437,2.402994224692442,False,0.0,False,5.6207525532984075,1.901463682474826
PX-6438,2.528449317697987,False,0.0,False,5.6207525532984075,1.901463682474826
PX-6439,2.9509040988854167,False,0.0,False,5.6207525532984075,1.901463682474826
PX-6440,3.3280899636376056,False,0.0,False,5.6207525532984075,1.901463682474826
PX-6441,3.7414025850751393,False,0.0,False,5.6207525532984075,1.901463682474826
PX-6442,3.8693419701872322,False,0.0,False,5.6207525532984075,1.901463682474826
PX-6443,4.058927207163913,True,1.0,False,5.6207525532984075,1.901463682474826
PX-6444,4.317930778761438,True,1.0,False,5.6207525532984075,1.901463682474826
PX-6445,4.616840803542251,True,1.0,False,5.6207525532984075,1.901463682474826
PX-6446,4.909638867427532,True,1.0,False,5.6207525532984075,1.901463682474826
PX-6447,5.206138395106512,True,1.0,False,5.6207525532984075,1.901463682474826
PX-6448,5.319183564370512,True,1.0,False,5.6207525532984075,1.901463682474826
PX-6449,5.422987119879657,True,1.0,False,5.6207525532984075,1.901463682474826
PX-6450,5.433853037936476,True,1.0,False,5.6207525532984075,1.901463682474826
PX-6451,5.52440586299951,True,1.0,False,5.6207525532984075,1.901463682474826
PX-6452,5.648268477569939,True,1.0,False,5.6207525532984075,1.901463682474826
PX-6453,8.266144155078065,True,1.0,False,5.6207525532984075,1.901463682474826
PX-6454,2.7709339518819753,False,0.0,False,5.6207525532984075,1.901463682474826
PX-6455,2.211859143165089,False,0.0,False,5.6207525532984075,1.901463682474826
PX-6456,2.1137830795063373,False,0.0,False,5.6207525532984075,1.901463682474826
PX-6457,2.070725130448487,False,0.0,False,5.6207525532984075,1.901463682474826
PX-6458,2.4100872784313694,False,0.0,False,5.6207525532984075,1.901463682474826
PX-6459,2.7729773344736994,False,0.0,False,5.6207525532984075,1.901463682474826
PX-6460,3.062418605835582,False,0.0,False,5.6207525532984075,1.901463682474826
PX-6461,3.391791004008054,False,0.0,False,5.6207525532984075,1.901463682474826
PX-6462,3.6340362878739896,False,0.0,False,5.6207525532984075,1.901463682474826
PX-6463,3.9160106823605503,False,0.0,False,5.6207525532984075,1.901463682474826
PX-6464,4.270416621395794,True,1.0,False,5.6207525532984075,1.901463682474826
PX-6465,4.455741706397237,True,1.0,False,5.6207525532984075,1.901463682474826
PX-6466,4.640167275368471,True,1.0,False,5.6207525532984075,1.901463682474826
PX-6467,4.776650245263193,True,1.0,False,5.6207525532984075,1.901463682474826
PX-6468,4.682481926193729,True,1.0,False,5.6207525532984075,1.901463682474826
PX-6469,4.3459644132729025,True,1.0,False,5.6207525532984075,1.901463682474826
PX-6470,4.1198254315224805,False,0.0,False,5.6207525532984075,1.901463682474826
PX-6471,4.251766146281872,True,1.0,False,5.6207525532984075,1.901463682474826
PX-6472,4.462955495663568,True,1.0,False,5.6207525532984075,1.901463682474826
PX-6473,4.89195242700591,True,1.0,False,5.6207525532984075,1.901463682474826
PX-6474,5.342770526469032,True,1.0,False,5.6207525532984075,1.901463682474826
PX-6475,5.71301659593597,True,1.0,False,5.6207525532984075,1.901463682474826
PX-6476,5.950163976457491,True,1.0,False,5.6207525532984075,1.901463682474826
PX-6477,6.206989205805247,True,1.0,False,5.6207525532984075,1.901463682474826
PX-6478,6.11957237966339,True,1.0,False,5.6207525532984075,1.901463682474826
PX-6479,6.395486234036575,True,1.0,False,5.6207525532984075,1.901463682474826
PX-6480,3.8619912425903795,True,1.0,False,5.6207525532984075,1.901463682474826
PX-6481,3.812433794492213,True,1.0,False,5.6207525532984075,1.901463682474826
PX-6482,3.9959097396479635,True,1.0,False,5.6207525532984075,1.901463682474826
PX-6483,4.14930713715543,True,1.0,False,5.6207525532984075,1.901463682474826
PX-6484,3.9358995516541455,True,1.0,False,5.6207525532984075,1.901463682474826
PX-6485,3.5587865175925266,False,0.0,False,5.6207525532984075,1.901463682474826
PX-6486,3.1490731618981727,False,0.0,False,5.6207525532984075,1.901463682474826
PX-6487,2.842602365593578,False,0.0,False,5.6207525532984075,1.901463682474826
PX-6488,2.8561681430446875,False,0.0,False,5.6207525532984075,1.901463682474826
PX-6489,3.248636890620075,False,0.0,False,5.6207525532984075,1.901463682474826
PX-6490,3.5194040988423847,True,1.0,False,5.6207525532984075,1.901463682474826
PX-6491,3.448151976604361,True,1.0,False,5.6207525532984075,1.901463682474826
PX-6492,3.649909613212202,True,1.0,False,5.6207525532984075,1.901463682474826
PX-6493,6.7561201877296675,True,1.0,False,5.6207525532984075,1.901463682474826
PX-6494,1.1965215955864466,False,0.0,False,5.6207525532984075,1.901463682474826
PX-6495,1.1142816908832742,False,0.0,False,5.6207525532984075,1.901463682474826
PX-6496,1.7098251854839432,False,0.0,False,5.6207525532984075,1.901463682474826
PX-6497,2.2426455720928207,False,0.0,False,5.6207525532984075,1.901463682474826
PX-6498,2.712859141838221,False,0.0,False,5.6207525532984075,1.901463682474826
PX-6499,3.087714906186955,False,0.0,False,5.6207525532984075,1.901463682474826
PX-6500,3.2926773154080227,False,0.0,False,5.6207525532984075,1.901463682474826
PX-6501,3.421881751158528,False,0.0,False,5.6207525532984075,1.901463682474826
PX-6502,3.7426940006540104,True,1.0,False,5.6207525532984075,1.901463682474826
PX-6503,3.65992509381155,True,1.0,False,5.6207525532984075,1.901463682474826
PX-6504,3.420218435502374,True,1.0,False,5.6207525532984075,1.901463682474826
PX-6505,3.2411380461888264,False,0.0,False,5.6207525532984075,1.901463682474826
PX-6506,3.0014016385639337,False,0.0,False,5.6207525532984075,1.901463682474826
PX-6507,2.703043376566786,False,0.0,False,5.6207525532984075,1.901463682474826
PX-6508,2.4076269830621015,False,0.0,False,5.6207525532984075,1.901463682474826
PX-6509,2.3197470567055483,False,0.0,False,5.6207525532984075,1.901463682474826
PX-6510,2.3612313125032216,False,0.0,False,5.6207525532984075,1.901463682474826
PX-6511,2.3944797009422807,False,0.0,False,5.6207525532984075,1.901463682474826
PX-6512,2.492590657100937,False,0.0,False,5.6207525532984075,1.901463682474826
PX-6513,2.5762727402180623,False,0.0,False,5.6207525532984075,1.901463682474826
PX-6514,2.6989411007802104,False,0.0,False,5.6207525532984075,1.901463682474826
PX-6515,2.7732872730566633,False,0.0,False,5.6207525532984075,1.901463682474826
PX-6516,2.833256858370662,False,0.0,False,5.6207525532984075,1.901463682474826
PX-6517,2.9477754090646826,False,0.0,False,5.6207525532984075,1.901463682474826
PX-6518,3.1580333596882237,False,0.0,False,5.6207525532984075,1.901463682474826
PX-6519,3.1800745302070155,False,0.0,False,5.6207525532984075,1.901463682474826
PX-6520,3.1477418208100136,False,0.0,False,5.6207525532984075,1.901463682474826
PX-6521,3.1015502678972044,False,0.0,False,5.6207525532984075,1.901463682474826
PX-6522,3.0937027078716497,False,0.0,False,5.6207525532984075,1.901463682474826
PX-6523,3.1085604199191064,False,0.0,False,5.6207525532984075,1.901463682474826
PX-6524,3.002495947596838,False,0.0,False,5.6207525532984075,1.901463682474826
PX-6525,3.090412551989978,False,0.0,False,5.6207525532984075,1.901463682474826
PX-6526,3.1459073719406536,False,0.0,False,5.6207525532984075,1.901463682474826
PX-6527,3.1023460902234152,False,0.0,False,5.6207525532984075,1.901463682474826
PX-6528,3.5111631577888858,True,1.0,False,5.6207525532984075,1.901463682474826
PX-6529,3.7657654552216595,True,1.0,False,5.6207525532984075,1.901463682474826
PX-6530,4.386170795289599,True,1.0,False,5.6207525532984075,1.901463682474826
PX-6531,9.147156893384592,True,1.0,False,5.6207525532984075,1.901463682474826
PX-6532,2.0300664081160633,False,0.0,False,5.6207525532984075,1.901463682474826
PX-6533,2.517921877146504,False,0.0,False,5.6207525532984075,1.901463682474826
PX-6534,3.006153819786812,True,1.0,False,5.6207525532984075,1.901463682474826
PX-6535,3.3997557292682643,True,1.0,False,5.6207525532984075,1.901463682474826
PX-6536,3.766487979557244,True,1.0,False,5.6207525532984075,1.901463682474826
PX-6537,4.196044180590528,True,1.0,False,5.6207525532984075,1.901463682474826
PX-6538,4.66874692328358,True,1.0,False,5.6207525532984075,1.901463682474826
PX-6539,5.003455433197596,True,1.0,False,5.6207525532984075,1.901463682474826
PX-6540,5.111512286811696,True,1.0,False,5.6207525532984075,1.901463682474826
PX-6541,5.280171896512014,True,1.0,False,5.6207525532984075,1.901463682474826
PX-6542,5.227100806607892,True,1.0,False,5.6207525532984075,1.901463682474826
PX-6543,4.786355857842663,True,1.0,False,5.6207525532984075,1.901463682474826
PX-6544,4.597021777894147,True,1.0,False,5.6207525532984075,1.901463682474826
PX-6545,4.523419143093241,True,1.0,False,5.6207525532984075,1.901463682474826
PX-6546,4.417206821826804,True,1.0,False,5.6207525532984075,1.901463682474826
PX-6547,4.410873668069078,True,1.0,False,5.6207525532984075,1.901463682474826
PX-6548,4.271007095449345,True,1.0,False,5.6207525532984075,1.901463682474826
PX-6549,4.251514240025285,True,1.0,False,5.6207525532984075,1.901463682474826
PX-6550,4.26712316965436,True,1.0,False,5.6207525532984075,1.901463682474826
PX-6551,4.401966613764442,True,1.0,False,5.6207525532984075,1.901463682474826
PX-6552,4.570775189009144,True,1.0,False,5.6207525532984075,1.901463682474826
PX-6553,4.577077503260792,True,1.0,False,5.6207525532984075,1.901463682474826
PX-6554,4.622738979743346,True,1.0,False,5.6207525532984075,1.901463682474826
PX-6555,4.565362669065406,True,1.0,False,5.6207525532984075,1.901463682474826
PX-6556,4.37774059150092,True,1.0,False,5.6207525532984075,1.901463682474826
PX-6557,4.336030259468224,True,1.0,False,5.6207525532984075,1.901463682474826
PX-6558,4.309690586785274,True,1.0,False,5.6207525532984075,1.901463682474826
PX-6559,4.013708508174604,True,1.0,False,5.6207525532984075,1.901463682474826
PX-6560,3.5652002751233773,False,0.0,False,5.6207525532984075,1.901463682474826
PX-6561,3.5283994721168472,False,0.0,False,5.6207525532984075,1.901463682474826
PX-6562,3.637476190023863,True,1.0,False,5.6207525532984075,1.901463682474826
PX-6563,3.729194958493691,True,1.0,False,5.6207525532984075,1.901463682474826
PX-6564,4.129542843143655,True,1.0,False,5.6207525532984075,1.901463682474826
PX-6565,3.947444428954393,True,1.0,False,5.6207525532984075,1.901463682474826
PX-6566,4.0504833818018415,True,1.0,False,5.6207525532984075,1.901463682474826
PX-6567,2.9224046515882076,False,0.0,False,5.6207525532984075,1.901463682474826
PX-6568,3.2082799768838424,False,0.0,False,5.6207525532984075,1.901463682474826
PX-6569,3.4836119628551874,True,1.0,False,5.6207525532984075,1.901463682474826
PX-6570,3.6657935173689804,True,1.0,False,5.6207525532984075,1.901463682474826
PX-6571,3.862457571727628,True,1.0,False,5.6207525532984075,1.901463682474826
PX-6572,4.167322392497471,True,1.0,False,5.6207525532984075,1.901463682474826
PX-6573,4.272617764271583,True,1.0,False,5.6207525532984075,1.901463682474826
PX-6574,4.430648251611631,True,1.0,False,5.6207525532984075,1.901463682474826
PX-6575,4.608034951546106,True,1.0,False,5.6207525532984075,1.901463682474826
PX-6576,4.769033781258701,True,1.0,False,5.6207525532984075,1.901463682474826
PX-6577,4.8752045114806215,True,1.0,False,5.6207525532984075,1.901463682474826
PX-6578,4.911486955517617,True,1.0,False,5.6207525532984075,1.901463682474826
PX-6579,4.894414386093182,True,1.0,False,5.6207525532984075,1.901463682474826
PX-6580,4.786550749817295,True,1.0,False,5.6207525532984075,1.901463682474826
PX-6581,4.825614344396021,True,1.0,False,5.6207525532984075,1.901463682474826
PX-6582,4.751743645454905,True,1.0,False,5.6207525532984075,1.901463682474826
PX-6583,4.772588619485191,True,1.0,False,5.6207525532984075,1.901463682474826
PX-6584,4.838825491177133,True,1.0,False,5.6207525532984075,1.901463682474826
PX-6585,4.734006979166676,True,1.0,False,5.6207525532984075,1.901463682474826
PX-6586,4.455648014907757,True,1.0,False,5.6207525532984075,1.901463682474826
PX-6587,4.339863505320878,True,1.0,False,5.6207525532984075,1.901463682474826
PX-6588,4.367196723829094,True,1.0,False,5.6207525532984075,1.901463682474826
PX-6589,4.619450379920449,True,1.0,False,5.6207525532984075,1.901463682474826
PX-6590,4.438280811786493,True,1.0,False,5.6207525532984075,1.901463682474826
PX-6591,4.19077243887188,True,1.0,False,5.6207525532984075,1.901463682474826
PX-6592,4.074609125113424,True,1.0,False,5.6207525532984075,1.901463682474826
PX-6593,3.8026355642081846,False,0.0,False,5.6207525532984075,1.901463682474826
PX-6594,3.6371416165613457,False,0.0,False,5.6207525532984075,1.901463682474826
PX-6595,3.847777010056186,True,1.0,False,5.6207525532984075,1.901463682474826
PX-6596,4.092612051423869,True,1.0,False,5.6207525532984075,1.901463682474826
PX-6597,4.292132914617927,True,1.0,False,5.6207525532984075,1.901463682474826
PX-6598,4.374354703281339,True,1.0,False,5.6207525532984075,1.901463682474826
PX-6599,4.346941572241313,True,1.0,False,5.6207525532984075,1.901463682474826
PX-6600,5.044524587361661,True,1.0,False,5.6207525532984075,1.901463682474826
PX-6601,4.2573028947056795,True,1.0,False,5.6207525532984075,1.901463682474826
PX-6602,4.578192503634487,True,1.0,False,5.6207525532984075,1.901463682474826
PX-6603,4.934843263856008,True,1.0,False,5.6207525532984075,1.901463682474826
PX-6604,5.212391441535095,True,1.0,False,5.6207525532984075,1.901463682474826
PX-6605,5.251564335499788,True,1.0,False,5.6207525532984075,1.901463682474826
PX-6606,5.2415863246098535,True,1.0,False,5.6207525532984075,1.901463682474826
PX-6607,5.524849824169017,True,1.0,False,5.6207525532984075,1.901463682474826
PX-6608,5.486052566503123,True,1.0,False,5.6207525532984075,1.901463682474826
PX-6609,5.253549842735108,True,1.0,False,5.6207525532984075,1.901463682474826
PX-6610,5.097221769903367,True,1.0,False,5.6207525532984075,1.901463682474826
PX-6611,4.898680764138659,True,1.0,False,5.6207525532984075,1.901463682474826
PX-6612,4.54894146926026,True,1.0,False,5.6207525532984075,1.901463682474826
PX-6613,4.258981659346873,True,1.0,False,5.6207525532984075,1.901463682474826
PX-6614,4.156743145322583,True,1.0,False,5.6207525532984075,1.901463682474826
PX-6615,4.060294288785226,True,1.0,False,5.6207525532984075,1.901463682474826
PX-6616,3.553170420560315,False,0.0,False,5.6207525532984075,1.901463682474826
PX-6617,3.148900694272559,False,0.0,False,5.6207525532984075,1.901463682474826
PX-6618,2.9412136391058574,False,0.0,False,5.6207525532984075,1.901463682474826
PX-6619,3.1677992511123048,False,0.0,False,5.6207525532984075,1.901463682474826
PX-6620,3.3176367916726814,False,0.0,False,5.6207525532984075,1.901463682474826
PX-6621,3.442228711914689,False,0.0,False,5.6207525532984075,1.901463682474826
PX-6622,3.720140991322568,False,0.0,False,5.6207525532984075,1.901463682474826
PX-6623,3.7764090252123665,False,0.0,False,5.6207525532984075,1.901463682474826
PX-6624,3.7821697628356095,False,0.0,False,5.6207525532984075,1.901463682474826
PX-6625,3.9439116654565964,True,1.0,False,5.6207525532984075,1.901463682474826
PX-6626,4.249498232435869,True,1.0,False,5.6207525532984075,1.901463682474826
PX-6627,4.6656420133329135,True,1.0,False,5.6207525532984075,1.901463682474826
PX-6628,4.787853197521498,True,1.0,False,5.6207525532984075,1.901463682474826
PX-6629,5.290050213774677,True,1.0,False,5.6207525532984075,1.901463682474826
PX-6630,5.759618833064618,True,1.0,False,5.6207525532984075,1.901463682474826
PX-6631,5.101210885513973,True,1.0,False,5.6207525532984075,1.901463682474826
PX-6632,3.482329522566591,True,1.0,False,5.6207525532984075,1.901463682474826
PX-6633,3.9785567422508414,True,1.0,False,5.6207525532984075,1.901463682474826
PX-6634,4.178201627911447,True,1.0,False,5.6207525532984075,1.901463682474826
PX-6635,4.689780309887954,True,1.0,False,5.6207525532984075,1.901463682474826
PX-6636,4.887622919535604,True,1.0,False,5.6207525532984075,1.901463682474826
PX-6637,5.178660812781207,True,1.0,False,5.6207525532984075,1.901463682474826
PX-6638,5.661087336157355,True,1.0,False,5.6207525532984075,1.901463682474826
PX-6639,6.226314642851657,True,1.0,False,5.6207525532984075,1.901463682474826
PX-6640,6.442161127789907,True,1.0,False,5.6207525532984075,1.901463682474826
PX-6641,6.857775565126705,True,1.0,False,5.6207525532984075,1.901463682474826
PX-6642,7.576679042864328,True,1.0,False,5.6207525532984075,1.901463682474826
PX-6643,7.764473726572437,True,1.0,False,5.6207525532984075,1.901463682474826
PX-6644,7.350039902209513,True,1.0,False,5.6207525532984075,1.901463682474826
PX-6645,7.160681700536427,True,1.0,False,5.6207525532984075,1.901463682474826
PX-6646,7.384736310104573,True,1.0,False,5.6207525532984075,1.901463682474826
PX-6647,6.946946118120051,True,1.0,False,5.6207525532984075,1.901463682474826
PX-6648,6.452012169473113,True,1.0,False,5.6207525532984075,1.901463682474826
PX-6649,6.423352530023477,True,1.0,False,5.6207525532984075,1.901463682474826
PX-6650,6.686894254194485,True,1.0,False,5.6207525532984075,1.901463682474826
PX-6651,5.870607511677161,True,1.0,False,5.6207525532984075,1.901463682474826
PX-6652,5.264417779634613,True,1.0,False,5.6207525532984075,1.901463682474826
PX-6653,5.031204368884197,True,1.0,False,5.6207525532984075,1.901463682474826
PX-6654,4.944328199585474,True,1.0,False,5.6207525532984075,1.901463682474826
PX-6655,4.450683988370489,True,1.0,False,5.6207525532984075,1.901463682474826
PX-6656,4.672454386594357,True,1.0,False,5.6207525532984075,1.901463682474826
PX-6657,5.365262844434174,True,1.0,False,5.6207525532984075,1.901463682474826
PX-6658,5.7062796621152625,True,1.0,False,5.6207525532984075,1.901463682474826
PX-6659,4.268266778347503,True,1.0,False,5.6207525532984075,1.901463682474826
PX-6660,2.29422207979038,False,0.0,False,5.6207525532984075,1.901463682474826
PX-6661,2.349787939059677,False,0.0,False,5.6207525532984075,1.901463682474826
PX-6662,2.5306294069854154,False,0.0,False,5.6207525532984075,1.901463682474826
PX-6663,2.6729517088956563,False,0.0,False,5.6207525532984075,1.901463682474826
PX-6664,2.747971196845029,False,0.0,False,5.6207525532984075,1.901463682474826
PX-6665,2.7363506317822157,False,0.0,False,5.6207525532984075,1.901463682474826
PX-6666,2.6155546699210355,False,0.0,False,5.6207525532984075,1.901463682474826
PX-6667,2.5812605366057433,False,0.0,False,5.6207525532984075,1.901463682474826
PX-6668,2.9634334248808454,False,0.0,False,5.6207525532984075,1.901463682474826
PX-6669,3.0858758726882005,False,0.0,False,5.6207525532984075,1.901463682474826
PX-6670,3.4252219065208926,False,0.0,False,5.6207525532984075,1.901463682474826
PX-6671,3.5392348402227345,False,0.0,False,5.6207525532984075,1.901463682474826
PX-6672,3.781981828492233,False,0.0,False,5.6207525532984075,1.901463682474826
PX-6673,4.349467684015513,False,0.0,False,5.6207525532984075,1.901463682474826
PX-6674,4.752641724837453,True,1.0,False,5.6207525532984075,1.901463682474826
PX-6675,5.015015004912991,True,1.0,False,5.6207525532984075,1.901463682474826
PX-6676,5.477895306481578,True,1.0,False,5.6207525532984075,1.901463682474826
PX-6677,5.366468409024753,True,1.0,False,5.6207525532984075,1.901463682474826
PX-6678,5.172231415709684,True,1.0,False,5.6207525532984075,1.901463682474826
PX-6679,5.022190786488178,True,1.0,False,5.6207525532984075,1.901463682474826
PX-6680,5.13688390608694,True,1.0,False,5.6207525532984075,1.901463682474826
PX-6681,5.152967391285877,True,1.0,False,5.6207525532984075,1.901463682474826
PX-6682,5.117868115987237,True,1.0,False,5.6207525532984075,1.901463682474826
PX-6683,5.833242687998492,True,1.0,False,5.6207525532984075,1.901463682474826
PX-6684,7.218806799741293,True,1.0,False,5.6207525532984075,1.901463682474826
PX-6685,6.355653803738665,True,1.0,False,5.6207525532984075,1.901463682474826
PX-6686,3.289621279996309,False,0.0,False,5.6207525532984075,1.901463682474826
PX-6687,3.824613301799003,False,0.0,False,5.6207525532984075,1.901463682474826
PX-6688,4.073242533736799,True,1.0,False,5.6207525532984075,1.901463682474826
PX-6689,4.13739236597665,True,1.0,False,5.6207525532984075,1.901463682474826
PX-6690,4.054034921252887,True,1.0,False,5.6207525532984075,1.901463682474826
PX-6691,4.204816140854419,True,1.0,False,5.6207525532984075,1.901463682474826
PX-6692,4.43248019690051,True,1.0,False,5.6207525532984075,1.901463682474826
PX-6693,4.556668968850861,True,1.0,False,5.6207525532984075,1.901463682474826
PX-6694,4.931270974467687,True,1.0,False,5.6207525532984075,1.901463682474826
PX-6695,5.110142680461408,True,1.0,False,5.6207525532984075,1.901463682474826
PX-6696,4.9181392188030255,True,1.0,False,5.6207525532984075,1.901463682474826
PX-6697,4.543386435385683,True,1.0,False,5.6207525532984075,1.901463682474826
PX-6698,4.343619437936487,False,0.0,False,5.6207525532984075,1.901463682474826
PX-6699,4.381354746705528,True,1.0,False,5.6207525532984075,1.901463682474826
PX-6700,4.4565377776425485,True,1.0,False,5.6207525532984075,1.901463682474826
PX-6701,4.196834846361437,False,0.0,False,5.6207525532984075,1.901463682474826
PX-6702,3.5668780870651826,False,0.0,False,5.6207525532984075,1.901463682474826
PX-6703,2.8507110530536135,False,0.0,False,5.6207525532984075,1.901463682474826
PX-6704,2.4976387861186176,False,0.0,False,5.6207525532984075,1.901463682474826
PX-6705,2.4742786774831558,False,0.0,False,5.6207525532984075,1.901463682474826
PX-6706,2.8347057874068753,False,0.0,False,5.6207525532984075,1.901463682474826
PX-6707,3.8519965683095236,False,0.0,False,5.6207525532984075,1.901463682474826
PX-6708,5.801544632951103,True,1.0,False,5.6207525532984075,1.901463682474826
PX-6709,5.155649066554499,True,1.0,False,5.6207525532984075,1.901463682474826
PX-6710,1.013961426637227,False,0.0,False,5.6207525532984075,1.901463682474826
PX-6711,1.2247945603227457,False,0.0,False,5.6207525532984075,1.901463682474826
PX-6712,1.511610030435964,False,0.0,False,5.6207525532984075,1.901463682474826
PX-6713,1.7023712493467045,False,0.0,False,5.6207525532984075,1.901463682474826
PX-6714,2.050890785261881,False,0.0,False,5.6207525532984075,1.901463682474826
PX-6715,2.6566885230442416,False,0.0,False,5.6207525532984075,1.901463682474826
PX-6716,3.122141185313996,False,0.0,False,5.6207525532984075,1.901463682474826
PX-6717,3.4363545964134783,False,0.0,False,5.6207525532984075,1.901463682474826
PX-6718,3.8639986428195314,False,0.0,False,5.6207525532984075,1.901463682474826
PX-6719,4.136090806520238,False,0.0,False,5.6207525532984075,1.901463682474826
PX-6720,4.359105083666783,False,0.0,False,5.6207525532984075,1.901463682474826
PX-6721,4.459431785995061,True,1.0,False,5.6207525532984075,1.901463682474826
PX-6722,4.5684633938541666,True,1.0,False,5.6207525532984075,1.901463682474826
PX-6723,5.058096223564316,True,1.0,False,5.6207525532984075,1.901463682474826
PX-6724,5.093543108408065,True,1.0,False,5.6207525532984075,1.901463682474826
PX-6725,4.870909134600359,True,1.0,False,5.6207525532984075,1.901463682474826
PX-6726,4.907664235151113,True,1.0,False,5.6207525532984075,1.901463682474826
PX-6727,4.868465993498001,True,1.0,False,5.6207525532984075,1.901463682474826
PX-6728,4.925624495153626,True,1.0,False,5.6207525532984075,1.901463682474826
PX-6729,5.253155563414532,True,1.0,False,5.6207525532984075,1.901463682474826
PX-6730,6.255564383128984,True,1.0,False,5.6207525532984075,1.901463682474826
PX-6731,9.097989982415392,True,1.0,False,5.6207525532984075,1.901463682474826
PX-6732,10.79870219218729,True,1.0,False,5.6207525532984075,1.901463682474826
PX-6733,2.7281397910089265,False,0.0,False,5.6207525532984075,1.901463682474826
PX-6734,2.826241099808133,False,0.0,False,5.6207525532984075,1.901463682474826
PX-6735,2.8278311328207764,False,0.0,False,5.6207525532984075,1.901463682474826
PX-6736,2.9952503598585043,False,0.0,False,5.6207525532984075,1.901463682474826
PX-6737,3.1709980804620788,False,0.0,False,5.6207525532984075,1.901463682474826
PX-6738,3.521216032565098,False,0.0,False,5.6207525532984075,1.901463682474826
PX-6739,3.781649504172254,False,0.0,False,5.6207525532984075,1.901463682474826
PX-6740,3.9563522350234113,False,0.0,False,5.6207525532984075,1.901463682474826
PX-6741,4.289427126788983,False,0.0,False,5.6207525532984075,1.901463682474826
PX-6742,4.427064570012053,False,0.0,False,5.6207525532984075,1.901463682474826
PX-6743,4.596360854812557,True,1.0,False,5.6207525532984075,1.901463682474826
PX-6744,4.454373872190356,True,1.0,False,5.6207525532984075,1.901463682474826
PX-6745,4.411739734414587,True,1.0,False,5.6207525532984075,1.901463682474826
PX-6746,4.9908669212248284,True,1.0,False,5.6207525532984075,1.901463682474826
PX-6747,5.168976139360101,True,1.0,False,5.6207525532984075,1.901463682474826
PX-6748,5.446495627954269,True,1.0,False,5.6207525532984075,1.901463682474826
PX-6749,5.733479148510558,True,1.0,False,5.6207525532984075,1.901463682474826
PX-6750,6.0020997730173455,True,1.0,False,5.6207525532984075,1.901463682474826
PX-6751,6.481044618514842,True,1.0,False,5.6207525532984075,1.901463682474826
PX-6752,7.008685997363054,True,1.0,False,5.6207525532984075,1.901463682474826
PX-6753,8.239998674210728,True,1.0,False,5.6207525532984075,1.901463682474826
PX-6754,12.185666324158783,True,1.0,False,5.6207525532984075,1.901463682474826
PX-6755,5.6495265124202625,True,1.0,False,5.6207525532984075,1.901463682474826
PX-6756,2.497967492573249,False,0.0,False,5.6207525532984075,1.901463682474826
PX-6757,3.211211504291846,False,0.0,False,5.6207525532984075,1.901463682474826
PX-6758,3.8997390751774574,False,0.0,False,5.6207525532984075,1.901463682474826
PX-6759,4.187080775882038,True,1.0,False,5.6207525532984075,1.901463682474826
PX-6760,4.176014916900549,True,1.0,False,5.6207525532984075,1.901463682474826
PX-6761,3.980154706380773,True,1.0,False,5.6207525532984075,1.901463682474826
PX-6762,3.72322185380939,False,0.0,False,5.6207525532984075,1.901463682474826
PX-6763,3.6360765043519674,False,0.0,False,5.6207525532984075,1.901463682474826
PX-6764,3.8983553437641074,True,1.0,False,5.6207525532984075,1.901463682474826
PX-6765,3.62446727544207,False,0.0,False,5.6207525532984075,1.901463682474826
PX-6766,3.1994913087238217,False,0.0,False,5.6207525532984075,1.901463682474826
PX-6767,3.1317896712182183,False,0.0,False,5.6207525532984075,1.901463682474826
PX-6768,3.0323577224149787,False,0.0,False,5.6207525532984075,1.901463682474826
PX-6769,3.171216304422849,False,0.0,False,5.6207525532984075,1.901463682474826
PX-6770,3.3799281640317425,False,0.0,False,5.6207525532984075,1.901463682474826
PX-6771,3.4743392459863465,False,0.0,False,5.6207525532984075,1.901463682474826
PX-6772,3.7595401589818067,True,1.0,False,5.6207525532984075,1.901463682474826
PX-6773,4.079847622823555,True,1.0,False,5.6207525532984075,1.901463682474826
PX-6774,5.5244162599938065,True,1.0,False,5.6207525532984075,1.901463682474826
PX-6775,10.117931405593694,True,1.0,False,5.6207525532984075,1.901463682474826
PX-6776,2.4984077353384357,False,0.0,False,5.6207525532984075,1.901463682474826
PX-6777,2.772056510597473,False,0.0,False,5.6207525532984075,1.901463682474826
PX-6778,2.8151360945650676,False,0.0,False,5.6207525532984075,1.901463682474826
PX-6779,2.8591110140024583,False,0.0,False,5.6207525532984075,1.901463682474826
PX-6780,3.1861985994267528,False,0.0,False,5.6207525532984075,1.901463682474826
PX-6781,3.4563538882910514,False,0.0,False,5.6207525532984075,1.901463682474826
PX-6782,3.5971066226424,True,1.0,False,5.6207525532984075,1.901463682474826
PX-6783,3.60149067379243,True,1.0,False,5.6207525532984075,1.901463682474826
PX-6784,3.4666795120584126,True,1.0,False,5.6207525532984075,1.901463682474826
PX-6785,3.4380777675158,True,1.0,False,5.6207525532984075,1.901463682474826
PX-6786,3.2222909940351663,True,1.0,False,5.6207525532984075,1.901463682474826
PX-6787,3.261465973468056,True,1.0,False,5.6207525532984075,1.901463682474826
PX-6788,3.611697420265237,True,1.0,False,5.6207525532984075,1.901463682474826
PX-6789,3.5070251283858838,True,1.0,False,5.6207525532984075,1.901463682474826
PX-6790,3.4347425306166457,True,1.0,False,5.6207525532984075,1.901463682474826
PX-6791,3.4519909544081315,False,0.0,False,5.6207525532984075,1.901463682474826
PX-6792,3.456866938658223,False,0.0,False,5.6207525532984075,1.901463682474826
PX-6793,3.7106431232982704,False,0.0,False,5.6207525532984075,1.901463682474826
PX-6794,3.95718406445212,False,0.0,False,5.6207525532984075,1.901463682474826
PX-6795,5.537175040528069,True,1.0,False,5.6207525532984075,1.901463682474826
PX-6796,11.506217377190547,True,1.0,False,5.6207525532984075,1.901463682474826
PX-6797,2.0716605401367083,False,0.0,False,5.6207525532984075,1.901463682474826
PX-6798,2.2354423264691903,False,0.0,False,5.6207525532984075,1.901463682474826
PX-6799,2.4291212800672177,False,0.0,False,5.6207525532984075,1.901463682474826
PX-6800,2.6198329328297802,False,0.0,False,5.6207525532984075,1.901463682474826
PX-6801,2.8502794054749554,False,0.0,False,5.6207525532984075,1.901463682474826
PX-6802,2.983407934428177,False,0.0,False,5.6207525532984075,1.901463682474826
PX-6803,3.4100845243058497,False,0.0,False,5.6207525532984075,1.901463682474826
PX-6804,3.846394570365627,True,1.0,False,5.6207525532984075,1.901463682474826
PX-6805,4.089930260152125,True,1.0,False,5.6207525532984075,1.901463682474826
PX-6806,4.363882565112554,True,1.0,False,5.6207525532984075,1.901463682474826
PX-6807,4.4032971924485516,True,1.0,False,5.6207525532984075,1.901463682474826
PX-6808,4.5067676054168295,True,1.0,False,5.6207525532984075,1.901463682474826
PX-6809,4.487806592226811,True,1.0,False,5.6207525532984075,1.901463682474826
PX-6810,4.714394613180126,True,1.0,False,5.6207525532984075,1.901463682474826
PX-6811,5.243878532490529,True,1.0,False,5.6207525532984075,1.901463682474826
PX-6812,5.37616330891241,True,1.0,False,5.6207525532984075,1.901463682474826
PX-6813,5.436480754843766,True,1.0,False,5.6207525532984075,1.901463682474826
PX-6814,5.544416596566242,True,1.0,False,5.6207525532984075,1.901463682474826
PX-6815,5.488762949766993,True,1.0,False,5.6207525532984075,1.901463682474826
PX-6816,5.691037238751594,True,1.0,False,5.6207525532984075,1.901463682474826
PX-6817,5.960552609893142,True,1.0,False,5.6207525532984075,1.901463682474826
PX-6818,7.826987193264115,True,1.0,False,5.6207525532984075,1.901463682474826
PX-6819,17.710995964240425,True,1.0,False,5.6207525532984075,1.901463682474826
PX-6820,3.1261797922999417,False,0.0,False,5.6207525532984075,1.901463682474826
PX-6821,2.9500247616216377,False,0.0,False,5.6207525532984075,1.901463682474826
PX-6822,3.0991507044867266,False,0.0,False,5.6207525532984075,1.901463682474826
PX-6823,3.396030489108073,False,0.0,False,5.6207525532984075,1.901463682474826
PX-6824,3.8362593082686303,True,1.0,False,5.6207525532984075,1.901463682474826
PX-6825,4.077664897384794,True,1.0,False,5.6207525532984075,1.901463682474826
PX-6826,4.6813748699270015,True,1.0,False,5.6207525532984075,1.901463682474826
PX-6827,5.3224167134579154,True,1.0,False,5.6207525532984075,1.901463682474826
PX-6828,5.801131393315805,True,1.0,False,5.6207525532984075,1.901463682474826
PX-6829,6.0712622064883774,True,1.0,False,5.6207525532984075,1.901463682474826
PX-6830,6.302277928672474,True,1.0,False,5.6207525532984075,1.901463682474826
PX-6831,6.245972627851415,True,1.0,False,5.6207525532984075,1.901463682474826
PX-6832,6.160419670069336,True,1.0,False,5.6207525532984075,1.901463682474826
PX-6833,5.909416543679402,True,1.0,False,5.6207525532984075,1.901463682474826
PX-6834,5.689008893817377,True,1.0,False,5.6207525532984075,1.901463682474826
PX-6835,5.280116167580873,True,1.0,False,5.6207525532984075,1.901463682474826
PX-6836,4.9074373682979715,True,1.0,False,5.6207525532984075,1.901463682474826
PX-6837,4.638320440812937,True,1.0,False,5.6207525532984075,1.901463682474826
PX-6838,4.560247897265155,True,1.0,False,5.6207525532984075,1.901463682474826
PX-6839,4.522020147002161,True,1.0,False,5.6207525532984075,1.901463682474826
PX-6840,4.333280559672289,True,1.0,False,5.6207525532984075,1.901463682474826
PX-6841,4.117212363690701,True,1.0,False,5.6207525532984075,1.901463682474826
PX-6842,5.007276431716024,True,1.0,False,5.6207525532984075,1.901463682474826
PX-6843,8.048084696357401,True,1.0,False,5.6207525532984075,1.901463682474826
PX-6844,2.352878161098559,False,0.0,False,5.6207525532984075,1.901463682474826
PX-6845,2.2886338707438085,False,0.0,False,5.6207525532984075,1.901463682474826
PX-6846,2.4750244101503043,False,0.0,False,5.6207525532984075,1.901463682474826
PX-6847,2.776395518148769,False,0.0,False,5.6207525532984075,1.901463682474826
PX-6848,3.0162109930062453,False,0.0,False,5.6207525532984075,1.901463682474826
PX-6849,3.310472230973806,False,0.0,False,5.6207525532984075,1.901463682474826
PX-6850,3.786080132012355,False,0.0,False,5.6207525532984075,1.901463682474826
PX-6851,4.389869067745396,True,1.0,False,5.6207525532984075,1.901463682474826
PX-6852,5.286197101376075,True,1.0,False,5.6207525532984075,1.901463682474826
PX-6853,5.802060413567229,True,1.0,False,5.6207525532984075,1.901463682474826
PX-6854,6.127041376106622,True,1.0,False,5.6207525532984075,1.901463682474826
PX-6855,6.101736145900519,True,1.0,False,5.6207525532984075,1.901463682474826
PX-6856,6.158442303823071,True,1.0,False,5.6207525532984075,1.901463682474826
PX-6857,6.240750220316109,True,1.0,False,5.6207525532984075,1.901463682474826
PX-6858,6.48702008209491,True,1.0,False,5.6207525532984075,1.901463682474826
PX-6859,6.8309177659046405,True,1.0,False,5.6207525532984075,1.901463682474826
PX-6860,6.744566106767898,True,1.0,False,5.6207525532984075,1.901463682474826
PX-6861,6.313307214283402,True,1.0,False,5.6207525532984075,1.901463682474826
PX-6862,6.128929543005199,True,1.0,False,5.6207525532984075,1.901463682474826
PX-6863,5.966789324467264,True,1.0,False,5.6207525532984075,1.901463682474826
PX-6864,6.058796558390117,True,1.0,False,5.6207525532984075,1.901463682474826
PX-6865,5.79998278824819,True,1.0,False,5.6207525532984075,1.901463682474826
PX-6866,6.3512842317826195,True,1.0,False,5.6207525532984075,1.901463682474826
PX-6867,8.845673007725015,True,1.0,False,5.6207525532984075,1.901463682474826
PX-6868,2.880273046933155,False,0.0,False,5.6207525532984075,1.901463682474826
PX-6869,2.7826075949882885,False,0.0,False,5.6207525532984075,1.901463682474826
PX-6870,3.0475996394239893,False,0.0,False,5.6207525532984075,1.901463682474826
PX-6871,3.3740520012330304,False,0.0,False,5.6207525532984075,1.901463682474826
PX-6872,3.696648176535083,False,0.0,False,5.6207525532984075,1.901463682474826
PX-6873,3.877237620790101,True,1.0,False,5.6207525532984075,1.901463682474826
PX-6874,4.3148860995161815,True,1.0,False,5.6207525532984075,1.901463682474826
PX-6875,4.925057883833032,True,1.0,False,5.6207525532984075,1.901463682474826
PX-6876,5.501643720847511,True,1.0,False,5.6207525532984075,1.901463682474826
PX-6877,5.904115333537538,True,1.0,False,5.6207525532984075,1.901463682474826
PX-6878,6.1449545178478004,True,1.0,False,5.6207525532984075,1.901463682474826
PX-6879,6.249069387657114,True,1.0,False,5.6207525532984075,1.901463682474826
PX-6880,6.225946239192718,True,1.0,False,5.6207525532984075,1.901463682474826
PX-6881,6.234286907497559,True,1.0,False,5.6207525532984075,1.901463682474826
PX-6882,6.51780198950067,True,1.0,False,5.6207525532984075,1.901463682474826
PX-6883,6.744576889589217,True,1.0,False,5.6207525532984075,1.901463682474826
PX-6884,6.5938861752830515,True,1.0,False,5.6207525532984075,1.901463682474826
PX-6885,6.383745461696552,True,1.0,False,5.6207525532984075,1.901463682474826
PX-6886,6.14157385296642,True,1.0,False,5.6207525532984075,1.901463682474826
PX-6887,5.969723041481405,True,1.0,False,5.6207525532984075,1.901463682474826
PX-6888,5.896357573762145,True,1.0,False,5.6207525532984075,1.901463682474826
PX-6889,5.847692919396412,True,1.0,False,5.6207525532984075,1.901463682474826
PX-6890,6.7653498478409215,True,1.0,False,5.6207525532984075,1.901463682474826
PX-6891,8.435019192117487,True,1.0,False,5.6207525532984075,1.901463682474826
PX-6892,2.454539861867616,False,0.0,False,5.6207525532984075,1.901463682474826
PX-6893,2.677227950134892,False,0.0,False,5.6207525532984075,1.901463682474826
PX-6894,3.198555560678656,False,0.0,False,5.6207525532984075,1.901463682474826
PX-6895,3.6028326993808673,True,1.0,False,5.6207525532984075,1.901463682474826
PX-6896,3.9329754316377663,True,1.0,False,5.6207525532984075,1.901463682474826
PX-6897,4.234653836692006,True,1.0,False,5.6207525532984075,1.901463682474826
PX-6898,4.649408311921123,True,1.0,False,5.6207525532984075,1.901463682474826
PX-6899,5.186832826839922,True,1.0,False,5.6207525532984075,1.901463682474826
PX-6900,5.639161764736782,True,1.0,False,5.6207525532984075,1.901463682474826
PX-6901,5.790900847317834,True,1.0,False,5.6207525532984075,1.901463682474826
PX-6902,5.767301246175808,True,1.0,False,5.6207525532984075,1.901463682474826
PX-6903,5.497541744977161,True,1.0,False,5.6207525532984075,1.901463682474826
PX-6904,5.481777323622175,True,1.0,False,5.6207525532984075,1.901463682474826
PX-6905,5.577258380523464,True,1.0,False,5.6207525532984075,1.901463682474826
PX-6906,5.735641404326893,True,1.0,False,5.6207525532984075,1.901463682474826
PX-6907,5.74724587056069,True,1.0,False,5.6207525532984075,1.901463682474826
PX-6908,5.8000299909002635,True,1.0,False,5.6207525532984075,1.901463682474826
PX-6909,5.824316040867181,True,1.0,False,5.6207525532984075,1.901463682474826
PX-6910,6.217819753088509,True,1.0,False,5.6207525532984075,1.901463682474826
PX-6911,6.571232091785955,True,1.0,False,5.6207525532984075,1.901463682474826
PX-6912,7.069096698248302,True,1.0,False,5.6207525532984075,1.901463682474826
PX-6913,8.756335179646,True,1.0,False,5.6207525532984075,1.901463682474826
PX-6914,10.431478956257807,True,1.0,False,5.6207525532984075,1.901463682474826
PX-6915,5.080379390776072,True,1.0,False,5.6207525532984075,1.901463682474826
PX-6916,5.919489048514814,True,1.0,False,5.6207525532984075,1.901463682474826
PX-6917,6.964890470119844,True,1.0,False,5.6207525532984075,1.901463682474826
PX-6918,7.648890060516642,True,1.0,False,5.6207525532984075,1.901463682474826
PX-6919,7.699828190597765,True,1.0,False,5.6207525532984075,1.901463682474826
PX-6920,8.001883330442702,True,1.0,False,5.6207525532984075,1.901463682474826
PX-6921,8.88361936197952,True,1.0,False,5.6207525532984075,1.901463682474826
PX-6922,8.982312773612042,True,1.0,False,5.6207525532984075,1.901463682474826
PX-6923,8.78942496704831,True,1.0,False,5.6207525532984075,1.901463682474826
PX-6924,8.779589027194573,True,1.0,False,5.6207525532984075,1.901463682474826
PX-6925,8.790886564252109,True,1.0,False,5.6207525532984075,1.901463682474826
PX-6926,7.9324985958871554,True,1.0,False,5.6207525532984075,1.901463682474826
PX-6927,7.40050129055771,True,1.0,False,5.6207525532984075,1.901463682474826
PX-6928,7.441862919210767,True,1.0,False,5.6207525532984075,1.901463682474826
PX-6929,7.168736174651547,True,1.0,False,5.6207525532984075,1.901463682474826
PX-6930,6.267441971038817,True,1.0,False,5.6207525532984075,1.901463682474826
PX-6931,6.120648901932192,True,1.0,False,5.6207525532984075,1.901463682474826
PX-6932,5.962367370919436,True,1.0,False,5.6207525532984075,1.901463682474826
PX-6933,5.628624759366675,True,1.0,False,5.6207525532984075,1.901463682474826
PX-6934,5.116416636802143,True,1.0,False,5.6207525532984075,1.901463682474826
PX-6935,5.140180028004654,True,1.0,False,5.6207525532984075,1.901463682474826
PX-6936,6.707433397845993,True,1.0,False,5.6207525532984075,1.901463682474826
PX-6937,1.4947005870026793,False,0.0,False,5.6207525532984075,1.901463682474826
PX-6938,1.9527444455723764,False,0.0,False,5.6207525532984075,1.901463682474826
PX-6939,2.4031983746540764,False,0.0,False,5.6207525532984075,1.901463682474826
PX-6940,2.64533331811662,False,0.0,False,5.6207525532984075,1.901463682474826
PX-6941,2.9362985830717143,False,0.0,False,5.6207525532984075,1.901463682474826
PX-6942,3.3904207050721524,False,0.0,False,5.6207525532984075,1.901463682474826
PX-6943,4.271366216956887,True,1.0,False,5.6207525532984075,1.901463682474826
PX-6944,5.14119559126998,True,1.0,False,5.6207525532984075,1.901463682474826
PX-6945,5.920461767215896,True,1.0,False,5.6207525532984075,1.901463682474826
PX-6946,6.172018276970569,True,1.0,False,5.6207525532984075,1.901463682474826
PX-6947,6.49840466023033,True,1.0,False,5.6207525532984075,1.901463682474826
PX-6948,7.060029244653846,True,1.0,False,5.6207525532984075,1.901463682474826
PX-6949,7.595148478424312,True,1.0,False,5.6207525532984075,1.901463682474826
PX-6950,8.0650713350289,True,1.0,False,5.6207525532984075,1.901463682474826
PX-6951,8.377557197113722,True,1.0,False,5.6207525532984075,1.901463682474826
PX-6952,8.140191138311213,True,1.0,False,5.6207525532984075,1.901463682474826
PX-6953,7.885179676023178,True,1.0,False,5.6207525532984075,1.901463682474826
PX-6954,7.726920688638323,True,1.0,False,5.6207525532984075,1.901463682474826
PX-6955,7.753980074906702,True,1.0,False,5.6207525532984075,1.901463682474826
PX-6956,7.603871311811535,True,1.0,False,5.6207525532984075,1.901463682474826
PX-6957,7.343745265199457,True,1.0,False,5.6207525532984075,1.901463682474826
PX-6958,9.332603964463352,True,1.0,False,5.6207525532984075,1.901463682474826
PX-6959,2.928243184051894,False,0.0,False,5.6207525532984075,1.901463682474826
PX-6960,3.541226493789731,False,0.0,False,5.6207525532984075,1.901463682474826
PX-6961,3.894173433308106,True,1.0,False,5.6207525532984075,1.901463682474826
PX-6962,4.430602164971715,True,1.0,False,5.6207525532984075,1.901463682474826
PX-6963,4.8870917062476416,True,1.0,False,5.6207525532984075,1.901463682474826
PX-6964,5.473432958334657,True,1.0,False,5.6207525532984075,1.901463682474826
PX-6965,6.108970913643345,True,1.0,False,5.6207525532984075,1.901463682474826
PX-6966,6.6026061884518725,True,1.0,False,5.6207525532984075,1.901463682474826
PX-6967,6.75092116089121,True,1.0,False,5.6207525532984075,1.901463682474826
PX-6968,6.863334100824391,True,1.0,False,5.6207525532984075,1.901463682474826
PX-6969,7.305254837097866,True,1.0,False,5.6207525532984075,1.901463682474826
PX-6970,7.500593781303738,True,1.0,False,5.6207525532984075,1.901463682474826
PX-6971,7.5308535474575855,True,1.0,False,5.6207525532984075,1.901463682474826
PX-6972,7.400984096279489,True,1.0,False,5.6207525532984075,1.901463682474826
PX-6973,7.203531774872397,True,1.0,False,5.6207525532984075,1.901463682474826
PX-6974,7.096885423258062,True,1.0,False,5.6207525532984075,1.901463682474826
PX-6975,6.850922617944759,True,1.0,False,5.6207525532984075,1.901463682474826
PX-6976,6.848038301341392,True,1.0,False,5.6207525532984075,1.901463682474826
PX-6977,6.64930767634411,True,1.0,False,5.6207525532984075,1.901463682474826
PX-6978,5.948068915413472,True,1.0,False,5.6207525532984075,1.901463682474826
PX-6979,8.551658014940521,True,1.0,False,5.6207525532984075,1.901463682474826
PX-6980,0.8391261080040842,False,0.0,False,5.6207525532984075,1.901463682474826
PX-6981,1.5012670210531596,False,0.0,False,5.6207525532984075,1.901463682474826
PX-6982,1.6742063274565666,False,0.0,False,5.6207525532984075,1.901463682474826
PX-6983,2.0017771438102514,False,0.0,False,5.6207525532984075,1.901463682474826
PX-6984,2.546781233887284,False,0.0,False,5.6207525532984075,1.901463682474826
PX-6985,3.112656614453474,False,0.0,False,5.6207525532984075,1.901463682474826
PX-6986,3.512542695234586,False,0.0,False,5.6207525532984075,1.901463682474826
PX-6987,3.7396466998410993,False,0.0,False,5.6207525532984075,1.901463682474826
PX-6988,3.9433445561164824,True,1.0,False,5.6207525532984075,1.901463682474826
PX-6989,4.48671212942569,True,1.0,False,5.6207525532984075,1.901463682474826
PX-6990,5.058265480759019,True,1.0,False,5.6207525532984075,1.901463682474826
PX-6991,5.799592630141204,True,1.0,False,5.6207525532984075,1.901463682474826
PX-6992,6.415873612403528,True,1.0,False,5.6207525532984075,1.901463682474826
PX-6993,6.857592633706229,True,1.0,False,5.6207525532984075,1.901463682474826
PX-6994,7.443373717666336,True,1.0,False,5.6207525532984075,1.901463682474826
PX-6995,7.825269898099643,True,1.0,False,5.6207525532984075,1.901463682474826
PX-6996,8.393214720265611,True,1.0,False,5.6207525532984075,1.901463682474826
PX-6997,9.29415506975037,True,1.0,False,5.6207525532984075,1.901463682474826
PX-6998,8.359471060885776,True,1.0,False,5.6207525532984075,1.901463682474826
PX-6999,13.12719242626263,True,1.0,False,5.6207525532984075,1.901463682474826
PX-7000,3.47619111871615,False,0.0,False,5.6207525532984075,1.901463682474826
PX-7001,3.619712072172666,True,1.0,False,5.6207525532984075,1.901463682474826
PX-7002,3.709023260558295,True,1.0,False,5.6207525532984075,1.901463682474826
PX-7003,3.686438092470482,True,1.0,False,5.6207525532984075,1.901463682474826
PX-7004,3.714009794198679,True,1.0,False,5.6207525532984075,1.901463682474826
PX-7005,3.856734817147247,True,1.0,False,5.6207525532984075,1.901463682474826
PX-7006,4.155075753415979,True,1.0,False,5.6207525532984075,1.901463682474826
PX-7007,4.532395856695619,True,1.0,False,5.6207525532984075,1.901463682474826
PX-7008,5.007160941413764,True,1.0,False,5.6207525532984075,1.901463682474826
PX-7009,5.259569463857526,True,1.0,False,5.6207525532984075,1.901463682474826
PX-7010,5.082896962271642,True,1.0,False,5.6207525532984075,1.901463682474826
PX-7011,5.042981737830624,True,1.0,False,5.6207525532984075,1.901463682474826
PX-7012,5.365955493554475,True,1.0,False,5.6207525532984075,1.901463682474826
PX-7013,5.636265119215464,True,1.0,False,5.6207525532984075,1.901463682474826
PX-7014,5.922826630497784,True,1.0,False,5.6207525532984075,1.901463682474826
PX-7015,6.2623836806492115,True,1.0,False,5.6207525532984075,1.901463682474826
PX-7016,6.589801936929057,True,1.0,False,5.6207525532984075,1.901463682474826
PX-7017,7.088884182125929,True,1.0,False,5.6207525532984075,1.901463682474826
PX-7018,7.479738952619508,True,1.0,False,5.6207525532984075,1.901463682474826
PX-7019,7.958877827613243,True,1.0,False,5.6207525532984075,1.901463682474826
PX-7020,9.198274091890406,True,1.0,False,5.6207525532984075,1.901463682474826
PX-7021,7.716165347544083,True,1.0,False,5.6207525532984075,1.901463682474826
PX-7022,4.287683841463723,True,1.0,False,5.6207525532984075,1.901463682474826
PX-7023,4.686292694206728,True,1.0,False,5.6207525532984075,1.901463682474826
PX-7024,5.371325905299823,True,1.0,False,5.6207525532984075,1.901463682474826
PX-7025,5.9810008417017695,True,1.0,False,5.6207525532984075,1.901463682474826
PX-7026,6.629111400903714,True,1.0,False,5.6207525532984075,1.901463682474826
PX-7027,7.331061792216257,True,1.0,False,5.6207525532984075,1.901463682474826
PX-7028,7.745937676597558,True,1.0,False,5.6207525532984075,1.901463682474826
PX-7029,8.113303430590163,True,1.0,False,5.6207525532984075,1.901463682474826
PX-7030,8.199396733231408,True,1.0,False,5.6207525532984075,1.901463682474826
PX-7031,8.56134680486532,True,1.0,False,5.6207525532984075,1.901463682474826
PX-7032,8.651374963028534,True,1.0,False,5.6207525532984075,1.901463682474826
PX-7033,6.204696858543706,True,1.0,False,5.6207525532984075,1.901463682474826
PX-7034,7.034849353158517,True,1.0,False,5.6207525532984075,1.901463682474826
PX-7035,7.396238636628581,True,1.0,False,5.6207525532984075,1.901463682474826
PX-7036,7.759645952436596,True,1.0,False,5.6207525532984075,1.901463682474826
PX-7037,7.697159349903265,True,1.0,False,5.6207525532984075,1.901463682474826
PX-7038,7.743275638030115,True,1.0,False,5.6207525532984075,1.901463682474826
PX-7039,9.193183765244463,True,1.0,False,5.6207525532984075,1.901463682474826
PX-7040,6.886489084186632,True,1.0,False,5.6207525532984075,1.901463682474826
PX-7041,2.7989380572567892,False,0.0,False,5.6207525532984075,1.901463682474826
PX-7042,2.407228938972965,False,0.0,False,5.6207525532984075,1.901463682474826
PX-7043,2.1113241766950495,False,0.0,False,5.6207525532984075,1.901463682474826
PX-7044,1.9952080435484696,False,0.0,False,5.6207525532984075,1.901463682474826
PX-7045,2.4123170921221835,False,0.0,False,5.6207525532984075,1.901463682474826
PX-7046,2.980048437287854,False,0.0,False,5.6207525532984075,1.901463682474826
PX-7047,3.504016099744165,True,1.0,False,5.6207525532984075,1.901463682474826
PX-7048,3.8859015659550664,True,1.0,False,5.6207525532984075,1.901463682474826
PX-7049,4.280426468294113,True,1.0,False,5.6207525532984075,1.901463682474826
PX-7050,4.605449805113208,True,1.0,False,5.6207525532984075,1.901463682474826
PX-7051,4.759223725028303,True,1.0,False,5.6207525532984075,1.901463682474826
PX-7052,5.245403578096573,True,1.0,False,5.6207525532984075,1.901463682474826
PX-7053,5.503180818117588,True,1.0,False,5.6207525532984075,1.901463682474826
PX-7054,5.546192792435109,True,1.0,False,5.6207525532984075,1.901463682474826
PX-7055,5.702132331107958,True,1.0,False,5.6207525532984075,1.901463682474826
PX-7056,5.945969002517266,True,1.0,False,5.6207525532984075,1.901463682474826
PX-7057,6.472842361854045,True,1.0,False,5.6207525532984075,1.901463682474826
PX-7058,6.775197185764025,True,1.0,False,5.6207525532984075,1.901463682474826
PX-7059,7.193398536051809,True,1.0,False,5.6207525532984075,1.901463682474826
PX-7060,9.467642359404582,True,1.0,False,5.6207525532984075,1.901463682474826
PX-7061,6.961920383094533,True,1.0,False,5.6207525532984075,1.901463682474826
PX-7062,2.023967760370958,False,0.0,False,5.6207525532984075,1.901463682474826
PX-7063,2.2879087516506793,False,0.0,False,5.6207525532984075,1.901463682474826
PX-7064,2.6801431904069943,False,0.0,False,5.6207525532984075,1.901463682474826
PX-7065,3.1047494715458974,True,1.0,False,5.6207525532984075,1.901463682474826
PX-7066,3.4746431194209713,True,1.0,False,5.6207525532984075,1.901463682474826
PX-7067,3.7845429652325606,True,1.0,False,5.6207525532984075,1.901463682474826
PX-7068,4.031078130228607,True,1.0,False,5.6207525532984075,1.901463682474826
PX-7069,4.772601269514871,True,1.0,False,5.6207525532984075,1.901463682474826
PX-7070,5.012862246919093,True,1.0,False,5.6207525532984075,1.901463682474826
PX-7071,5.379528034739634,True,1.0,False,5.6207525532984075,1.901463682474826
PX-7072,5.875145755488019,True,1.0,False,5.6207525532984075,1.901463682474826
PX-7073,6.235988482533587,True,1.0,False,5.6207525532984075,1.901463682474826
PX-7074,6.7732286167577715,True,1.0,False,5.6207525532984075,1.901463682474826
PX-7075,7.030394425384301,True,1.0,False,5.6207525532984075,1.901463682474826
PX-7076,7.534812609711917,True,1.0,False,5.6207525532984075,1.901463682474826
PX-7077,11.307618056017185,True,1.0,False,5.6207525532984075,1.901463682474826
PX-7078,2.38012047835932,False,0.0,False,5.6207525532984075,1.901463682474826
PX-7079,2.4807605312715566,False,0.0,False,5.6207525532984075,1.901463682474826
PX-7080,2.753022184529476,False,0.0,False,5.6207525532984075,1.901463682474826
PX-7081,3.0451320343486294,False,0.0,False,5.6207525532984075,1.901463682474826
PX-7082,3.399973564275154,True,1.0,False,5.6207525532984075,1.901463682474826
PX-7083,3.713497254900915,True,1.0,False,5.6207525532984075,1.901463682474826
PX-7084,4.181841177784069,True,1.0,False,5.6207525532984075,1.901463682474826
PX-7085,5.021624652414639,True,1.0,False,5.6207525532984075,1.901463682474826
PX-7086,5.399735538963306,True,1.0,False,5.6207525532984075,1.901463682474826
PX-7087,5.850658218075507,True,1.0,False,5.6207525532984075,1.901463682474826
PX-7088,6.534104159171848,True,1.0,False,5.6207525532984075,1.901463682474826
PX-7089,7.163136293052121,True,1.0,False,5.6207525532984075,1.901463682474826
PX-7090,7.8416298578237065,True,1.0,False,5.6207525532984075,1.901463682474826
PX-7091,8.256917820457591,True,1.0,False,5.6207525532984075,1.901463682474826
PX-7092,9.18458318896218,True,1.0,False,5.6207525532984075,1.901463682474826
PX-7093,14.22466602828209,True,1.0,False,5.6207525532984075,1.901463682474826
PX-7094,3.4845770896355734,False,0.0,False,5.6207525532984075,1.901463682474826
PX-7095,3.53504316912019,False,0.0,False,5.6207525532984075,1.901463682474826
PX-7096,3.7478554531001596,True,1.0,False,5.6207525532984075,1.901463682474826
PX-7097,3.8040337153614256,True,1.0,False,5.6207525532984075,1.901463682474826
PX-7098,4.0054439932467325,True,1.0,False,5.6207525532984075,1.901463682474826
PX-7099,4.379663273090497,True,1.0,False,5.6207525532984075,1.901463682474826
PX-7100,5.042725076883075,True,1.0,False,5.6207525532984075,1.901463682474826
PX-7101,5.267596739869505,True,1.0,False,5.6207525532984075,1.901463682474826
PX-7102,5.828373790457075,True,1.0,False,5.6207525532984075,1.901463682474826
PX-7103,6.537684342520734,True,1.0,False,5.6207525532984075,1.901463682474826
PX-7104,7.240838077125483,True,1.0,False,5.6207525532984075,1.901463682474826
PX-7105,7.811180118463675,True,1.0,False,5.6207525532984075,1.901463682474826
PX-7106,8.339426252569655,True,1.0,False,5.6207525532984075,1.901463682474826
PX-7107,9.089934083001225,True,1.0,False,5.6207525532984075,1.901463682474826
PX-7108,15.350516219507975,True,1.0,False,5.6207525532984075,1.901463682474826
PX-7109,3.98439382760043,True,1.0,False,5.6207525532984075,1.901463682474826
PX-7110,3.5888132065554643,True,1.0,False,5.6207525532984075,1.901463682474826
PX-7111,3.134962254145824,False,0.0,False,5.6207525532984075,1.901463682474826
PX-7112,3.0758055335418337,False,0.0,False,5.6207525532984075,1.901463682474826
PX-7113,3.1273636587820253,False,0.0,False,5.6207525532984075,1.901463682474826
PX-7114,3.542122882144099,True,1.0,False,5.6207525532984075,1.901463682474826
PX-7115,3.981436245048359,True,1.0,False,5.6207525532984075,1.901463682474826
PX-7116,4.436080191096105,True,1.0,False,5.6207525532984075,1.901463682474826
PX-7117,4.475880681907153,True,1.0,False,5.6207525532984075,1.901463682474826
PX-7118,4.634793068243379,True,1.0,False,5.6207525532984075,1.901463682474826
PX-7119,5.210378153054835,True,1.0,False,5.6207525532984075,1.901463682474826
PX-7120,5.844478693436756,True,1.0,False,5.6207525532984075,1.901463682474826
PX-7121,6.425206973440648,True,1.0,False,5.6207525532984075,1.901463682474826
PX-7122,6.977759850354666,True,1.0,False,5.6207525532984075,1.901463682474826
PX-7123,7.999818899215551,True,1.0,False,5.6207525532984075,1.901463682474826
PX-7124,17.354380205131143,True,1.0,False,5.6207525532984075,1.901463682474826
PX-7125,2.6779840292193686,False,0.0,False,5.6207525532984075,1.901463682474826
PX-7126,2.7045888930627324,False,0.0,False,5.6207525532984075,1.901463682474826
PX-7127,2.724057347424539,False,0.0,False,5.6207525532984075,1.901463682474826
PX-7128,3.017745758003766,False,0.0,False,5.6207525532984075,1.901463682474826
PX-7129,3.335877519471703,False,0.0,False,5.6207525532984075,1.901463682474826
PX-7130,3.6400493993208833,False,0.0,False,5.6207525532984075,1.901463682474826
PX-7131,3.910966173879384,False,0.0,False,5.6207525532984075,1.901463682474826
PX-7132,4.648555985150352,True,1.0,False,5.6207525532984075,1.901463682474826
PX-7133,5.2339688067648815,True,1.0,False,5.6207525532984075,1.901463682474826
PX-7134,5.845217885053156,True,1.0,False,5.6207525532984075,1.901463682474826
PX-7135,6.543561073885057,True,1.0,False,5.6207525532984075,1.901463682474826
PX-7136,7.114544872968544,True,1.0,False,5.6207525532984075,1.901463682474826
PX-7137,7.59157281043673,True,1.0,False,5.6207525532984075,1.901463682474826
PX-7138,8.156614157572113,True,1.0,False,5.6207525532984075,1.901463682474826
PX-7139,8.936189597036098,True,1.0,False,5.6207525532984075,1.901463682474826
PX-7140,10.793639171614394,True,1.0,False,5.6207525532984075,1.901463682474826
PX-7141,22.663065625821112,True,1.0,False,5.6207525532984075,1.901463682474826
PX-7142,3.7579288644717685,True,1.0,False,5.6207525532984075,1.901463682474826
PX-7143,3.3865396300276345,True,1.0,False,5.6207525532984075,1.901463682474826
PX-7144,2.9098787692077916,False,0.0,False,5.6207525532984075,1.901463682474826
PX-7145,2.7487866968912638,False,0.0,False,5.6207525532984075,1.901463682474826
PX-7146,2.8213116264951985,False,0.0,False,5.6207525532984075,1.901463682474826
PX-7147,2.9625762988966446,False,0.0,False,5.6207525532984075,1.901463682474826
PX-7148,3.24657211018404,False,0.0,False,5.6207525532984075,1.901463682474826
PX-7149,3.7852615539097965,False,0.0,False,5.6207525532984075,1.901463682474826
PX-7150,3.9785946655159226,False,0.0,False,5.6207525532984075,1.901463682474826
PX-7151,4.355656217009338,True,1.0,False,5.6207525532984075,1.901463682474826
PX-7152,4.709247380494832,True,1.0,False,5.6207525532984075,1.901463682474826
PX-7153,5.21466429982066,True,1.0,False,5.6207525532984075,1.901463682474826
PX-7154,5.8171472310326084,True,1.0,False,5.6207525532984075,1.901463682474826
PX-7155,6.351427293832947,True,1.0,False,5.6207525532984075,1.901463682474826
PX-7156,6.981838594993095,True,1.0,False,5.6207525532984075,1.901463682474826
PX-7157,8.683629068284139,True,1.0,False,5.6207525532984075,1.901463682474826
PX-7158,3.6143002989459845,True,1.0,False,5.6207525532984075,1.901463682474826
PX-7159,3.4798281941972427,True,1.0,False,5.6207525532984075,1.901463682474826
PX-7160,3.2671573519436414,False,0.0,False,5.6207525532984075,1.901463682474826
PX-7161,3.2114331282426605,False,0.0,False,5.6207525532984075,1.901463682474826
PX-7162,3.1503175121218607,False,0.0,False,5.6207525532984075,1.901463682474826
PX-7163,3.159160296690988,False,0.0,False,5.6207525532984075,1.901463682474826
PX-7164,3.318910949112775,False,0.0,False,5.6207525532984075,1.901463682474826
PX-7165,3.859650373389515,True,1.0,False,5.6207525532984075,1.901463682474826
PX-7166,4.011839617116417,True,1.0,False,5.6207525532984075,1.901463682474826
PX-7167,4.137571703009803,True,1.0,False,5.6207525532984075,1.901463682474826
PX-7168,4.378971860775687,True,1.0,False,5.6207525532984075,1.901463682474826
PX-7169,4.8097373111078845,True,1.0,False,5.6207525532984075,1.901463682474826
PX-7170,5.461609776692532,True,1.0,False,5.6207525532984075,1.901463682474826
PX-7171,6.0125559722938995,True,1.0,False,5.6207525532984075,1.901463682474826
PX-7172,6.744840818266249,True,1.0,False,5.6207525532984075,1.901463682474826
PX-7173,8.987572028863934,True,1.0,False,5.6207525532984075,1.901463682474826
PX-7174,3.2019765362610624,False,0.0,False,5.6207525532984075,1.901463682474826
PX-7175,3.031109529023702,False,0.0,False,5.6207525532984075,1.901463682474826
PX-7176,2.8297962423627148,False,0.0,False,5.6207525532984075,1.901463682474826
PX-7177,2.7792666223255953,False,0.0,False,5.6207525532984075,1.901463682474826
PX-7178,2.8260880251222567,False,0.0,False,5.6207525532984075,1.901463682474826
PX-7179,2.767042761325177,False,0.0,False,5.6207525532984075,1.901463682474826
PX-7180,2.8286641486906667,False,0.0,False,5.6207525532984075,1.901463682474826
PX-7181,3.2442603152994636,False,0.0,False,5.6207525532984075,1.901463682474826
PX-7182,3.2737026129012303,False,0.0,False,5.6207525532984075,1.901463682474826
PX-7183,3.662590063363332,False,0.0,False,5.6207525532984075,1.901463682474826
PX-7184,4.130465206047239,True,1.0,False,5.6207525532984075,1.901463682474826
PX-7185,4.615501193854065,True,1.0,False,5.6207525532984075,1.901463682474826
PX-7186,5.356622800617544,True,1.0,False,5.6207525532984075,1.901463682474826
PX-7187,6.030045816787339,True,1.0,False,5.6207525532984075,1.901463682474826
PX-7188,7.097792705598804,True,1.0,False,5.6207525532984075,1.901463682474826
PX-7189,10.266723627340543,True,1.0,False,5.6207525532984075,1.901463682474826
PX-7190,4.940183126006691,True,1.0,False,5.6207525532984075,1.901463682474826
PX-7191,4.99614658930116,True,1.0,False,5.6207525532984075,1.901463682474826
PX-7192,5.348310956119544,True,1.0,False,5.6207525532984075,1.901463682474826
PX-7193,6.027193441585137,True,1.0,False,5.6207525532984075,1.901463682474826
PX-7194,6.633507429120005,True,1.0,False,5.6207525532984075,1.901463682474826
PX-7195,6.505134177570438,True,1.0,False,5.6207525532984075,1.901463682474826
PX-7196,7.076684194868525,True,1.0,False,5.6207525532984075,1.901463682474826
PX-7197,7.358081617103281,True,1.0,False,5.6207525532984075,1.901463682474826
PX-7198,7.18624031849089,True,1.0,False,5.6207525532984075,1.901463682474826
PX-7199,7.0541603685733065,True,1.0,False,5.6207525532984075,1.901463682474826
PX-7200,7.472947790801513,True,1.0,False,5.6207525532984075,1.901463682474826
PX-7201,8.218473464961596,True,1.0,False,5.6207525532984075,1.901463682474826
PX-7202,7.925197599422349,True,1.0,False,5.6207525532984075,1.901463682474826
PX-7203,8.140650664962395,True,1.0,False,5.6207525532984075,1.901463682474826
PX-7204,11.410389966878405,True,1.0,False,5.6207525532984075,1.901463682474826
PX-7205,3.85293056458954,True,1.0,False,5.6207525532984075,1.901463682474826
PX-7206,3.078721510878294,True,1.0,False,5.6207525532984075,1.901463682474826
PX-7207,2.7257768379831546,False,0.0,False,5.6207525532984075,1.901463682474826
PX-7208,2.5379779055237304,False,0.0,False,5.6207525532984075,1.901463682474826
PX-7209,2.1342939360521527,False,0.0,False,5.6207525532984075,1.901463682474826
PX-7210,1.7099028791613193,False,0.0,False,5.6207525532984075,1.901463682474826
PX-7211,1.7956904935336553,False,0.0,False,5.6207525532984075,1.901463682474826
PX-7212,2.282459960631453,False,0.0,False,5.6207525532984075,1.901463682474826
PX-7213,2.6269032761319835,False,0.0,False,5.6207525532984075,1.901463682474826
PX-7214,2.9550539239047815,False,0.0,False,5.6207525532984075,1.901463682474826
PX-7215,3.361398179079746,False,0.0,False,5.6207525532984075,1.901463682474826
PX-7216,3.7111005797097683,False,0.0,False,5.6207525532984075,1.901463682474826
PX-7217,4.318311693717227,True,1.0,False,5.6207525532984075,1.901463682474826
PX-7218,5.07802555038403,True,1.0,False,5.6207525532984075,1.901463682474826
PX-7219,6.356566039267493,True,1.0,False,5.6207525532984075,1.901463682474826
PX-7220,11.048317850483974,True,1.0,False,5.6207525532984075,1.901463682474826
PX-7221,2.9466723028972375,False,0.0,False,5.6207525532984075,1.901463682474826
PX-7222,3.0481437391705626,False,0.0,False,5.6207525532984075,1.901463682474826
PX-7223,3.397155806601992,False,0.0,False,5.6207525532984075,1.901463682474826
PX-7224,3.9408685778077093,False,0.0,False,5.6207525532984075,1.901463682474826
PX-7225,4.687926332074227,True,1.0,False,5.6207525532984075,1.901463682474826
PX-7226,5.042218062325146,True,1.0,False,5.6207525532984075,1.901463682474826
PX-7227,5.706835528312785,True,1.0,False,5.6207525532984075,1.901463682474826
PX-7228,5.808448370263658,True,1.0,False,5.6207525532984075,1.901463682474826
PX-7229,5.884745849780806,True,1.0,False,5.6207525532984075,1.901463682474826
PX-7230,6.080233406512383,True,1.0,False,5.6207525532984075,1.901463682474826
PX-7231,6.311885245858745,True,1.0,False,5.6207525532984075,1.901463682474826
PX-7232,6.680644591430905,True,1.0,False,5.6207525532984075,1.901463682474826
PX-7233,6.963628566266731,True,1.0,False,5.6207525532984075,1.901463682474826
PX-7234,7.753192992313437,True,1.0,False,5.6207525532984075,1.901463682474826
PX-7235,13.428076657940812,True,1.0,False,5.6207525532984075,1.901463682474826
PX-7236,3.5010690920887964,True,1.0,False,5.6207525532984075,1.901463682474826
PX-7237,3.4348300474630307,True,1.0,False,5.6207525532984075,1.901463682474826
PX-7238,3.5648938040880136,True,1.0,False,5.6207525532984075,1.901463682474826
PX-7239,3.5357773650785926,True,1.0,False,5.6207525532984075,1.901463682474826
PX-7240,3.4797567740355593,True,1.0,False,5.6207525532984075,1.901463682474826
PX-7241,3.5777065765838163,False,0.0,False,5.6207525532984075,1.901463682474826
PX-7242,4.045329650834464,True,1.0,False,5.6207525532984075,1.901463682474826
PX-7243,4.304475962076577,True,1.0,False,5.6207525532984075,1.901463682474826
PX-7244,4.93639840175074,True,1.0,False,5.6207525532984075,1.901463682474826
PX-7245,5.514573658502606,True,1.0,False,5.6207525532984075,1.901463682474826
PX-7246,5.709704404611442,True,1.0,False,5.6207525532984075,1.901463682474826
PX-7247,5.756921730059993,True,1.0,False,5.6207525532984075,1.901463682474826
PX-7248,5.745349413146188,True,1.0,False,5.6207525532984075,1.901463682474826
PX-7249,6.307261444400092,True,1.0,False,5.6207525532984075,1.901463682474826
PX-7250,6.9749623663087945,True,1.0,False,5.6207525532984075,1.901463682474826
PX-7251,8.258081678630317,True,1.0,False,5.6207525532984075,1.901463682474826
PX-7252,17.266021080552143,True,1.0,False,5.6207525532984075,1.901463682474826
PX-7253,1.8045560345251612,False,0.0,False,5.6207525532984075,1.901463682474826
PX-7254,1.3367170679259495,False,0.0,False,5.6207525532984075,1.901463682474826
PX-7255,1.0801881922103966,False,0.0,False,5.6207525532984075,1.901463682474826
PX-7256,0.9249442898046816,False,0.0,False,5.6207525532984075,1.901463682474826
PX-7257,0.8440290213564943,False,0.0,False,5.6207525532984075,1.901463682474826
PX-7258,0.9591509440852981,False,0.0,False,5.6207525532984075,1.901463682474826
PX-7259,1.012293082155054,False,0.0,False,5.6207525532984075,1.901463682474826
PX-7260,1.5340832056511573,False,0.0,False,5.6207525532984075,1.901463682474826
PX-7261,1.9462151194077073,False,0.0,False,5.6207525532984075,1.901463682474826
PX-7262,2.1745995353315806,False,0.0,False,5.6207525532984075,1.901463682474826
PX-7263,2.5747273901271157,False,0.0,False,5.6207525532984075,1.901463682474826
PX-7264,2.986324633860164,False,0.0,False,5.6207525532984075,1.901463682474826
PX-7265,3.938674143604345,False,0.0,False,5.6207525532984075,1.901463682474826
PX-7266,5.548467322458212,True,1.0,False,5.6207525532984075,1.901463682474826
PX-7267,8.060025952814483,True,1.0,False,5.6207525532984075,1.901463682474826
PX-7268,26.021947561975395,True,1.0,False,5.6207525532984075,1.901463682474826
PX-7269,2.4911839000858667,False,0.0,False,5.6207525532984075,1.901463682474826
PX-7270,2.8354611328131103,False,0.0,False,5.6207525532984075,1.901463682474826
PX-7271,3.0866313582888356,False,0.0,False,5.6207525532984075,1.901463682474826
PX-7272,3.286042323988342,False,0.0,False,5.6207525532984075,1.901463682474826
PX-7273,3.6468134561721417,False,0.0,False,5.6207525532984075,1.901463682474826
PX-7274,3.7963864373681826,True,1.0,False,5.6207525532984075,1.901463682474826
PX-7275,3.927501311604031,True,1.0,False,5.6207525532984075,1.901463682474826
PX-7276,4.1473713028885,True,1.0,False,5.6207525532984075,1.901463682474826
PX-7277,4.305066995415686,True,1.0,False,5.6207525532984075,1.901463682474826
PX-7278,4.413336699325825,True,1.0,False,5.6207525532984075,1.901463682474826
PX-7279,4.373140732046821,True,1.0,False,5.6207525532984075,1.901463682474826
PX-7280,4.85367846764472,True,1.0,False,5.6207525532984075,1.901463682474826
PX-7281,5.147609792573865,True,1.0,False,5.6207525532984075,1.901463682474826
PX-7282,4.271434238972899,False,0.0,False,5.6207525532984075,1.901463682474826
PX-7283,2.3623944768618763,False,0.0,False,5.6207525532984075,1.901463682474826
PX-7284,2.511766794151651,False,0.0,False,5.6207525532984075,1.901463682474826
PX-7285,2.606136444800624,False,0.0,False,5.6207525532984075,1.901463682474826
PX-7286,2.660249456277974,False,0.0,False,5.6207525532984075,1.901463682474826
PX-7287,2.7237141014180164,False,0.0,False,5.6207525532984075,1.901463682474826
PX-7288,2.9577486686205923,False,0.0,False,5.6207525532984075,1.901463682474826
PX-7289,3.433419261795448,False,0.0,False,5.6207525532984075,1.901463682474826
PX-7290,3.588450833797747,False,0.0,False,5.6207525532984075,1.901463682474826
PX-7291,3.7204109638856373,False,0.0,False,5.6207525532984075,1.901463682474826
PX-7292,4.065244260870957,False,0.0,False,5.6207525532984075,1.901463682474826
PX-7293,5.185859880684857,True,1.0,False,5.6207525532984075,1.901463682474826
PX-7294,5.888370067059075,True,1.0,False,5.6207525532984075,1.901463682474826
PX-7295,5.472338220992521,True,1.0,False,5.6207525532984075,1.901463682474826
PX-7296,2.615625661716342,False,0.0,False,5.6207525532984075,1.901463682474826
PX-7297,3.152918697904921,False,0.0,False,5.6207525532984075,1.901463682474826
PX-7298,3.726700730586451,False,0.0,False,5.6207525532984075,1.901463682474826
PX-7299,4.432933140271835,True,1.0,False,5.6207525532984075,1.901463682474826
PX-7300,5.12322473277923,True,1.0,False,5.6207525532984075,1.901463682474826
PX-7301,5.850184490869934,True,1.0,False,5.6207525532984075,1.901463682474826
PX-7302,6.563004001521396,True,1.0,False,5.6207525532984075,1.901463682474826
PX-7303,6.826339458163046,True,1.0,False,5.6207525532984075,1.901463682474826
PX-7304,7.010127475925152,True,1.0,False,5.6207525532984075,1.901463682474826
PX-7305,7.336342811996621,True,1.0,False,5.6207525532984075,1.901463682474826
PX-7306,8.46653402189008,True,1.0,False,5.6207525532984075,1.901463682474826
PX-7307,9.060821519795086,True,1.0,False,5.6207525532984075,1.901463682474826
PX-7308,8.657376088368078,True,1.0,False,5.6207525532984075,1.901463682474826
PX-7309,4.598306674659009,True,1.0,False,5.6207525532984075,1.901463682474826
PX-7310,2.3750901052022133,False,0.0,False,5.6207525532984075,1.901463682474826
PX-7311,3.135654385222489,False,0.0,False,5.6207525532984075,1.901463682474826
PX-7312,3.578476467496065,False,0.0,False,5.6207525532984075,1.901463682474826
PX-7313,3.7627112881295908,False,0.0,False,5.6207525532984075,1.901463682474826
PX-7314,3.743213691412347,False,0.0,False,5.6207525532984075,1.901463682474826
PX-7315,3.920087557469804,True,1.0,False,5.6207525532984075,1.901463682474826
PX-7316,4.013117551176702,False,0.0,False,5.6207525532984075,1.901463682474826
PX-7317,4.415690670116133,True,1.0,False,5.6207525532984075,1.901463682474826
PX-7318,4.54892133230822,True,1.0,False,5.6207525532984075,1.901463682474826
PX-7319,5.5045743134865806,True,1.0,False,5.6207525532984075,1.901463682474826
PX-7320,6.312938363275325,True,1.0,False,5.6207525532984075,1.901463682474826
PX-7321,1.5517494439573198,False,0.0,False,5.6207525532984075,1.901463682474826
PX-7322,1.821481976236047,False,0.0,False,5.6207525532984075,1.901463682474826
PX-7323,2.3891394833036106,False,0.0,False,5.6207525532984075,1.901463682474826
PX-7324,2.7889037789996642,False,0.0,False,5.6207525532984075,1.901463682474826
PX-7325,3.1060683242389775,False,0.0,False,5.6207525532984075,1.901463682474826
PX-7326,3.6640681033867057,True,1.0,False,5.6207525532984075,1.901463682474826
PX-7327,3.926859386844882,True,1.0,False,5.6207525532984075,1.901463682474826
PX-7328,4.109008377808577,True,1.0,False,5.6207525532984075,1.901463682474826
PX-7329,4.214772173857156,True,1.0,False,5.6207525532984075,1.901463682474826
PX-7330,5.75632113443192,True,1.0,False,5.6207525532984075,1.901463682474826
PX-7331,6.759098887751303,True,1.0,False,5.6207525532984075,1.901463682474826
PX-7332,2.0733268044436066,False,0.0,False,5.6207525532984075,1.901463682474826
PX-7333,2.244709281675213,False,0.0,False,5.6207525532984075,1.901463682474826
PX-7334,2.4756107411705734,False,0.0,False,5.6207525532984075,1.901463682474826
PX-7335,2.6735088819329107,False,0.0,False,5.6207525532984075,1.901463682474826
PX-7336,2.852724393165886,False,0.0,False,5.6207525532984075,1.901463682474826
PX-7337,3.008465213747705,False,0.0,False,5.6207525532984075,1.901463682474826
PX-7338,3.3721660599301693,True,1.0,False,5.6207525532984075,1.901463682474826
PX-7339,3.48176250418863,True,1.0,False,5.6207525532984075,1.901463682474826
PX-7340,5.282779316058388,True,1.0,False,5.6207525532984075,1.901463682474826
PX-7341,5.623529834122756,True,1.0,False,5.6207525532984075,1.901463682474826
PX-7342,0.8892821317079935,False,0.0,False,5.6207525532984075,1.901463682474826
PX-7343,1.2232025735109637,False,0.0,False,5.6207525532984075,1.901463682474826
PX-7344,1.6037694796913478,False,0.0,False,5.6207525532984075,1.901463682474826
PX-7345,2.010855806741473,False,0.0,False,5.6207525532984075,1.901463682474826
PX-7346,2.381488614714886,False,0.0,False,5.6207525532984075,1.901463682474826
PX-7347,2.7296097962327632,False,0.0,False,5.6207525532984075,1.901463682474826
PX-7348,3.0846301013932553,False,0.0,False,5.6207525532984075,1.901463682474826
PX-7349,3.4248502608471725,True,1.0,False,5.6207525532984075,1.901463682474826
PX-7350,3.7635696289510427,True,1.0,False,5.6207525532984075,1.901463682474826
PX-7351,4.276483044891249,True,1.0,False,5.6207525532984075,1.901463682474826
PX-7352,4.36709546132661,True,1.0,False,5.6207525532984075,1.901463682474826
PX-7353,6.240184471513427,True,1.0,False,5.6207525532984075,1.901463682474826
PX-7354,2.076282675546773,False,0.0,False,5.6207525532984075,1.901463682474826
PX-7355,2.239563301199066,False,0.0,False,5.6207525532984075,1.901463682474826
PX-7356,2.422922193230523,False,0.0,False,5.6207525532984075,1.901463682474826
PX-7357,2.7089720185180255,False,0.0,False,5.6207525532984075,1.901463682474826
PX-7358,2.948320606896498,False,0.0,False,5.6207525532984075,1.901463682474826
PX-7359,3.247071439549991,True,1.0,False,5.6207525532984075,1.901463682474826
PX-7360,3.6075576404668706,True,1.0,False,5.6207525532984075,1.901463682474826
PX-7361,4.3919360298787655,True,1.0,False,5.6207525532984075,1.901463682474826
PX-7362,4.780015553725486,True,1.0,False,5.6207525532984075,1.901463682474826
PX-7363,7.134814078970088,True,1.0,False,5.6207525532984075,1.901463682474826
PX-7364,2.0062595291082985,False,0.0,False,5.6207525532984075,1.901463682474826
PX-7365,2.848325588336051,False,0.0,False,5.6207525532984075,1.901463682474826
PX-7366,3.3578419584135926,True,1.0,False,5.6207525532984075,1.901463682474826
PX-7367,3.6724570192212784,True,1.0,False,5.6207525532984075,1.901463682474826
PX-7368,3.9100869603734996,True,1.0,False,5.6207525532984075,1.901463682474826
PX-7369,4.247753108973795,True,1.0,False,5.6207525532984075,1.901463682474826
PX-7370,4.372346046668364,True,1.0,False,5.6207525532984075,1.901463682474826
PX-7371,4.613677319440379,True,1.0,False,5.6207525532984075,1.901463682474826
PX-7372,5.346264745665438,True,1.0,False,5.6207525532984075,1.901463682474826
PX-7373,5.778736532347006,True,1.0,False,5.6207525532984075,1.901463682474826
PX-7374,9.271858671422489,True,1.0,False,5.6207525532984075,1.901463682474826
PX-7375,2.0114309484998536,False,0.0,False,5.6207525532984075,1.901463682474826
PX-7376,2.347706707336707,False,0.0,False,5.6207525532984075,1.901463682474826
PX-7377,2.7825727375817983,False,0.0,False,5.6207525532984075,1.901463682474826
PX-7378,3.022306124839952,False,0.0,False,5.6207525532984075,1.901463682474826
PX-7379,3.47575352388545,True,1.0,False,5.6207525532984075,1.901463682474826
PX-7380,3.9070086675685705,True,1.0,False,5.6207525532984075,1.901463682474826
PX-7381,4.274634701536428,True,1.0,False,5.6207525532984075,1.901463682474826
PX-7382,4.4115328655463575,True,1.0,False,5.6207525532984075,1.901463682474826
PX-7383,4.921023668606113,True,1.0,False,5.6207525532984075,1.901463682474826
PX-7384,5.797613905764377,True,1.0,False,5.6207525532984075,1.901463682474826
PX-7385,6.3485640445310505,True,1.0,False,5.6207525532984075,1.901463682474826
PX-7386,10.372055126878568,True,1.0,False,5.6207525532984075,1.901463682474826
PX-7387,3.2012715223634416,False,0.0,False,5.6207525532984075,1.901463682474826
PX-7388,2.9613099636056592,False,0.0,False,5.6207525532984075,1.901463682474826
PX-7389,2.9770115001307573,False,0.0,False,5.6207525532984075,1.901463682474826
PX-7390,2.8580736544232117,False,0.0,False,5.6207525532984075,1.901463682474826
PX-7391,3.0321821924222636,False,0.0,False,5.6207525532984075,1.901463682474826
PX-7392,3.3175192685054746,True,1.0,False,5.6207525532984075,1.901463682474826
PX-7393,3.311201824327954,True,1.0,False,5.6207525532984075,1.901463682474826
PX-7394,3.029939283216935,False,0.0,False,5.6207525532984075,1.901463682474826
PX-7395,3.0871665320984327,False,0.0,False,5.6207525532984075,1.901463682474826
PX-7396,3.87221190850172,True,1.0,False,5.6207525532984075,1.901463682474826
PX-7397,4.345210591410947,True,1.0,False,5.6207525532984075,1.901463682474826
PX-7398,2.013793430529729,False,0.0,False,5.6207525532984075,1.901463682474826
PX-7399,2.2488425408510366,False,0.0,False,5.6207525532984075,1.901463682474826
PX-7400,2.33536414244659,False,0.0,False,5.6207525532984075,1.901463682474826
PX-7401,2.3099328764454743,False,0.0,False,5.6207525532984075,1.901463682474826
PX-7402,2.528389888852134,False,0.0,False,5.6207525532984075,1.901463682474826
PX-7403,2.821045857779957,False,0.0,False,5.6207525532984075,1.901463682474826
PX-7404,2.9738327061959264,False,0.0,False,5.6207525532984075,1.901463682474826
PX-7405,3.6452685217360816,False,0.0,False,5.6207525532984075,1.901463682474826
PX-7406,4.694444774483594,True,1.0,False,5.6207525532984075,1.901463682474826
PX-7407,5.569783157379881,True,1.0,False,5.6207525532984075,1.901463682474826
PX-7408,2.923999663953486,False,0.0,False,5.6207525532984075,1.901463682474826
PX-7409,3.240658814392688,False,0.0,False,5.6207525532984075,1.901463682474826
PX-7410,3.5794314267076324,False,0.0,False,5.6207525532984075,1.901463682474826
PX-7411,4.426177905784389,True,1.0,False,5.6207525532984075,1.901463682474826
PX-7412,4.5663941537710055,True,1.0,False,5.6207525532984075,1.901463682474826
PX-7413,4.756713673019405,True,1.0,False,5.6207525532984075,1.901463682474826
PX-7414,5.281477058301654,True,1.0,False,5.6207525532984075,1.901463682474826
PX-7415,6.007045897929071,True,1.0,False,5.6207525532984075,1.901463682474826
PX-7416,3.4597415658667394,False,0.0,False,5.6207525532984075,1.901463682474826
PX-7417,3.560784918912244,False,0.0,False,5.6207525532984075,1.901463682474826
PX-7418,3.832212834518666,True,1.0,False,5.6207525532984075,1.901463682474826
PX-7419,3.8304580568128586,True,1.0,False,5.6207525532984075,1.901463682474826
PX-7420,3.4835177471126446,True,1.0,False,5.6207525532984075,1.901463682474826
PX-7421,3.4415780647991543,True,1.0,False,5.6207525532984075,1.901463682474826
PX-7422,4.2913944186577915,True,1.0,False,5.6207525532984075,1.901463682474826
PX-7423,5.966665922432055,True,1.0,False,5.6207525532984075,1.901463682474826
PX-7424,3.085027663364013,False,0.0,False,5.6207525532984075,1.901463682474826
PX-7425,3.2378030180832766,False,0.0,False,5.6207525532984075,1.901463682474826
PX-7426,3.6027287521214255,True,1.0,False,5.6207525532984075,1.901463682474826
PX-7427,5.280733832076738,True,1.0,False,5.6207525532984075,1.901463682474826
