spatial_unit_type,spatial_unit_id,iso_week,hotspot_count,hotspot_density,mean_confidence,max_confidence,mean_frp,max_frp,trend_delta,land_cover_class,cumulative_rainfall_mm,days_since_rain,dry_spell_length,viirs_available
GRID,GRID-00001,2026-W34,0,0.0,,,,,,Cropland,10.581530570983887,0,54,False
GRID,GRID-00002,2026-W34,0,0.0,,,,,,Cropland,10.581530570983887,0,54,False
GRID,GRID-00003,2026-W34,0,0.0,,,,,,Tree cover,7.033428192138672,3,29,False
GRID,GRID-00004,2026-W34,0,0.0,,,,,,Tree cover,6.683279037475586,3,29,False
GRID,GRID-00005,2026-W34,0,0.0,,,,,,Tree cover,6.683279037475586,3,29,False
GRID,GRID-00006,2026-W34,0,0.0,,,,,,Cropland,6.683279037475586,3,29,False
GRID,GRID-00007,2026-W34,0,0.0,,,,,,Grassland,6.683279037475586,3,29,False
GRID,GRID-00008,2026-W34,0,0.0,,,,,,Cropland,0.0,67,67,False
GRID,GRID-00009,2026-W34,0,0.0,,,,,,Grassland,7.033428192138672,3,29,False
GRID,GRID-00010,2026-W34,0,0.0,,,,,,Grassland,6.683279037475586,3,29,False
GRID,GRID-00011,2026-W34,0,0.0,,,,,,Tree cover,6.683279037475586,3,29,False
GRID,GRID-00012,2026-W34,0,0.0,,,,,,Cropland,6.683279037475586,3,29,False
GRID,GRID-00013,2026-W34,0,0.0,,,,,,Cropland,6.683279037475586,3,29,False
GRID,GRID-00014,2026-W34,0,0.0,,,,,,Cropland,0.0,67,67,False
GRID,GRID-00015,2026-W34,0,0.0,,,,,,Cropland,7.033428192138672,3,29,False
GRID,GRID-00016,2026-W34,0,0.0,,,,,,Cropland,6.683279037475586,3,29,False
GRID,GRID-00017,2026-W34,0,0.0,,,,,,Cropland,6.683279037475586,3,29,False
GRID,GRID-00018,2026-W34,0,0.0,,,,,,Cropland,6.683279037475586,3,29,False
GRID,GRID-00019,2026-W34,0,0.0,,,,,,Cropland,6.683279037475586,3,29,False
GRID,GRID-00020,2026-W34,0,0.0,,,,,,Cropland,6.683279037475586,3,29,False
GRID,GRID-00021,2026-W34,0,0.0,,,,,,Cropland,8.244120915730795,0,22,False
GRID,GRID-00022,2026-W34,0,0.0,,,,,,Grassland,11.365804672241211,0,32,False
GRID,GRID-00023,2026-W34,0,0.0,,,,,,Cropland,11.365804672241211,0,32,False
GRID,GRID-00024,2026-W34,0,0.0,,,,,,Grassland,11.365804672241211,0,32,False
GRID,GRID-00025,2026-W34,0,0.0,,,,,,Cropland,0.0,67,67,False
GRID,GRID-00026,2026-W34,0,0.0,,,,,,Cropland,7.033428192138672,3,29,False
GRID,GRID-00027,2026-W34,0,0.0,,,,,,Cropland,7.033428192138672,3,29,False
GRID,GRID-00028,2026-W34,0,0.0,,,,,,Cropland,6.683279037475586,3,29,False
GRID,GRID-00029,2026-W34,0,0.0,,,,,,Cropland,6.683279037475586,3,29,False
GRID,GRID-00030,2026-W34,0,0.0,,,,,,Cropland,6.683279037475586,3,29,False
GRID,GRID-00031,2026-W34,0,0.0,,,,,,Cropland,6.683279037475586,3,29,False
GRID,GRID-00032,2026-W34,0,0.0,,,,,,Cropland,6.683279037475586,3,29,False
GRID,GRID-00033,2026-W34,0,0.0,,,,,,Cropland,8.811699780550871,0,22,False
GRID,GRID-00034,2026-W34,0,0.0,,,,,,Cropland,11.365804672241211,0,32,False
GRID,GRID-00035,2026-W34,0,0.0,,,,,,Cropland,11.365804672241211,0,32,False
GRID,GRID-00036,2026-W34,0,0.0,,,,,,Cropland,11.365804672241211,0,32,False
GRID,GRID-00037,2026-W34,0,0.0,,,,,,Cropland,7.033428192138672,3,29,False
GRID,GRID-00038,2026-W34,0,0.0,,,,,,Cropland,7.033428192138672,3,29,False
GRID,GRID-00039,2026-W34,0,0.0,,,,,,Cropland,7.033428192138672,3,29,False
GRID,GRID-00040,2026-W34,0,0.0,,,,,,Cropland,6.683279037475586,3,29,False
GRID,GRID-00041,2026-W34,0,0.0,,,,,,Cropland,6.683279037475586,3,29,False
GRID,GRID-00042,2026-W34,0,0.0,,,,,,Cropland,6.683279037475586,3,29,False
GRID,GRID-00043,2026-W34,0,0.0,,,,,,Cropland,6.683279037475586,3,29,False
GRID,GRID-00044,2026-W34,0,0.0,,,,,,Cropland,6.683279037475586,3,29,False
GRID,GRID-00045,2026-W34,0,0.0,,,,,,Cropland,9.237383929165928,0,22,False
GRID,GRID-00046,2026-W34,0,0.0,,,,,,Cropland,11.365804672241211,0,32,False
GRID,GRID-00047,2026-W34,0,0.0,,,,,,Cropland,11.365804672241211,0,32,False
GRID,GRID-00048,2026-W34,0,0.0,,,,,,Cropland,11.365804672241211,0,32,False
GRID,GRID-00049,2026-W34,0,0.0,,,,,,Cropland,11.365804672241211,0,32,False
GRID,GRID-00050,2026-W34,0,0.0,,,,,,Cropland,7.298149585723876,3,29,False
GRID,GRID-00051,2026-W34,0,0.0,,,,,,Cropland,7.245205307006836,3,29,False
GRID,GRID-00052,2026-W34,0,0.0,,,,,,Cropland,7.245205307006836,3,29,False
GRID,GRID-00053,2026-W34,0,0.0,,,,,,Cropland,7.225952842018821,3,29,False
GRID,GRID-00054,2026-W34,0,0.0,,,,,,Cropland,6.884353828430176,3,29,False
GRID,GRID-00055,2026-W34,0,0.0,,,,,,Cropland,6.866074301979759,3,29,False
GRID,GRID-00056,2026-W34,0,0.0,,,,,,Cropland,6.884353828430176,3,29,False
GRID,GRID-00057,2026-W34,0,0.0,,,,,,Cropland,6.866074301979759,3,29,False
GRID,GRID-00058,2026-W34,0,0.0,,,,,,Cropland,6.884353828430176,3,29,False
GRID,GRID-00059,2026-W34,0,0.0,,,,,,Cropland,8.952707958221437,0,22,False
GRID,GRID-00060,2026-W34,0,0.0,,,,,,Cropland,11.078519185384115,0,32,False
GRID,GRID-00061,2026-W34,0,0.0,,,,,,Cropland,11.078519185384115,0,32,False
GRID,GRID-00062,2026-W34,0,0.0,,,,,,Cropland,11.107247734069825,0,32,False
GRID,GRID-00063,2026-W34,0,0.0,,,,,,Cropland,11.078519185384115,0,32,False
GRID,GRID-00064,2026-W34,0,0.0,,,,,,Tree cover,7.562870979309082,3,29,False
GRID,GRID-00065,2026-W34,0,0.0,,,,,,Cropland,7.562870979309082,3,29,False
GRID,GRID-00066,2026-W34,0,0.0,,,,,,Cropland,7.562870979309082,3,29,False
GRID,GRID-00067,2026-W34,0,0.0,,,,,,Cropland,7.562870979309082,3,29,False
GRID,GRID-00068,2026-W34,0,0.0,,,,,,Cropland,7.562870979309082,3,29,False
GRID,GRID-00069,2026-W34,0,0.0,,,,,,Cropland,7.562870979309082,3,29,False
GRID,GRID-00070,2026-W34,0,0.0,,,,,,Cropland,7.1859660148620605,3,29,False
GRID,GRID-00071,2026-W34,0,0.0,,,,,,Cropland,7.1859660148620605,3,29,False
GRID,GRID-00072,2026-W34,0,0.0,,,,,,Cropland,7.1859660148620605,3,29,False
GRID,GRID-00073,2026-W34,0,0.0,,,,,,Cropland,7.1859660148620605,3,29,False
GRID,GRID-00074,2026-W34,0,0.0,,,,,,Cropland,7.1859660148620605,3,29,False
GRID,GRID-00075,2026-W34,0,0.0,,,,,,Cropland,8.844957113265991,0,29,False
GRID,GRID-00076,2026-W34,0,0.0,,,,,,Cropland,10.503948211669922,0,54,False
GRID,GRID-00077,2026-W34,0,0.0,,,,,,Cropland,10.503948211669922,0,54,False
GRID,GRID-00078,2026-W34,0,0.0,,,,,,Cropland,10.503948211669922,0,54,False
GRID,GRID-00079,2026-W34,0,0.0,,,,,,Cropland,10.503948211669922,0,54,False
GRID,GRID-00080,2026-W34,0,0.0,,,,,,Cropland,10.503948211669922,0,54,False
GRID,GRID-00081,2026-W34,0,0.0,,,,,,Cropland,7.911377668380737,3,29,False
GRID,GRID-00082,2026-W34,0,0.0,,,,,,Cropland,7.562870979309082,3,29,False
GRID,GRID-00083,2026-W34,0,0.0,,,,,,Cropland,7.562870979309082,3,29,False
GRID,GRID-00084,2026-W34,0,0.0,,,,,,Cropland,7.562870979309082,3,29,False
GRID,GRID-00085,2026-W34,0,0.0,,,,,,Cropland,7.562870979309082,3,29,False
GRID,GRID-00086,2026-W34,0,0.0,,,,,,Cropland,7.562870979309082,3,29,False
GRID,GRID-00087,2026-W34,0,0.0,,,,,,Cropland,7.1859660148620605,3,29,False
GRID,GRID-00088,2026-W34,0,0.0,,,,,,Cropland,7.1859660148620605,3,29,False
GRID,GRID-00089,2026-W34,0,0.0,,,,,,Cropland,7.1859660148620605,3,29,False
GRID,GRID-00090,2026-W34,0,0.0,,,,,,Cropland,7.1859660148620605,3,29,False
GRID,GRID-00091,2026-W34,0,0.0,,,,,,Cropland,7.1859660148620605,3,29,False
GRID,GRID-00092,2026-W34,0,0.0,,,,,,Cropland,8.694139740683816,0,29,False
GRID,GRID-00093,2026-W34,0,0.0,,,,,,Grassland,10.503948211669922,0,54,False
GRID,GRID-00094,2026-W34,0,0.0,,,,,,Cropland,10.503948211669922,0,54,False
GRID,GRID-00095,2026-W34,0,0.0,,,,,,Cropland,10.503948211669922,0,54,False
GRID,GRID-00096,2026-W34,0,0.0,,,,,,Cropland,10.503948211669922,0,54,False
GRID,GRID-00097,2026-W34,0,0.0,,,,,,Cropland,10.503948211669922,0,54,False
GRID,GRID-00098,2026-W34,0,0.0,,,,,,Cropland,9.851837158203125,0,47,False
GRID,GRID-00099,2026-W34,0,0.0,,,,,,Cropland,8.085631012916565,3,29,False
GRID,GRID-00100,2026-W34,0,0.0,,,,,,Cropland,7.562870979309082,3,29,False
GRID,GRID-00101,2026-W34,0,0.0,,,,,,Cropland,7.562870979309082,3,29,False
GRID,GRID-00102,2026-W34,0,0.0,,,,,,Cropland,7.562870979309082,3,29,False
GRID,GRID-00103,2026-W34,0,0.0,,,,,,Cropland,7.562870979309082,3,29,False
GRID,GRID-00104,2026-W34,0,0.0,,,,,,Cropland,7.562870979309082,3,29,False
GRID,GRID-00105,2026-W34,0,0.0,,,,,,Cropland,7.1859660148620605,3,29,False
GRID,GRID-00106,2026-W34,0,0.0,,,,,,Cropland,7.1859660148620605,3,29,False
GRID,GRID-00107,2026-W34,0,0.0,,,,,,Cropland,7.1859660148620605,3,29,False
GRID,GRID-00108,2026-W34,0,0.0,,,,,,Cropland,7.1859660148620605,3,29,False
GRID,GRID-00109,2026-W34,0,0.0,,,,,,Cropland,7.1859660148620605,3,29,False
GRID,GRID-00110,2026-W34,0,0.0,,,,,,Cropland,8.995774485848166,0,52,False
GRID,GRID-00111,2026-W34,0,0.0,,,,,,Cropland,10.503948211669922,0,54,False
GRID,GRID-00112,2026-W34,0,0.0,,,,,,Cropland,10.503948211669922,0,54,False
GRID,GRID-00113,2026-W34,0,0.0,,,,,,Cropland,10.503948211669922,0,54,False
GRID,GRID-00114,2026-W34,0,0.0,,,,,,Cropland,10.503948211669922,0,54,False
GRID,GRID-00115,2026-W34,0,0.0,,,,,,Cropland,10.503948211669922,0,54,False
GRID,GRID-00116,2026-W34,0,0.0,,,,,,Cropland,9.851837158203125,0,47,False
GRID,GRID-00117,2026-W34,0,0.0,,,,,,Tree cover,10.278850078582764,2,22,False
GRID,GRID-00118,2026-W34,0,0.0,,,,,,Tree cover,10.278850078582764,2,22,False
GRID,GRID-00119,2026-W34,0,0.0,,,,,,Cropland,0.0,67,67,False
GRID,GRID-00120,2026-W34,0,0.0,,,,,,Cropland,8.259884357452393,3,29,False
GRID,GRID-00121,2026-W34,0,0.0,,,,,,Cropland,7.562870979309082,3,29,False
GRID,GRID-00122,2026-W34,0,0.0,,,,,,Cropland,7.562870979309082,3,29,False
GRID,GRID-00123,2026-W34,0,0.0,,,,,,Cropland,7.562870979309082,3,29,False
GRID,GRID-00124,2026-W34,0,0.0,,,,,,Cropland,7.562870979309082,3,29,False
GRID,GRID-00125,2026-W34,0,0.0,,,,,,Cropland,7.562870979309082,3,29,False
GRID,GRID-00126,2026-W34,0,0.0,,,,,,Cropland,7.1859660148620605,3,29,False
GRID,GRID-00127,2026-W34,0,0.0,,,,,,Cropland,7.1859660148620605,3,29,False
GRID,GRID-00128,2026-W34,0,0.0,,,,,,Cropland,7.1859660148620605,3,29,False
GRID,GRID-00129,2026-W34,0,0.0,,,,,,Cropland,7.1859660148620605,3,29,False
GRID,GRID-00130,2026-W34,0,0.0,,,,,,Cropland,7.1859660148620605,3,29,False
GRID,GRID-00131,2026-W34,0,0.0,,,,,,Cropland,8.844957113265991,0,29,False
GRID,GRID-00132,2026-W34,0,0.0,,,,,,Cropland,10.503948211669922,0,54,False
GRID,GRID-00133,2026-W34,0,0.0,,,,,,Cropland,10.503948211669922,0,54,False
GRID,GRID-00134,2026-W34,0,0.0,,,,,,Cropland,10.503948211669922,0,54,False
GRID,GRID-00135,2026-W34,0,0.0,,,,,,Cropland,10.503948211669922,0,54,False
GRID,GRID-00136,2026-W34,0,0.0,,,,,,Tree cover,14.561545848846436,2,31,False
GRID,GRID-00137,2026-W34,0,0.0,,,,,,Tree cover,9.518244981765747,2,22,False
GRID,GRID-00138,2026-W34,0,0.0,,,,,,Tree cover,10.59157407283783,2,22,False
GRID,GRID-00139,2026-W34,0,0.0,,,,,,Tree cover,10.278850078582764,2,22,False
GRID,GRID-00140,2026-W34,0,0.0,,,,,,Tree cover,10.904298067092896,2,22,False
GRID,GRID-00141,2026-W34,0,0.0,,,,,,Tree cover,7.458405494689941,3,30,False
GRID,GRID-00142,2026-W34,0,0.0,,,,,,Cropland,8.956897735595703,3,29,False
GRID,GRID-00143,2026-W34,0,0.0,,,,,,Cropland,8.956897735595703,3,29,False
GRID,GRID-00144,2026-W34,0,0.0,,,,,,Cropland,8.323249210010875,3,29,False
GRID,GRID-00145,2026-W34,0,0.0,,,,,,Cropland,7.562870979309082,3,29,False
GRID,GRID-00146,2026-W34,0,0.0,,,,,,Cropland,7.562870979309082,3,29,False
GRID,GRID-00147,2026-W34,0,0.0,,,,,,Cropland,7.562870979309082,3,29,False
GRID,GRID-00148,2026-W34,0,0.0,,,,,,Cropland,7.562870979309082,3,29,False
GRID,GRID-00149,2026-W34,0,0.0,,,,,,Cropland,7.562870979309082,3,29,False
GRID,GRID-00150,2026-W34,0,0.0,,,,,,Cropland,7.1859660148620605,3,29,False
GRID,GRID-00151,2026-W34,0,0.0,,,,,,Cropland,7.1859660148620605,3,29,False
GRID,GRID-00152,2026-W34,0,0.0,,,,,,Cropland,7.1859660148620605,3,29,False
GRID,GRID-00153,2026-W34,0,0.0,,,,,,Cropland,7.1859660148620605,3,29,False
GRID,GRID-00154,2026-W34,0,0.0,,,,,,Cropland,7.1859660148620605,3,29,False
GRID,GRID-00155,2026-W34,0,0.0,,,,,,Cropland,8.430209338665009,0,29,False
GRID,GRID-00156,2026-W34,0,0.0,,,,,,Cropland,10.503948211669922,0,54,False
GRID,GRID-00157,2026-W34,0,0.0,,,,,,Cropland,10.503948211669922,0,54,False
GRID,GRID-00158,2026-W34,0,0.0,,,,,,Cropland,10.503948211669922,0,54,False
GRID,GRID-00159,2026-W34,0,0.0,,,,,,Cropland,10.503948211669922,0,54,False
GRID,GRID-00160,2026-W34,0,0.0,,,,,,Tree cover,14.561545848846436,2,31,False
GRID,GRID-00161,2026-W34,0,0.0,,,,,,Tree cover,14.561545848846436,2,31,False
GRID,GRID-00162,2026-W34,0,0.0,,,,,,Tree cover,13.406090021133423,2,31,False
GRID,GRID-00163,2026-W34,0,0.0,,,,,,Tree cover,13.406090021133423,2,31,False
GRID,GRID-00164,2026-W34,0,0.0,,,,,,Tree cover,13.406090021133423,2,31,False
GRID,GRID-00165,2026-W34,0,0.0,,,,,,Tree cover,13.406090021133423,2,31,False
GRID,GRID-00166,2026-W34,0,0.0,,,,,,Tree cover,13.406090021133423,2,31,False
GRID,GRID-00167,2026-W34,0,0.0,,,,,,Tree cover,6.219151496887207,3,33,False
GRID,GRID-00168,2026-W34,0,0.0,,,,,,Cropland,0.0,67,67,False
GRID,GRID-00169,2026-W34,0,0.0,,,,,,Tree cover,5.651494979858399,3,33,False
GRID,GRID-00170,2026-W34,0,0.0,,,,,,Tree cover,0.0,67,67,False
GRID,GRID-00171,2026-W34,0,0.0,,,,,,Cropland,5.367666721343994,3,33,False
GRID,GRID-00172,2026-W34,0,0.0,,,,,,Cropland,7.0169806480407715,3,40,False
GRID,GRID-00173,2026-W34,0,0.0,,,,,,Tree cover,7.0169806480407715,3,40,False
GRID,GRID-00174,2026-W34,0,0.0,,,,,,Cropland,7.0169806480407715,3,40,False
GRID,GRID-00175,2026-W34,0,0.0,,,,,,Cropland,7.0169806480407715,3,40,False
GRID,GRID-00176,2026-W34,0,0.0,,,,,,Grassland,7.216433525085451,3,52,False
GRID,GRID-00177,2026-W34,0,0.0,,,,,,Cropland,7.415886402130127,3,29,False
GRID,GRID-00178,2026-W34,0,0.0,,,,,,Cropland,7.429248636419124,3,29,False
GRID,GRID-00179,2026-W34,0,0.0,,,,,,Cropland,7.415886402130127,3,29,False
GRID,GRID-00180,2026-W34,0,0.0,,,,,,Cropland,7.440383831659953,3,29,False
GRID,GRID-00181,2026-W34,0,0.0,,,,,,Grassland,7.430584859848023,3,29,False
GRID,GRID-00182,2026-W34,0,0.0,,,,,,Grassland,6.925976912180582,3,29,False
GRID,GRID-00183,2026-W34,0,0.0,,,,,,Cropland,6.930703986774792,3,29,False
GRID,GRID-00184,2026-W34,0,0.0,,,,,,Cropland,6.936376476287842,3,29,False
GRID,GRID-00185,2026-W34,0,0.0,,,,,,Cropland,6.930703986774792,3,29,False
GRID,GRID-00186,2026-W34,0,0.0,,,,,,Cropland,6.977974732716879,3,29,False
GRID,GRID-00187,2026-W34,0,0.0,,,,,,Tree cover,14.561545848846436,2,31,False
GRID,GRID-00188,2026-W34,0,0.0,,,,,,Tree cover,14.561545848846436,2,31,False
GRID,GRID-00189,2026-W34,0,0.0,,,,,,Tree cover,13.406090021133423,2,31,False
GRID,GRID-00190,2026-W34,0,0.0,,,,,,Tree cover,13.406090021133423,2,31,False
GRID,GRID-00191,2026-W34,0,0.0,,,,,,Tree cover,13.406090021133423,2,31,False
GRID,GRID-00192,2026-W34,0,0.0,,,,,,Tree cover,13.406090021133423,2,31,False
GRID,GRID-00193,2026-W34,0,0.0,,,,,,Tree cover,13.406090021133423,2,31,False
GRID,GRID-00194,2026-W34,0,0.0,,,,,,Tree cover,16.12063193321228,2,31,False
GRID,GRID-00195,2026-W34,0,0.0,,,,,,Tree cover,16.12063193321228,2,31,False
GRID,GRID-00196,2026-W34,0,0.0,,,,,,Tree cover,0.0,67,67,False
GRID,GRID-00197,2026-W34,0,0.0,,,,,,Tree cover,6.219151496887207,3,33,False
GRID,GRID-00198,2026-W34,0,0.0,,,,,,Tree cover,6.219151496887207,3,33,False
GRID,GRID-00199,2026-W34,0,0.0,,,,,,Cropland,6.219151496887207,3,33,False
GRID,GRID-00200,2026-W34,0,0.0,,,,,,Tree cover,5.832112962549382,3,33,False
GRID,GRID-00201,2026-W34,0,0.0,,,,,,Tree cover,5.367666721343994,3,33,False
GRID,GRID-00202,2026-W34,0,0.0,,,,,,Grassland,5.367666721343994,3,33,False
GRID,GRID-00203,2026-W34,0,0.0,,,,,,Tree cover,5.367666721343994,3,33,False
GRID,GRID-00204,2026-W34,0,0.0,,,,,,Built-up,5.367666721343994,3,33,False
GRID,GRID-00205,2026-W34,0,0.0,,,,,,Cropland,5.367666721343994,3,33,False
GRID,GRID-00206,2026-W34,0,0.0,,,,,,Cropland,7.0169806480407715,3,40,False
GRID,GRID-00207,2026-W34,0,0.0,,,,,,Cropland,7.0169806480407715,3,40,False
GRID,GRID-00208,2026-W34,0,0.0,,,,,,Tree cover,7.0169806480407715,3,40,False
GRID,GRID-00209,2026-W34,0,0.0,,,,,,Grassland,7.0169806480407715,3,40,False
GRID,GRID-00210,2026-W34,0,0.0,,,,,,Cropland,7.0169806480407715,3,40,False
GRID,GRID-00211,2026-W34,0,0.0,,,,,,Cropland,7.216433525085451,3,52,False
GRID,GRID-00212,2026-W34,0,0.0,,,,,,Cropland,7.415886402130127,3,29,False
GRID,GRID-00213,2026-W34,0,0.0,,,,,,Cropland,7.415886402130127,3,29,False
GRID,GRID-00214,2026-W34,0,0.0,,,,,,Cropland,7.415886402130127,3,29,False
GRID,GRID-00215,2026-W34,0,0.0,,,,,,Cropland,7.415886402130127,3,29,False
GRID,GRID-00216,2026-W34,0,0.0,,,,,,Grassland,7.415886402130127,3,29,False
GRID,GRID-00217,2026-W34,0,0.0,,,,,,Grassland,6.873979091644287,3,29,False
GRID,GRID-00218,2026-W34,0,0.0,,,,,,Cropland,6.873979091644287,3,29,False
GRID,GRID-00219,2026-W34,0,0.0,,,,,,Cropland,6.873979091644287,3,29,False
GRID,GRID-00220,2026-W34,0,0.0,,,,,,Cropland,6.873979091644287,3,29,False
GRID,GRID-00221,2026-W34,0,0.0,,,,,,Cropland,6.873979091644287,3,29,False
GRID,GRID-00222,2026-W34,0,0.0,,,,,,Tree cover,14.561545848846436,2,31,False
GRID,GRID-00223,2026-W34,0,0.0,,,,,,Tree cover,14.561545848846436,2,31,False
GRID,GRID-00224,2026-W34,0,0.0,,,,,,Tree cover,13.406090021133423,2,31,False
GRID,GRID-00225,2026-W34,0,0.0,,,,,,Tree cover,13.406090021133423,2,31,False
GRID,GRID-00226,2026-W34,0,0.0,,,,,,Tree cover,13.406090021133423,2,31,False
GRID,GRID-00227,2026-W34,0,0.0,,,,,,Tree cover,13.406090021133423,2,31,False
GRID,GRID-00228,2026-W34,0,0.0,,,,,,Tree cover,13.406090021133423,2,31,False
GRID,GRID-00229,2026-W34,0,0.0,,,,,,Tree cover,16.12063193321228,2,31,False
GRID,GRID-00230,2026-W34,0,0.0,,,,,,Tree cover,16.12063193321228,2,31,False
GRID,GRID-00231,2026-W34,0,0.0,,,,,,Tree cover,16.12063193321228,2,31,False
GRID,GRID-00232,2026-W34,0,0.0,,,,,,Tree cover,16.12063193321228,2,31,False
GRID,GRID-00233,2026-W34,0,0.0,,,,,,Cropland,16.12063193321228,2,31,False
GRID,GRID-00234,2026-W34,0,0.0,,,,,,Tree cover,6.219151496887207,3,33,False
GRID,GRID-00235,2026-W34,0,0.0,,,,,,Tree cover,6.219151496887207,3,33,False
GRID,GRID-00236,2026-W34,0,0.0,,,,,,Tree cover,6.219151496887207,3,33,False
GRID,GRID-00237,2026-W34,0,0.0,,,,,,Tree cover,6.219151496887207,3,33,False
GRID,GRID-00238,2026-W34,0,0.0,,,,,,Cropland,5.754705255681818,3,33,False
GRID,GRID-00239,2026-W34,0,0.0,,,,,,Cropland,5.367666721343994,3,33,False
GRID,GRID-00240,2026-W34,0,0.0,,,,,,Cropland,5.367666721343994,3,33,False
GRID,GRID-00241,2026-W34,0,0.0,,,,,,Built-up,5.367666721343994,3,33,False
GRID,GRID-00242,2026-W34,0,0.0,,,,,,Built-up,5.367666721343994,3,33,False
GRID,GRID-00243,2026-W34,0,0.0,,,,,,Cropland,5.367666721343994,3,33,False
GRID,GRID-00244,2026-W34,0,0.0,,,,,,Cropland,7.0169806480407715,3,40,False
GRID,GRID-00245,2026-W34,0,0.0,,,,,,Cropland,7.0169806480407715,3,40,False
GRID,GRID-00246,2026-W34,0,0.0,,,,,,Cropland,7.0169806480407715,3,40,False
GRID,GRID-00247,2026-W34,0,0.0,,,,,,Cropland,7.0169806480407715,3,40,False
GRID,GRID-00248,2026-W34,0,0.0,,,,,,Cropland,7.0169806480407715,3,40,False
GRID,GRID-00249,2026-W34,0,0.0,,,,,,Cropland,7.216433525085451,3,52,False
GRID,GRID-00250,2026-W34,0,0.0,,,,,,Cropland,7.415886402130127,3,29,False
GRID,GRID-00251,2026-W34,0,0.0,,,,,,Cropland,7.415886402130127,3,29,False
GRID,GRID-00252,2026-W34,0,0.0,,,,,,Cropland,7.415886402130127,3,29,False
GRID,GRID-00253,2026-W34,0,0.0,,,,,,Grassland,7.415886402130127,3,29,False
GRID,GRID-00254,2026-W34,0,0.0,,,,,,Grassland,7.415886402130127,3,29,False
GRID,GRID-00255,2026-W34,0,0.0,,,,,,Cropland,6.873979091644287,3,29,False
GRID,GRID-00256,2026-W34,0,0.0,,,,,,Cropland,6.873979091644287,3,29,False
GRID,GRID-00257,2026-W34,0,0.0,,,,,,Cropland,6.873979091644287,3,29,False
GRID,GRID-00258,2026-W34,0,0.0,,,,,,Cropland,6.873979091644287,3,29,False
GRID,GRID-00259,2026-W34,0,0.0,,,,,,Cropland,6.873979091644287,3,29,True
GRID,GRID-00260,2026-W34,0,0.0,,,,,,Tree cover,14.561545848846436,2,31,False
GRID,GRID-00261,2026-W34,0,0.0,,,,,,Tree cover,13.406090021133423,2,31,False
GRID,GRID-00262,2026-W34,0,0.0,,,,,,Tree cover,13.406090021133423,2,31,False
GRID,GRID-00263,2026-W34,0,0.0,,,,,,Tree cover,13.406090021133423,2,31,False
GRID,GRID-00264,2026-W34,0,0.0,,,,,,Tree cover,13.406090021133423,2,31,False
GRID,GRID-00265,2026-W34,0,0.0,,,,,,Tree cover,13.406090021133423,2,31,False
GRID,GRID-00266,2026-W34,0,0.0,,,,,,Tree cover,16.12063193321228,2,31,False
GRID,GRID-00267,2026-W34,0,0.0,,,,,,Tree cover,16.12063193321228,2,31,False
GRID,GRID-00268,2026-W34,0,0.0,,,,,,Tree cover,16.12063193321228,2,31,False
GRID,GRID-00269,2026-W34,0,0.0,,,,,,Tree cover,16.12063193321228,2,31,False
GRID,GRID-00270,2026-W34,0,0.0,,,,,,Cropland,16.12063193321228,2,31,False
GRID,GRID-00271,2026-W34,0,0.0,,,,,,Cropland,16.12063193321228,2,31,False
GRID,GRID-00272,2026-W34,0,0.0,,,,,,Tree cover,0.0,67,67,False
GRID,GRID-00273,2026-W34,0,0.0,,,,,,Tree cover,6.219151496887207,3,33,False
GRID,GRID-00274,2026-W34,0,0.0,,,,,,Tree cover,6.219151496887207,3,33,False
GRID,GRID-00275,2026-W34,0,0.0,,,,,,Tree cover,6.219151496887207,3,33,False
GRID,GRID-00276,2026-W34,0,0.0,,,,,,Cropland,6.219151496887207,3,33,False
GRID,GRID-00277,2026-W34,0,0.0,,,,,,Tree cover,6.219151496887207,3,33,False
GRID,GRID-00278,2026-W34,0,0.0,,,,,,Cropland,5.7934091091156,3,33,False
GRID,GRID-00279,2026-W34,0,0.0,,,,,,Tree cover,5.367666721343994,3,33,False
GRID,GRID-00280,2026-W34,0,0.0,,,,,,Tree cover,5.367666721343994,3,33,False
GRID,GRID-00281,2026-W34,0,0.0,,,,,,Tree cover,5.367666721343994,3,33,False
GRID,GRID-00282,2026-W34,0,0.0,,,,,,Tree cover,5.367666721343994,3,33,False
GRID,GRID-00283,2026-W34,0,0.0,,,,,,Cropland,5.367666721343994,3,33,False
GRID,GRID-00284,2026-W34,0,0.0,,,,,,Cropland,7.0169806480407715,3,40,False
GRID,GRID-00285,2026-W34,0,0.0,,,,,,Cropland,7.0169806480407715,3,40,False
GRID,GRID-00286,2026-W34,0,0.0,,,,,,Cropland,7.0169806480407715,3,40,False
GRID,GRID-00287,2026-W34,0,0.0,,,,,,Cropland,7.0169806480407715,3,40,False
GRID,GRID-00288,2026-W34,0,0.0,,,,,,Cropland,7.0169806480407715,3,40,False
GRID,GRID-00289,2026-W34,0,0.0,,,,,,Cropland,7.198301445354115,3,52,False
GRID,GRID-00290,2026-W34,0,0.0,,,,,,Cropland,7.415886402130127,3,29,False
GRID,GRID-00291,2026-W34,0,0.0,,,,,,Cropland,7.415886402130127,3,29,False
GRID,GRID-00292,2026-W34,0,0.0,,,,,,Cropland,7.415886402130127,3,29,False
GRID,GRID-00293,2026-W34,0,0.0,,,,,,Cropland,7.415886402130127,3,29,False
GRID,GRID-00294,2026-W34,0,0.0,,,,,,Cropland,7.415886402130127,3,29,False
GRID,GRID-00295,2026-W34,0,0.0,,,,,,Cropland,6.873979091644287,3,29,False
GRID,GRID-00296,2026-W34,0,0.0,,,,,,Cropland,6.873979091644287,3,29,False
GRID,GRID-00297,2026-W34,0,0.0,,,,,,Cropland,6.873979091644287,3,29,False
GRID,GRID-00298,2026-W34,0,0.0,,,,,,Cropland,6.873979091644287,3,29,False
GRID,GRID-00299,2026-W34,0,0.0,,,,,,Cropland,6.873979091644287,3,29,False
GRID,GRID-00300,2026-W34,0,0.0,,,,,,Tree cover,14.561545848846436,2,31,False
GRID,GRID-00301,2026-W34,0,0.0,,,,,,Tree cover,13.406090021133423,2,31,False
GRID,GRID-00302,2026-W34,0,0.0,,,,,,Tree cover,13.406090021133423,2,31,False
GRID,GRID-00303,2026-W34,0,0.0,,,,,,Tree cover,13.406090021133423,2,31,False
GRID,GRID-00304,2026-W34,0,0.0,,,,,,Tree cover,13.406090021133423,2,31,False
GRID,GRID-00305,2026-W34,0,0.0,,,,,,Tree cover,13.406090021133423,2,31,False
GRID,GRID-00306,2026-W34,0,0.0,,,,,,Tree cover,16.12063193321228,2,31,False
GRID,GRID-00307,2026-W34,0,0.0,,,,,,Tree cover,16.12063193321228,2,31,False
GRID,GRID-00308,2026-W34,0,0.0,,,,,,Tree cover,16.12063193321228,2,31,False
GRID,GRID-00309,2026-W34,0,0.0,,,,,,Tree cover,16.12063193321228,2,31,False
GRID,GRID-00310,2026-W34,0,0.0,,,,,,Tree cover,16.12063193321228,2,31,False
GRID,GRID-00311,2026-W34,0,0.0,,,,,,Cropland,16.12063193321228,2,31,False
GRID,GRID-00312,2026-W34,0,0.0,,,,,,Tree cover,13.184386730194092,1,31,False
GRID,GRID-00313,2026-W34,0,0.0,,,,,,Tree cover,11.976462364196777,1,45,False
GRID,GRID-00314,2026-W34,0,0.0,,,,,,Tree cover,11.976462364196777,1,45,False
GRID,GRID-00315,2026-W34,0,0.0,,,,,,Tree cover,11.976462364196777,1,45,False
GRID,GRID-00316,2026-W34,0,0.0,,,,,,Tree cover,11.976462364196777,1,45,False
GRID,GRID-00317,2026-W34,0,0.0,,,,,,Tree cover,6.219151496887207,3,33,False
GRID,GRID-00318,2026-W34,0,0.0,,,,,,Tree cover,6.219151496887207,3,33,False
GRID,GRID-00319,2026-W34,0,0.0,,,,,,Tree cover,6.219151496887207,3,33,False
GRID,GRID-00320,2026-W34,0,0.0,,,,,,Cropland,6.219151496887207,3,33,False
GRID,GRID-00321,2026-W34,0,0.0,,,,,,Tree cover,6.219151496887207,3,33,False
GRID,GRID-00322,2026-W34,0,0.0,,,,,,Cropland,5.7934091091156,3,33,False
GRID,GRID-00323,2026-W34,0,0.0,,,,,,Cropland,5.367666721343994,3,33,False
GRID,GRID-00324,2026-W34,0,0.0,,,,,,Cropland,5.367666721343994,3,33,False
GRID,GRID-00325,2026-W34,0,0.0,,,,,,Cropland,5.367666721343994,3,33,False
GRID,GRID-00326,2026-W34,0,0.0,,,,,,Tree cover,5.367666721343994,3,33,False
GRID,GRID-00327,2026-W34,0,0.0,,,,,,Built-up,5.367666721343994,3,33,False
GRID,GRID-00328,2026-W34,0,0.0,,,,,,Cropland,7.0169806480407715,3,40,False
GRID,GRID-00329,2026-W34,0,0.0,,,,,,Cropland,7.0169806480407715,3,40,False
GRID,GRID-00330,2026-W34,0,0.0,,,,,,Cropland,7.0169806480407715,3,40,False
GRID,GRID-00331,2026-W34,0,0.0,,,,,,Cropland,7.0169806480407715,3,40,False
GRID,GRID-00332,2026-W34,0,0.0,,,,,,Cropland,7.0169806480407715,3,40,False
GRID,GRID-00333,2026-W34,0,0.0,,,,,,Cropland,7.234565604816784,3,52,False
GRID,GRID-00334,2026-W34,0,0.0,,,,,,Cropland,7.415886402130127,3,29,False
GRID,GRID-00335,2026-W34,0,0.0,,,,,,Cropland,7.415886402130127,3,29,False
GRID,GRID-00336,2026-W34,0,0.0,,,,,,Cropland,7.415886402130127,3,29,False
GRID,GRID-00337,2026-W34,0,0.0,,,,,,Cropland,7.415886402130127,3,29,False
GRID,GRID-00338,2026-W34,0,0.0,,,,,,Cropland,7.415886402130127,3,29,False
GRID,GRID-00339,2026-W34,0,0.0,,,,,,Tree cover,6.873979091644287,3,29,False
GRID,GRID-00340,2026-W34,0,0.0,,,,,,Cropland,6.873979091644287,3,29,False
GRID,GRID-00341,2026-W34,0,0.0,,,,,,Cropland,6.873979091644287,3,29,False
GRID,GRID-00342,2026-W34,0,0.0,,,,,,Cropland,6.873979091644287,3,29,False
GRID,GRID-00343,2026-W34,0,0.0,,,,,,Cropland,6.873979091644287,3,29,False
GRID,GRID-00344,2026-W34,0,0.0,,,,,,Cropland,6.873979091644287,3,29,False
GRID,GRID-00345,2026-W34,0,0.0,,,,,,Tree cover,13.165723133087159,2,31,False
GRID,GRID-00346,2026-W34,0,0.0,,,,,,Tree cover,12.078303380446002,2,31,False
GRID,GRID-00347,2026-W34,0,0.0,,,,,,Tree cover,12.154176902770995,2,31,False
GRID,GRID-00348,2026-W34,0,0.0,,,,,,Tree cover,12.154176902770995,2,31,False
GRID,GRID-00349,2026-W34,0,0.0,,,,,,Tree cover,12.154176902770995,2,31,False
GRID,GRID-00350,2026-W34,0,0.0,,,,,,Tree cover,12.26798718625849,2,31,False
GRID,GRID-00351,2026-W34,0,0.0,,,,,,Tree cover,14.730164337158202,1,31,False
GRID,GRID-00352,2026-W34,0,0.0,,,,,,Tree cover,14.730164337158202,1,31,False
GRID,GRID-00353,2026-W34,0,0.0,,,,,,Tree cover,14.96190893650055,2,31,False
GRID,GRID-00354,2026-W34,0,0.0,,,,,,Cropland,14.730164337158202,1,31,False
GRID,GRID-00355,2026-W34,0,0.0,,,,,,Cropland,14.856570482254028,2,31,False
GRID,GRID-00356,2026-W34,0,0.0,,,,,,Cropland,14.730164337158202,1,31,False
GRID,GRID-00357,2026-W34,0,0.0,,,,,,Cropland,12.77843541758401,1,31,False
GRID,GRID-00358,2026-W34,0,0.0,,,,,,Tree cover,0.0,67,67,False
GRID,GRID-00359,2026-W34,0,0.0,,,,,,Tree cover,0.0,67,67,False
GRID,GRID-00360,2026-W34,0,0.0,,,,,,Tree cover,11.264834057201039,1,34,False
GRID,GRID-00361,2026-W34,0,0.0,,,,,,Tree cover,11.350229454040527,1,34,False
GRID,GRID-00362,2026-W34,0,0.0,,,,,,Tree cover,11.264834057201039,1,34,False
GRID,GRID-00363,2026-W34,0,0.0,,,,,,Tree cover,11.350229454040527,1,34,False
GRID,GRID-00364,2026-W34,0,0.0,,,,,,Tree cover,6.002443747086959,3,33,False
GRID,GRID-00365,2026-W34,0,0.0,,,,,,Tree cover,6.028448677062988,3,33,False
GRID,GRID-00366,2026-W34,0,0.0,,,,,,Tree cover,6.002443747086959,3,33,False
GRID,GRID-00367,2026-W34,0,0.0,,,,,,Tree cover,6.028448677062988,3,33,False
GRID,GRID-00368,2026-W34,0,0.0,,,,,,Tree cover,6.028448677062988,3,33,False
GRID,GRID-00369,2026-W34,0,0.0,,,,,,Cropland,5.464472150802612,3,33,False
GRID,GRID-00370,2026-W34,0,0.0,,,,,,Cropland,4.900495624542237,3,33,False
GRID,GRID-00371,2026-W34,0,0.0,,,,,,Cropland,4.942965724251487,3,33,False
GRID,GRID-00372,2026-W34,0,0.0,,,,,,Tree cover,4.900495624542237,3,33,False
GRID,GRID-00373,2026-W34,0,0.0,,,,,,Tree cover,4.942965724251487,3,33,False
GRID,GRID-00374,2026-W34,0,0.0,,,,,,Cropland,4.900495624542237,3,33,False
GRID,GRID-00375,2026-W34,0,0.0,,,,,,Cropland,6.538733439012008,3,33,False
GRID,GRID-00376,2026-W34,0,0.0,,,,,,Cropland,6.490908718109131,3,33,False
GRID,GRID-00377,2026-W34,0,0.0,,,,,,Cropland,6.490908718109131,3,33,False
GRID,GRID-00378,2026-W34,0,0.0,,,,,,Cropland,6.538733439012008,3,33,False
GRID,GRID-00379,2026-W34,0,0.0,,,,,,Cropland,6.490908718109131,3,33,False
GRID,GRID-00380,2026-W34,0,0.0,,,,,,Cropland,6.708723640441893,3,45,False
GRID,GRID-00381,2026-W34,0,0.0,,,,,,Cropland,6.926538562774658,3,29,False
GRID,GRID-00382,2026-W34,0,0.0,,,,,,Cropland,6.971024729988792,3,29,False
GRID,GRID-00383,2026-W34,0,0.0,,,,,,Cropland,7.008096536000569,3,29,False
GRID,GRID-00384,2026-W34,0,0.0,,,,,,Cropland,7.082240148024126,3,29,False
GRID,GRID-00385,2026-W34,0,0.0,,,,,,Cropland,7.008096536000569,3,29,False
GRID,GRID-00386,2026-W34,0,0.0,,,,,,Cropland,6.664764499664306,3,29,False
GRID,GRID-00387,2026-W34,0,0.0,,,,,,Cropland,6.588686466217041,3,29,False
GRID,GRID-00388,2026-W34,0,0.0,,,,,,Tree cover,6.664764499664306,3,29,False
GRID,GRID-00389,2026-W34,0,0.0,,,,,,Cropland,6.588686466217041,3,29,False
GRID,GRID-00390,2026-W34,0,0.0,,,,,,Cropland,6.664764499664306,3,29,False
GRID,GRID-00391,2026-W34,0,0.0,,,,,,Cropland,8.317288446426392,0,52,False
GRID,GRID-00392,2026-W34,0,0.0,,,,,,Cropland,9.76774533589681,0,54,False
GRID,GRID-00393,2026-W34,0,0.0,,,,,,Cropland,8.757410049438477,0,54,False
GRID,GRID-00394,2026-W34,0,0.0,,,,,,Tree cover,12.235174655914307,2,31,False
GRID,GRID-00395,2026-W34,0,0.0,,,,,,Tree cover,11.319568157196045,3,31,False
GRID,GRID-00396,2026-W34,0,0.0,,,,,,Tree cover,11.319568157196045,3,31,False
GRID,GRID-00397,2026-W34,0,0.0,,,,,,Tree cover,11.319568157196045,3,31,False
GRID,GRID-00398,2026-W34,0,0.0,,,,,,Tree cover,11.319568157196045,3,31,False
GRID,GRID-00399,2026-W34,0,0.0,,,,,,Tree cover,11.319568157196045,3,31,False
GRID,GRID-00400,2026-W34,0,0.0,,,,,,Tree cover,13.803185939788818,1,31,False
GRID,GRID-00401,2026-W34,0,0.0,,,,,,Tree cover,13.803185939788818,1,31,False
GRID,GRID-00402,2026-W34,0,0.0,,,,,,Tree cover,13.803185939788818,1,31,False
GRID,GRID-00403,2026-W34,0,0.0,,,,,,Cropland,13.803185939788818,1,31,False
GRID,GRID-00404,2026-W34,0,0.0,,,,,,Cropland,13.803185939788818,1,31,False
GRID,GRID-00405,2026-W34,0,0.0,,,,,,Tree cover,13.803185939788818,1,31,False
GRID,GRID-00406,2026-W34,0,0.0,,,,,,Tree cover,12.616054892539978,1,31,False
GRID,GRID-00407,2026-W34,0,0.0,,,,,,Tree cover,12.616054892539978,1,31,False
GRID,GRID-00408,2026-W34,0,0.0,,,,,,Tree cover,0.0,67,67,False
GRID,GRID-00409,2026-W34,0,0.0,,,,,,Tree cover,12.616054892539978,1,31,False
GRID,GRID-00410,2026-W34,0,0.0,,,,,,Tree cover,10.410880088806152,1,34,False
GRID,GRID-00411,2026-W34,0,0.0,,,,,,Tree cover,10.410880088806152,1,34,False
GRID,GRID-00412,2026-W34,0,0.0,,,,,,Tree cover,10.410880088806152,1,34,False
GRID,GRID-00413,2026-W34,0,0.0,,,,,,Tree cover,10.410880088806152,1,34,False
GRID,GRID-00414,2026-W34,0,0.0,,,,,,Tree cover,10.410880088806152,1,34,False
GRID,GRID-00415,2026-W34,0,0.0,,,,,,Tree cover,10.410880088806152,1,34,False
GRID,GRID-00416,2026-W34,0,0.0,,,,,,Tree cover,5.74239444732666,3,33,False
GRID,GRID-00417,2026-W34,0,0.0,,,,,,Tree cover,5.74239444732666,3,33,False
GRID,GRID-00418,2026-W34,0,0.0,,,,,,Built-up,5.74239444732666,3,33,False
GRID,GRID-00419,2026-W34,0,0.0,,,,,,Tree cover,5.74239444732666,3,33,False
GRID,GRID-00420,2026-W34,0,0.0,,,,,,Tree cover,5.74239444732666,3,33,False
GRID,GRID-00421,2026-W34,0,0.0,,,,,,Cropland,4.9009460102428095,3,33,False
GRID,GRID-00422,2026-W34,0,0.0,,,,,,Tree cover,4.1997389793396,3,33,False
GRID,GRID-00423,2026-W34,0,0.0,,,,,,Cropland,4.1997389793396,3,33,False
GRID,GRID-00424,2026-W34,0,0.0,,,,,,Cropland,4.1997389793396,3,33,False
GRID,GRID-00425,2026-W34,0,0.0,,,,,,Tree cover,4.1997389793396,3,33,False
GRID,GRID-00426,2026-W34,0,0.0,,,,,,Built-up,4.1997389793396,3,33,False
GRID,GRID-00427,2026-W34,0,0.0,,,,,,Cropland,5.70180082321167,3,33,False
GRID,GRID-00428,2026-W34,0,0.0,,,,,,Cropland,5.70180082321167,3,33,False
GRID,GRID-00429,2026-W34,0,0.0,,,,,,Cropland,5.70180082321167,3,33,False
GRID,GRID-00430,2026-W34,0,0.0,,,,,,Cropland,5.70180082321167,3,33,False
GRID,GRID-00431,2026-W34,0,0.0,,,,,,Cropland,5.70180082321167,3,33,False
GRID,GRID-00432,2026-W34,0,0.0,,,,,,Cropland,5.9471588134765625,3,33,False
GRID,GRID-00433,2026-W34,0,0.0,,,,,,Cropland,6.192516803741455,3,29,False
GRID,GRID-00434,2026-W34,0,0.0,,,,,,Cropland,6.192516803741455,3,29,False
GRID,GRID-00435,2026-W34,0,0.0,,,,,,Cropland,6.192516803741455,3,29,False
GRID,GRID-00436,2026-W34,0,0.0,,,,,,Tree cover,6.192516803741455,3,29,False
GRID,GRID-00437,2026-W34,0,0.0,,,,,,Cropland,6.192516803741455,3,29,False
GRID,GRID-00438,2026-W34,0,0.0,,,,,,Cropland,5.827906131744385,3,29,False
GRID,GRID-00439,2026-W34,0,0.0,,,,,,Cropland,5.827906131744385,3,29,False
GRID,GRID-00440,2026-W34,0,0.0,,,,,,Cropland,5.827906131744385,3,29,False
GRID,GRID-00441,2026-W34,0,0.0,,,,,,Cropland,5.827906131744385,3,29,False
GRID,GRID-00442,2026-W34,0,0.0,,,,,,Cropland,5.827906131744385,3,29,False
GRID,GRID-00443,2026-W34,0,0.0,,,,,,Cropland,7.292658090591431,0,52,False
GRID,GRID-00444,2026-W34,0,0.0,,,,,,Cropland,8.757410049438477,0,54,False
GRID,GRID-00445,2026-W34,0,0.0,,,,,,Cropland,8.757410049438477,0,54,False
GRID,GRID-00446,2026-W34,0,0.0,,,,,,Cropland,0.0,67,67,False
GRID,GRID-00447,2026-W34,0,0.0,,,,,,Tree cover,12.235174655914307,2,31,False
GRID,GRID-00448,2026-W34,0,0.0,,,,,,Tree cover,11.319568157196045,3,31,False
GRID,GRID-00449,2026-W34,0,0.0,,,,,,Tree cover,11.319568157196045,3,31,False
GRID,GRID-00450,2026-W34,0,0.0,,,,,,Tree cover,11.319568157196045,3,31,False
GRID,GRID-00451,2026-W34,0,0.0,,,,,,Tree cover,11.319568157196045,3,31,False
GRID,GRID-00452,2026-W34,0,0.0,,,,,,Tree cover,11.319568157196045,3,31,False
GRID,GRID-00453,2026-W34,0,0.0,,,,,,Tree cover,13.803185939788818,1,31,False
GRID,GRID-00454,2026-W34,0,0.0,,,,,,Tree cover,13.803185939788818,1,31,False
GRID,GRID-00455,2026-W34,0,0.0,,,,,,Tree cover,13.803185939788818,1,31,False
GRID,GRID-00456,2026-W34,0,0.0,,,,,,Tree cover,13.803185939788818,1,31,False
GRID,GRID-00457,2026-W34,0,0.0,,,,,,Cropland,13.803185939788818,1,31,False
GRID,GRID-00458,2026-W34,0,0.0,,,,,,Cropland,13.803185939788818,1,31,False
GRID,GRID-00459,2026-W34,0,0.0,,,,,,Tree cover,12.616054892539978,1,31,False
GRID,GRID-00460,2026-W34,0,0.0,,,,,,Tree cover,12.616054892539978,1,31,False
GRID,GRID-00461,2026-W34,0,0.0,,,,,,Tree cover,12.616054892539978,1,31,False
GRID,GRID-00462,2026-W34,0,0.0,,,,,,Tree cover,12.616054892539978,1,31,False
GRID,GRID-00463,2026-W34,0,0.0,,,,,,Tree cover,12.616054892539978,1,31,False
GRID,GRID-00464,2026-W34,0,0.0,,,,,,Tree cover,10.410880088806152,1,34,False
GRID,GRID-00465,2026-W34,0,0.0,,,,,,Tree cover,10.410880088806152,1,34,False
GRID,GRID-00466,2026-W34,0,0.0,,,,,,Tree cover,10.410880088806152,1,34,False
GRID,GRID-00467,2026-W34,0,0.0,,,,,,Tree cover,10.410880088806152,1,34,False
GRID,GRID-00468,2026-W34,0,0.0,,,,,,Tree cover,10.410880088806152,1,34,False
GRID,GRID-00469,2026-W34,0,0.0,,,,,,Tree cover,10.410880088806152,1,34,False
GRID,GRID-00470,2026-W34,0,0.0,,,,,,Cropland,5.74239444732666,3,33,False
GRID,GRID-00471,2026-W34,0,0.0,,,,,,Built-up,5.74239444732666,3,33,False
GRID,GRID-00472,2026-W34,0,0.0,,,,,,Cropland,5.74239444732666,3,33,False
GRID,GRID-00473,2026-W34,0,0.0,,,,,,Tree cover,5.74239444732666,3,33,False
GRID,GRID-00474,2026-W34,0,0.0,,,,,,Cropland,5.74239444732666,3,33,False
GRID,GRID-00475,2026-W34,0,0.0,,,,,,Cropland,4.97106671333313,3,33,False
GRID,GRID-00476,2026-W34,0,0.0,,,,,,Cropland,4.1997389793396,3,33,False
GRID,GRID-00477,2026-W34,0,0.0,,,,,,Cropland,4.1997389793396,3,33,False
GRID,GRID-00478,2026-W34,0,0.0,,,,,,Tree cover,4.1997389793396,3,33,False
GRID,GRID-00479,2026-W34,0,0.0,,,,,,Cropland,4.1997389793396,3,33,False
GRID,GRID-00480,2026-W34,0,0.0,,,,,,Cropland,4.1997389793396,3,33,False
GRID,GRID-00481,2026-W34,0,0.0,,,,,,Cropland,5.70180082321167,3,33,False
GRID,GRID-00482,2026-W34,0,0.0,,,,,,Cropland,5.70180082321167,3,33,False
GRID,GRID-00483,2026-W34,0,0.0,,,,,,Cropland,5.70180082321167,3,33,False
GRID,GRID-00484,2026-W34,0,0.0,,,,,,Cropland,5.70180082321167,3,33,False
GRID,GRID-00485,2026-W34,0,0.0,,,,,,Cropland,5.70180082321167,3,33,False
GRID,GRID-00486,2026-W34,0,0.0,,,,,,Cropland,5.924853541634299,3,33,False
GRID,GRID-00487,2026-W34,0,0.0,,,,,,Cropland,6.192516803741455,3,29,False
GRID,GRID-00488,2026-W34,0,0.0,,,,,,Cropland,6.192516803741455,3,29,False
GRID,GRID-00489,2026-W34,0,0.0,,,,,,Cropland,6.192516803741455,3,29,False
GRID,GRID-00490,2026-W34,0,0.0,,,,,,Tree cover,6.192516803741455,3,29,False
GRID,GRID-00491,2026-W34,0,0.0,,,,,,Cropland,6.192516803741455,3,29,False
GRID,GRID-00492,2026-W34,0,0.0,,,,,,Cropland,5.827906131744385,3,29,False
GRID,GRID-00493,2026-W34,0,0.0,,,,,,Cropland,5.827906131744385,3,29,False
GRID,GRID-00494,2026-W34,0,0.0,,,,,,Cropland,5.827906131744385,3,29,False
GRID,GRID-00495,2026-W34,0,0.0,,,,,,Cropland,5.827906131744385,3,29,False
GRID,GRID-00496,2026-W34,0,0.0,,,,,,Cropland,5.827906131744385,3,29,False
GRID,GRID-00497,2026-W34,0,0.0,,,,,,Cropland,7.292658090591431,0,52,False
GRID,GRID-00498,2026-W34,0,0.0,,,,,,Cropland,8.757410049438477,0,54,False
GRID,GRID-00499,2026-W34,0,0.0,,,,,,Cropland,8.757410049438477,0,54,False
GRID,GRID-00500,2026-W34,0,0.0,,,,,,Cropland,0.0,67,67,False
GRID,GRID-00501,2026-W34,0,0.0,,,,,,Tree cover,12.235174655914307,2,31,False
GRID,GRID-00502,2026-W34,0,0.0,,,,,,Tree cover,12.235174655914307,2,31,False
GRID,GRID-00503,2026-W34,0,0.0,,,,,,Tree cover,11.319568157196045,3,31,False
GRID,GRID-00504,2026-W34,0,0.0,,,,,,Tree cover,11.319568157196045,3,31,False
GRID,GRID-00505,2026-W34,0,0.0,,,,,,Tree cover,11.319568157196045,3,31,False
GRID,GRID-00506,2026-W34,0,0.0,,,,,,Tree cover,11.319568157196045,3,31,False
GRID,GRID-00507,2026-W34,0,0.0,,,,,,Tree cover,11.319568157196045,3,31,False
GRID,GRID-00508,2026-W34,0,0.0,,,,,,Tree cover,13.803185939788818,1,31,False
GRID,GRID-00509,2026-W34,0,0.0,,,,,,Tree cover,13.803185939788818,1,31,False
GRID,GRID-00510,2026-W34,0,0.0,,,,,,Tree cover,13.803185939788818,1,31,False
GRID,GRID-00511,2026-W34,0,0.0,,,,,,Cropland,13.803185939788818,1,31,False
GRID,GRID-00512,2026-W34,0,0.0,,,,,,Cropland,13.803185939788818,1,31,False
GRID,GRID-00513,2026-W34,0,0.0,,,,,,Tree cover,13.803185939788818,1,31,False
GRID,GRID-00514,2026-W34,0,0.0,,,,,,Tree cover,12.616054892539978,1,31,False
GRID,GRID-00515,2026-W34,0,0.0,,,,,,Tree cover,12.616054892539978,1,31,False
GRID,GRID-00516,2026-W34,0,0.0,,,,,,Tree cover,12.616054892539978,1,31,False
GRID,GRID-00517,2026-W34,0,0.0,,,,,,Tree cover,12.616054892539978,1,31,False
GRID,GRID-00518,2026-W34,0,0.0,,,,,,Tree cover,12.616054892539978,1,31,False
GRID,GRID-00519,2026-W34,0,0.0,,,,,,Tree cover,10.410880088806152,1,34,False
GRID,GRID-00520,2026-W34,0,0.0,,,,,,Tree cover,10.410880088806152,1,34,False
GRID,GRID-00521,2026-W34,0,0.0,,,,,,Tree cover,10.410880088806152,1,34,False
GRID,GRID-00522,2026-W34,0,0.0,,,,,,Tree cover,10.410880088806152,1,34,False
GRID,GRID-00523,2026-W34,0,0.0,,,,,,Tree cover,10.410880088806152,1,34,False
GRID,GRID-00524,2026-W34,0,0.0,,,,,,Tree cover,10.410880088806152,1,34,False
GRID,GRID-00525,2026-W34,0,0.0,,,,,,Tree cover,5.74239444732666,3,33,False
GRID,GRID-00526,2026-W34,0,0.0,,,,,,Built-up,5.74239444732666,3,33,False
GRID,GRID-00527,2026-W34,0,0.0,,,,,,Tree cover,5.74239444732666,3,33,False
GRID,GRID-00528,2026-W34,0,0.0,,,,,,Tree cover,5.74239444732666,3,33,False
GRID,GRID-00529,2026-W34,0,0.0,,,,,,Cropland,5.74239444732666,3,33,False
GRID,GRID-00530,2026-W34,0,0.0,,,,,,Cropland,4.97106671333313,3,33,False
GRID,GRID-00531,2026-W34,0,0.0,,,,,,Cropland,4.1997389793396,3,33,False
GRID,GRID-00532,2026-W34,0,0.0,,,,,,Cropland,4.1997389793396,3,33,False
GRID,GRID-00533,2026-W34,0,0.0,,,,,,Tree cover,4.1997389793396,3,33,False
GRID,GRID-00534,2026-W34,0,0.0,,,,,,Cropland,4.1997389793396,3,33,False
GRID,GRID-00535,2026-W34,0,0.0,,,,,,Cropland,4.1997389793396,3,33,False
GRID,GRID-00536,2026-W34,0,0.0,,,,,,Cropland,5.70180082321167,3,33,False
GRID,GRID-00537,2026-W34,0,0.0,,,,,,Built-up,5.70180082321167,3,33,False
GRID,GRID-00538,2026-W34,0,0.0,,,,,,Cropland,5.70180082321167,3,33,False
GRID,GRID-00539,2026-W34,0,0.0,,,,,,Cropland,5.70180082321167,3,33,False
GRID,GRID-00540,2026-W34,0,0.0,,,,,,Cropland,5.70180082321167,3,33,False
GRID,GRID-00541,2026-W34,0,0.0,,,,,,Cropland,5.969464085318826,3,45,False
GRID,GRID-00542,2026-W34,0,0.0,,,,,,Cropland,6.192516803741455,3,29,False
GRID,GRID-00543,2026-W34,0,0.0,,,,,,Cropland,6.192516803741455,3,29,False
GRID,GRID-00544,2026-W34,0,0.0,,,,,,Cropland,6.192516803741455,3,29,False
GRID,GRID-00545,2026-W34,0,0.0,,,,,,Tree cover,6.192516803741455,3,29,False
GRID,GRID-00546,2026-W34,0,0.0,,,,,,Cropland,6.192516803741455,3,29,False
GRID,GRID-00547,2026-W34,0,0.0,,,,,,Built-up,5.827906131744385,3,29,False
GRID,GRID-00548,2026-W34,0,0.0,,,,,,Cropland,5.827906131744385,3,29,False
GRID,GRID-00549,2026-W34,0,0.0,,,,,,Cropland,5.827906131744385,3,29,False
GRID,GRID-00550,2026-W34,0,0.0,,,,,,Cropland,5.827906131744385,3,29,False
GRID,GRID-00551,2026-W34,0,0.0,,,,,,Cropland,5.827906131744385,3,29,False
GRID,GRID-00552,2026-W34,0,0.0,,,,,,Cropland,7.159498821605336,0,52,False
GRID,GRID-00553,2026-W34,0,0.0,,,,,,Cropland,8.757410049438477,0,54,False
GRID,GRID-00554,2026-W34,0,0.0,,,,,,Cropland,8.757410049438477,0,54,False
GRID,GRID-00555,2026-W34,0,0.0,,,,,,Tree cover,12.235174655914307,2,31,False
GRID,GRID-00556,2026-W34,0,0.0,,,,,,Tree cover,12.235174655914307,2,31,False
GRID,GRID-00557,2026-W34,0,0.0,,,,,,Tree cover,11.319568157196045,3,31,False
GRID,GRID-00558,2026-W34,0,0.0,,,,,,Tree cover,11.319568157196045,3,31,False
GRID,GRID-00559,2026-W34,0,0.0,,,,,,Tree cover,11.319568157196045,3,31,False
GRID,GRID-00560,2026-W34,0,0.0,,,,,,Tree cover,11.319568157196045,3,31,False
GRID,GRID-00561,2026-W34,0,0.0,,,,,,Tree cover,11.319568157196045,3,31,False
GRID,GRID-00562,2026-W34,0,0.0,,,,,,Tree cover,13.803185939788818,1,31,False
GRID,GRID-00563,2026-W34,0,0.0,,,,,,Cropland,13.803185939788818,1,31,False
GRID,GRID-00564,2026-W34,0,0.0,,,,,,Tree cover,13.803185939788818,1,31,False
GRID,GRID-00565,2026-W34,0,0.0,,,,,,Cropland,13.803185939788818,1,31,False
GRID,GRID-00566,2026-W34,0,0.0,,,,,,Tree cover,13.803185939788818,1,31,False
GRID,GRID-00567,2026-W34,0,0.0,,,,,,Tree cover,13.803185939788818,1,31,False
GRID,GRID-00568,2026-W34,0,0.0,,,,,,Tree cover,12.616054892539978,1,31,False
GRID,GRID-00569,2026-W34,0,0.0,,,,,,Tree cover,12.616054892539978,1,31,False
GRID,GRID-00570,2026-W34,0,0.0,,,,,,Tree cover,12.616054892539978,1,31,False
GRID,GRID-00571,2026-W34,0,0.0,,,,,,Tree cover,12.616054892539978,1,31,False
GRID,GRID-00572,2026-W34,0,0.0,,,,,,Tree cover,12.616054892539978,1,31,False
GRID,GRID-00573,2026-W34,0,0.0,,,,,,Tree cover,10.410880088806152,1,34,False
GRID,GRID-00574,2026-W34,0,0.0,,,,,,Tree cover,10.410880088806152,1,34,False
GRID,GRID-00575,2026-W34,0,0.0,,,,,,Tree cover,10.410880088806152,1,34,False
GRID,GRID-00576,2026-W34,0,0.0,,,,,,Cropland,10.410880088806152,1,34,False
GRID,GRID-00577,2026-W34,0,0.0,,,,,,Tree cover,10.410880088806152,1,34,False
GRID,GRID-00578,2026-W34,0,0.0,,,,,,Tree cover,10.410880088806152,1,34,False
GRID,GRID-00579,2026-W34,0,0.0,,,,,,Cropland,5.74239444732666,3,33,False
GRID,GRID-00580,2026-W34,0,0.0,,,,,,Built-up,5.74239444732666,3,33,False
GRID,GRID-00581,2026-W34,0,0.0,,,,,,Cropland,5.74239444732666,3,33,False
GRID,GRID-00582,2026-W34,0,0.0,,,,,,Tree cover,5.74239444732666,3,33,False
GRID,GRID-00583,2026-W34,0,0.0,,,,,,Cropland,5.74239444732666,3,33,False
GRID,GRID-00584,2026-W34,0,0.0,,,,,,Tree cover,5.041187416423451,3,33,False
GRID,GRID-00585,2026-W34,0,0.0,,,,,,Tree cover,4.1997389793396,3,33,False
GRID,GRID-00586,2026-W34,0,0.0,,,,,,Tree cover,4.1997389793396,3,33,False
GRID,GRID-00587,2026-W34,0,0.0,,,,,,Tree cover,4.1997389793396,3,33,False
GRID,GRID-00588,2026-W34,0,0.0,,,,,,Built-up,4.1997389793396,3,33,False
GRID,GRID-00589,2026-W34,0,0.0,,,,,,Cropland,4.1997389793396,3,33,False
GRID,GRID-00590,2026-W34,0,0.0,,,,,,Built-up,5.70180082321167,3,33,False
GRID,GRID-00591,2026-W34,0,0.0,,,,,,Cropland,5.70180082321167,3,33,False
GRID,GRID-00592,2026-W34,0,0.0,,,,,,Cropland,5.70180082321167,3,33,False
GRID,GRID-00593,2026-W34,0,0.0,,,,,,Cropland,5.70180082321167,3,33,False
GRID,GRID-00594,2026-W34,0,0.0,,,,,,Cropland,5.70180082321167,3,33,False
GRID,GRID-00595,2026-W34,0,0.0,,,,,,Cropland,5.9471588134765625,3,33,False
GRID,GRID-00596,2026-W34,0,0.0,,,,,,Cropland,6.192516803741455,3,29,False
GRID,GRID-00597,2026-W34,0,0.0,,,,,,Cropland,6.192516803741455,3,29,False
GRID,GRID-00598,2026-W34,0,0.0,,,,,,Cropland,6.192516803741455,3,29,False
GRID,GRID-00599,2026-W34,0,0.0,,,,,,Cropland,6.192516803741455,3,29,False
GRID,GRID-00600,2026-W34,0,0.0,,,,,,Cropland,6.192516803741455,3,29,False
GRID,GRID-00601,2026-W34,0,0.0,,,,,,Tree cover,5.827906131744385,3,29,False
GRID,GRID-00602,2026-W34,0,0.0,,,,,,Cropland,5.827906131744385,3,29,False
GRID,GRID-00603,2026-W34,0,0.0,,,,,,Cropland,5.827906131744385,3,29,False
GRID,GRID-00604,2026-W34,0,0.0,,,,,,Cropland,5.827906131744385,3,29,False
GRID,GRID-00605,2026-W34,0,0.0,,,,,,Cropland,5.827906131744385,3,29,False
GRID,GRID-00606,2026-W34,0,0.0,,,,,,Cropland,7.425817359577526,0,52,False
GRID,GRID-00607,2026-W34,0,0.0,,,,,,Cropland,8.757410049438477,0,54,False
GRID,GRID-00608,2026-W34,0,0.0,,,,,,Cropland,8.757410049438477,0,54,False
GRID,GRID-00609,2026-W34,0,0.0,,,,,,Tree cover,12.235174655914307,2,31,False
GRID,GRID-00610,2026-W34,0,0.0,,,,,,Tree cover,12.235174655914307,2,31,False
GRID,GRID-00611,2026-W34,0,0.0,,,,,,Tree cover,12.235174655914307,2,31,False
GRID,GRID-00612,2026-W34,0,0.0,,,,,,Tree cover,11.319568157196045,3,31,False
GRID,GRID-00613,2026-W34,0,0.0,,,,,,Cropland,11.319568157196045,3,31,False
GRID,GRID-00614,2026-W34,0,0.0,,,,,,Tree cover,11.319568157196045,3,31,False
GRID,GRID-00615,2026-W34,0,0.0,,,,,,Tree cover,11.319568157196045,3,31,False
GRID,GRID-00616,2026-W34,0,0.0,,,,,,Tree cover,11.319568157196045,3,31,False
GRID,GRID-00617,2026-W34,0,0.0,,,,,,Cropland,13.803185939788818,1,31,False
GRID,GRID-00618,2026-W34,0,0.0,,,,,,Tree cover,13.803185939788818,1,31,False
GRID,GRID-00619,2026-W34,0,0.0,,,,,,Tree cover,13.803185939788818,1,31,False
GRID,GRID-00620,2026-W34,0,0.0,,,,,,Cropland,13.803185939788818,1,31,False
GRID,GRID-00621,2026-W34,0,0.0,,,,,,Cropland,13.803185939788818,1,31,False
GRID,GRID-00622,2026-W34,0,0.0,,,,,,Tree cover,13.803185939788818,1,31,False
GRID,GRID-00623,2026-W34,0,0.0,,,,,,Tree cover,12.616054892539978,1,31,False
GRID,GRID-00624,2026-W34,0,0.0,,,,,,Tree cover,12.616054892539978,1,31,False
GRID,GRID-00625,2026-W34,0,0.0,,,,,,Tree cover,12.616054892539978,1,31,False
GRID,GRID-00626,2026-W34,0,0.0,,,,,,Tree cover,12.616054892539978,1,31,False
GRID,GRID-00627,2026-W34,0,0.0,,,,,,Tree cover,12.616054892539978,1,31,False
GRID,GRID-00628,2026-W34,0,0.0,,,,,,Tree cover,10.410880088806152,1,34,False
GRID,GRID-00629,2026-W34,0,0.0,,,,,,Tree cover,10.410880088806152,1,34,False
GRID,GRID-00630,2026-W34,0,0.0,,,,,,Tree cover,10.410880088806152,1,34,False
GRID,GRID-00631,2026-W34,0,0.0,,,,,,Tree cover,10.410880088806152,1,34,False
GRID,GRID-00632,2026-W34,0,0.0,,,,,,Tree cover,10.410880088806152,1,34,False
GRID,GRID-00633,2026-W34,0,0.0,,,,,,Tree cover,10.410880088806152,1,34,False
GRID,GRID-00634,2026-W34,0,0.0,,,,,,Cropland,5.74239444732666,3,33,False
GRID,GRID-00635,2026-W34,0,0.0,,,,,,Built-up,5.74239444732666,3,33,False
GRID,GRID-00636,2026-W34,0,0.0,,,,,,Built-up,5.74239444732666,3,33,False
GRID,GRID-00637,2026-W34,0,0.0,,,,,,Tree cover,5.74239444732666,3,33,False
GRID,GRID-00638,2026-W34,0,0.0,,,,,,Tree cover,5.74239444732666,3,33,False
GRID,GRID-00639,2026-W34,0,0.0,,,,,,Tree cover,4.9009460102428095,3,33,False
GRID,GRID-00640,2026-W34,0,0.0,,,,,,Tree cover,4.1997389793396,3,33,False
GRID,GRID-00641,2026-W34,0,0.0,,,,,,Tree cover,4.1997389793396,3,33,False
GRID,GRID-00642,2026-W34,0,0.0,,,,,,Tree cover,4.1997389793396,3,33,False
GRID,GRID-00643,2026-W34,0,0.0,,,,,,Cropland,4.1997389793396,3,33,False
GRID,GRID-00644,2026-W34,0,0.0,,,,,,Cropland,4.1997389793396,3,33,False
GRID,GRID-00645,2026-W34,0,0.0,,,,,,Built-up,5.70180082321167,3,33,False
GRID,GRID-00646,2026-W34,0,0.0,,,,,,Cropland,5.70180082321167,3,33,False
GRID,GRID-00647,2026-W34,0,0.0,,,,,,Cropland,5.70180082321167,3,33,False
GRID,GRID-00648,2026-W34,0,0.0,,,,,,Cropland,5.70180082321167,3,33,False
GRID,GRID-00649,2026-W34,0,0.0,,,,,,Cropland,5.70180082321167,3,33,False
GRID,GRID-00650,2026-W34,0,0.0,,,,,,Cropland,5.9471588134765625,3,33,False
GRID,GRID-00651,2026-W34,0,0.0,,,,,,Cropland,6.192516803741455,3,29,False
GRID,GRID-00652,2026-W34,0,0.0,,,,,,Cropland,6.192516803741455,3,29,False
GRID,GRID-00653,2026-W34,0,0.0,,,,,,Cropland,6.192516803741455,3,29,False
GRID,GRID-00654,2026-W34,0,0.0,,,,,,Cropland,6.192516803741455,3,29,False
GRID,GRID-00655,2026-W34,0,0.0,,,,,,Tree cover,6.192516803741455,3,29,False
GRID,GRID-00656,2026-W34,0,0.0,,,,,,Cropland,5.827906131744385,3,29,False
GRID,GRID-00657,2026-W34,0,0.0,,,,,,Cropland,5.827906131744385,3,29,False
GRID,GRID-00658,2026-W34,0,0.0,,,,,,Cropland,5.827906131744385,3,29,False
GRID,GRID-00659,2026-W34,0,0.0,,,,,,Cropland,5.827906131744385,3,29,False
GRID,GRID-00660,2026-W34,0,0.0,,,,,,Cropland,5.827906131744385,3,29,False
GRID,GRID-00661,2026-W34,0,0.0,,,,,,Cropland,7.292658090591431,0,52,False
GRID,GRID-00662,2026-W34,0,0.0,,,,,,Cropland,8.757410049438477,0,54,False
GRID,GRID-00663,2026-W34,0,0.0,,,,,,Cropland,8.757410049438477,0,54,False
GRID,GRID-00664,2026-W34,0,0.0,,,,,,Tree cover,11.068944931030273,2,34,False
GRID,GRID-00665,2026-W34,0,0.0,,,,,,Tree cover,11.068944931030273,2,34,False
GRID,GRID-00666,2026-W34,0,0.0,,,,,,Tree cover,11.990710735321045,3,31,False
GRID,GRID-00667,2026-W34,0,0.0,,,,,,Tree cover,11.990710735321045,3,31,False
GRID,GRID-00668,2026-W34,0,0.0,,,,,,Tree cover,11.990710735321045,3,31,False
GRID,GRID-00669,2026-W34,0,0.0,,,,,,Cropland,11.990710735321045,3,31,False
GRID,GRID-00670,2026-W34,0,0.0,,,,,,Tree cover,11.990710735321045,3,31,False
GRID,GRID-00671,2026-W34,0,0.0,,,,,,Cropland,13.720770597457886,1,31,False
GRID,GRID-00672,2026-W34,0,0.0,,,,,,Tree cover,13.720770597457886,1,31,False
GRID,GRID-00673,2026-W34,0,0.0,,,,,,Tree cover,13.720770597457886,1,31,False
GRID,GRID-00674,2026-W34,0,0.0,,,,,,Tree cover,13.720770597457886,1,31,False
GRID,GRID-00675,2026-W34,0,0.0,,,,,,Tree cover,13.720770597457886,1,31,False
GRID,GRID-00676,2026-W34,0,0.0,,,,,,Tree cover,13.720770597457886,1,31,False
GRID,GRID-00677,2026-W34,0,0.0,,,,,,Tree cover,8.361029624938965,3,27,False
GRID,GRID-00678,2026-W34,0,0.0,,,,,,Tree cover,8.361029624938965,3,27,False
GRID,GRID-00679,2026-W34,0,0.0,,,,,,Tree cover,8.361029624938965,3,27,False
GRID,GRID-00680,2026-W34,0,0.0,,,,,,Tree cover,8.361029624938965,3,27,False
GRID,GRID-00681,2026-W34,0,0.0,,,,,,Tree cover,8.361029624938965,3,27,False
GRID,GRID-00682,2026-W34,0,0.0,,,,,,Tree cover,6.914165019989014,3,27,False
GRID,GRID-00683,2026-W34,0,0.0,,,,,,Tree cover,6.914165019989014,3,27,False
GRID,GRID-00684,2026-W34,0,0.0,,,,,,Tree cover,6.914165019989014,3,27,False
GRID,GRID-00685,2026-W34,0,0.0,,,,,,Tree cover,6.914165019989014,3,27,False
GRID,GRID-00686,2026-W34,0,0.0,,,,,,Tree cover,6.914165019989014,3,27,False
GRID,GRID-00687,2026-W34,0,0.0,,,,,,Cropland,6.914165019989014,3,27,False
GRID,GRID-00688,2026-W34,0,0.0,,,,,,Tree cover,7.015241449529475,3,27,False
GRID,GRID-00689,2026-W34,0,0.0,,,,,,Built-up,7.142526149749756,3,27,False
GRID,GRID-00690,2026-W34,0,0.0,,,,,,Cropland,7.015241449529475,3,27,False
GRID,GRID-00691,2026-W34,0,0.0,,,,,,Tree cover,7.142526149749756,3,27,False
GRID,GRID-00692,2026-W34,0,0.0,,,,,,Cropland,7.142526149749756,3,27,False
GRID,GRID-00693,2026-W34,0,0.0,,,,,,Tree cover,6.364125490188599,3,22,False
GRID,GRID-00694,2026-W34,0,0.0,,,,,,Tree cover,5.585724830627441,3,33,False
GRID,GRID-00695,2026-W34,0,0.0,,,,,,Tree cover,5.459726116874002,3,33,False
GRID,GRID-00696,2026-W34,0,0.0,,,,,,Cropland,5.585724830627441,3,33,False
GRID,GRID-00697,2026-W34,0,0.0,,,,,,Cropland,5.459726116874002,3,33,False
GRID,GRID-00698,2026-W34,0,0.0,,,,,,Cropland,5.354727188746135,3,33,False
GRID,GRID-00699,2026-W34,0,0.0,,,,,,Built-up,6.56941261291504,3,33,False
GRID,GRID-00700,2026-W34,0,0.0,,,,,,Built-up,6.505145072937012,3,33,False
GRID,GRID-00701,2026-W34,0,0.0,,,,,,Cropland,6.505145072937012,3,33,False
GRID,GRID-00702,2026-W34,0,0.0,,,,,,Built-up,6.490538813851097,3,33,False
GRID,GRID-00703,2026-W34,0,0.0,,,,,,Cropland,6.473011302947998,3,33,False
GRID,GRID-00704,2026-W34,0,0.0,,,,,,Cropland,6.5410606384277346,3,45,False
GRID,GRID-00705,2026-W34,0,0.0,,,,,,Cropland,6.609109973907471,3,22,False
GRID,GRID-00706,2026-W34,0,0.0,,,,,,Cropland,6.618578000502152,3,22,False
GRID,GRID-00707,2026-W34,0,0.0,,,,,,Cropland,6.609109973907471,3,22,False
GRID,GRID-00708,2026-W34,0,0.0,,,,,,Cropland,6.618578000502152,3,22,False
GRID,GRID-00709,2026-W34,0,0.0,,,,,,Cropland,6.609109973907471,3,22,False
GRID,GRID-00710,2026-W34,0,0.0,,,,,,Cropland,6.0835034370422365,3,22,False
GRID,GRID-00711,2026-W34,0,0.0,,,,,,Cropland,6.089312466708097,3,22,False
GRID,GRID-00712,2026-W34,0,0.0,,,,,,Cropland,6.0835034370422365,3,22,False
GRID,GRID-00713,2026-W34,0,0.0,,,,,,Cropland,6.0835034370422365,3,22,False
GRID,GRID-00714,2026-W34,0,0.0,,,,,,Cropland,6.0835034370422365,3,22,False
GRID,GRID-00715,2026-W34,0,0.0,,,,,,Cropland,7.453235292434693,0,45,False
GRID,GRID-00716,2026-W34,0,0.0,,,,,,Cropland,8.822967147827148,0,54,False
GRID,GRID-00717,2026-W34,0,0.0,,,,,,Tree cover,11.068944931030273,2,34,False
GRID,GRID-00718,2026-W34,0,0.0,,,,,,Tree cover,11.068944931030273,2,34,False
GRID,GRID-00719,2026-W34,0,0.0,,,,,,Tree cover,11.990710735321045,3,31,False
GRID,GRID-00720,2026-W34,0,0.0,,,,,,Tree cover,11.990710735321045,3,31,False
GRID,GRID-00721,2026-W34,0,0.0,,,,,,Tree cover,11.990710735321045,3,31,False
GRID,GRID-00722,2026-W34,0,0.0,,,,,,Tree cover,11.990710735321045,3,31,False
GRID,GRID-00723,2026-W34,0,0.0,,,,,,Tree cover,11.990710735321045,3,31,False
GRID,GRID-00724,2026-W34,0,0.0,,,,,,Tree cover,13.720770597457886,1,31,False
GRID,GRID-00725,2026-W34,0,0.0,,,,,,Tree cover,13.720770597457886,1,31,False
GRID,GRID-00726,2026-W34,0,0.0,,,,,,Tree cover,13.720770597457886,1,31,False
GRID,GRID-00727,2026-W34,0,0.0,,,,,,Tree cover,13.720770597457886,1,31,False
GRID,GRID-00728,2026-W34,0,0.0,,,,,,Cropland,13.720770597457886,1,31,False
GRID,GRID-00729,2026-W34,0,0.0,,,,,,Tree cover,13.720770597457886,1,31,False
GRID,GRID-00730,2026-W34,0,0.0,,,,,,Tree cover,8.361029624938965,3,27,False
GRID,GRID-00731,2026-W34,0,0.0,,,,,,Tree cover,8.361029624938965,3,27,False
GRID,GRID-00732,2026-W34,0,0.0,,,,,,Tree cover,8.361029624938965,3,27,False
GRID,GRID-00733,2026-W34,0,0.0,,,,,,Tree cover,8.361029624938965,3,27,False
GRID,GRID-00734,2026-W34,0,0.0,,,,,,Tree cover,8.361029624938965,3,27,False
GRID,GRID-00735,2026-W34,0,0.0,,,,,,Tree cover,6.914165019989014,3,27,False
GRID,GRID-00736,2026-W34,0,0.0,,,,,,Tree cover,6.914165019989014,3,27,False
GRID,GRID-00737,2026-W34,0,0.0,,,,,,Tree cover,6.914165019989014,3,27,False
GRID,GRID-00738,2026-W34,0,0.0,,,,,,Tree cover,6.914165019989014,3,27,False
GRID,GRID-00739,2026-W34,0,0.0,,,,,,Tree cover,6.914165019989014,3,27,False
GRID,GRID-00740,2026-W34,0,0.0,,,,,,Tree cover,6.914165019989014,3,27,False
GRID,GRID-00741,2026-W34,0,0.0,,,,,,Tree cover,7.142526149749756,3,27,False
GRID,GRID-00742,2026-W34,0,0.0,,,,,,Tree cover,7.142526149749756,3,27,False
GRID,GRID-00743,2026-W34,0,0.0,,,,,,Tree cover,7.142526149749756,3,27,False
GRID,GRID-00744,2026-W34,0,0.0,,,,,,Tree cover,7.142526149749756,3,27,False
GRID,GRID-00745,2026-W34,0,0.0,,,,,,Cropland,7.142526149749756,3,27,False
GRID,GRID-00746,2026-W34,0,0.0,,,,,,Cropland,6.364125490188599,3,22,False
GRID,GRID-00747,2026-W34,0,0.0,,,,,,Tree cover,5.585724830627441,3,33,False
GRID,GRID-00748,2026-W34,0,0.0,,,,,,Cropland,5.585724830627441,3,33,False
GRID,GRID-00749,2026-W34,0,0.0,,,,,,Cropland,5.585724830627441,3,33,False
GRID,GRID-00750,2026-W34,0,0.0,,,,,,Cropland,5.585724830627441,3,33,False
GRID,GRID-00751,2026-W34,0,0.0,,,,,,Cropland,5.585724830627441,3,33,False
GRID,GRID-00752,2026-W34,0,0.0,,,,,,Cropland,6.66581392288208,3,33,False
GRID,GRID-00753,2026-W34,0,0.0,,,,,,Built-up,6.66581392288208,3,33,False
GRID,GRID-00754,2026-W34,0,0.0,,,,,,Cropland,6.66581392288208,3,33,False
GRID,GRID-00755,2026-W34,0,0.0,,,,,,Cropland,6.66581392288208,3,33,False
GRID,GRID-00756,2026-W34,0,0.0,,,,,,Cropland,6.66581392288208,3,33,False
GRID,GRID-00757,2026-W34,0,0.0,,,,,,Cropland,6.689536094665528,3,45,True
GRID,GRID-00758,2026-W34,0,0.0,,,,,,Cropland,6.713258266448975,3,22,False
GRID,GRID-00759,2026-W34,0,0.0,,,,,,Cropland,6.713258266448975,3,22,False
GRID,GRID-00760,2026-W34,0,0.0,,,,,,Cropland,6.713258266448975,3,22,False
GRID,GRID-00761,2026-W34,0,0.0,,,,,,Cropland,6.713258266448975,3,22,False
GRID,GRID-00762,2026-W34,0,0.0,,,,,,Cropland,6.713258266448975,3,22,False
GRID,GRID-00763,2026-W34,0,0.0,,,,,,Tree cover,6.147402763366699,3,22,False
GRID,GRID-00764,2026-W34,0,0.0,,,,,,Cropland,6.147402763366699,3,22,False
GRID,GRID-00765,2026-W34,0,0.0,,,,,,Cropland,6.147402763366699,3,22,False
GRID,GRID-00766,2026-W34,0,0.0,,,,,,Cropland,6.147402763366699,3,22,False
GRID,GRID-00767,2026-W34,0,0.0,,,,,,Built-up,6.147402763366699,3,22,False
GRID,GRID-00768,2026-W34,0,0.0,,,,,,Cropland,7.371018062938343,0,45,False
GRID,GRID-00769,2026-W34,0,0.0,,,,,,Cropland,8.839356422424316,0,54,False
GRID,GRID-00770,2026-W34,0,0.0,,,,,,Tree cover,11.068944931030273,2,34,False
GRID,GRID-00771,2026-W34,0,0.0,,,,,,Tree cover,11.068944931030273,2,34,False
GRID,GRID-00772,2026-W34,0,0.0,,,,,,Tree cover,11.990710735321045,3,31,False
GRID,GRID-00773,2026-W34,0,0.0,,,,,,Cropland,11.990710735321045,3,31,False
GRID,GRID-00774,2026-W34,0,0.0,,,,,,Cropland,11.990710735321045,3,31,False
GRID,GRID-00775,2026-W34,0,0.0,,,,,,Tree cover,11.990710735321045,3,31,False
GRID,GRID-00776,2026-W34,0,0.0,,,,,,Tree cover,11.990710735321045,3,31,False
GRID,GRID-00777,2026-W34,0,0.0,,,,,,Tree cover,13.720770597457886,1,31,False
GRID,GRID-00778,2026-W34,0,0.0,,,,,,Tree cover,13.720770597457886,1,31,False
GRID,GRID-00779,2026-W34,0,0.0,,,,,,Cropland,13.720770597457886,1,31,False
GRID,GRID-00780,2026-W34,0,0.0,,,,,,Tree cover,13.720770597457886,1,31,False
GRID,GRID-00781,2026-W34,0,0.0,,,,,,Tree cover,13.720770597457886,1,31,False
GRID,GRID-00782,2026-W34,0,0.0,,,,,,Tree cover,13.720770597457886,1,31,False
GRID,GRID-00783,2026-W34,0,0.0,,,,,,Tree cover,8.361029624938965,3,27,False
GRID,GRID-00784,2026-W34,0,0.0,,,,,,Tree cover,8.361029624938965,3,27,False
GRID,GRID-00785,2026-W34,0,0.0,,,,,,Tree cover,8.361029624938965,3,27,False
GRID,GRID-00786,2026-W34,0,0.0,,,,,,Tree cover,8.361029624938965,3,27,False
GRID,GRID-00787,2026-W34,0,0.0,,,,,,Tree cover,8.361029624938965,3,27,False
GRID,GRID-00788,2026-W34,0,0.0,,,,,,Tree cover,6.914165019989014,3,27,False
GRID,GRID-00789,2026-W34,0,0.0,,,,,,Tree cover,6.914165019989014,3,27,False
GRID,GRID-00790,2026-W34,0,0.0,,,,,,Tree cover,6.914165019989014,3,27,False
GRID,GRID-00791,2026-W34,0,0.0,,,,,,Tree cover,6.914165019989014,3,27,False
GRID,GRID-00792,2026-W34,0,0.0,,,,,,Tree cover,6.914165019989014,3,27,False
GRID,GRID-00793,2026-W34,0,0.0,,,,,,Cropland,6.914165019989014,3,27,False
GRID,GRID-00794,2026-W34,0,0.0,,,,,,Tree cover,7.142526149749756,3,27,False
GRID,GRID-00795,2026-W34,0,0.0,,,,,,Tree cover,7.142526149749756,3,27,False
GRID,GRID-00796,2026-W34,0,0.0,,,,,,Tree cover,7.142526149749756,3,27,False
GRID,GRID-00797,2026-W34,0,0.0,,,,,,Tree cover,7.142526149749756,3,27,False
GRID,GRID-00798,2026-W34,0,0.0,,,,,,Cropland,7.142526149749756,3,27,False
GRID,GRID-00799,2026-W34,0,0.0,,,,,,Cropland,6.434889186512341,3,27,False
GRID,GRID-00800,2026-W34,0,0.0,,,,,,Built-up,5.585724830627441,3,33,False
GRID,GRID-00801,2026-W34,0,0.0,,,,,,Built-up,5.585724830627441,3,33,False
GRID,GRID-00802,2026-W34,0,0.0,,,,,,Cropland,5.585724830627441,3,33,False
GRID,GRID-00803,2026-W34,0,0.0,,,,,,Cropland,5.585724830627441,3,33,False
GRID,GRID-00804,2026-W34,0,0.0,,,,,,Cropland,5.585724830627441,3,33,False
GRID,GRID-00805,2026-W34,0,0.0,,,,,,Cropland,6.66581392288208,3,33,False
GRID,GRID-00806,2026-W34,0,0.0,,,,,,Cropland,6.66581392288208,3,33,False
GRID,GRID-00807,2026-W34,0,0.0,,,,,,Built-up,6.66581392288208,3,33,False
GRID,GRID-00808,2026-W34,0,0.0,,,,,,Cropland,6.66581392288208,3,33,False
GRID,GRID-00809,2026-W34,0,0.0,,,,,,Cropland,6.66581392288208,3,33,False
GRID,GRID-00810,2026-W34,0,0.0,,,,,,Cropland,6.689536094665528,3,45,False
GRID,GRID-00811,2026-W34,0,0.0,,,,,,Cropland,6.713258266448975,3,22,False
GRID,GRID-00812,2026-W34,0,0.0,,,,,,Cropland,6.713258266448975,3,22,False
GRID,GRID-00813,2026-W34,0,0.0,,,,,,Cropland,6.713258266448975,3,22,False
GRID,GRID-00814,2026-W34,0,0.0,,,,,,Cropland,6.713258266448975,3,22,False
GRID,GRID-00815,2026-W34,0,0.0,,,,,,Cropland,6.713258266448975,3,22,False
GRID,GRID-00816,2026-W34,0,0.0,,,,,,Cropland,6.147402763366699,3,22,False
GRID,GRID-00817,2026-W34,0,0.0,,,,,,Tree cover,6.147402763366699,3,22,False
GRID,GRID-00818,2026-W34,0,0.0,,,,,,Cropland,6.147402763366699,3,22,False
GRID,GRID-00819,2026-W34,0,0.0,,,,,,Cropland,6.147402763366699,3,22,False
GRID,GRID-00820,2026-W34,0,0.0,,,,,,Cropland,6.147402763366699,3,22,False
GRID,GRID-00821,2026-W34,0,0.0,,,,,,Cropland,7.642932573954264,0,45,False
GRID,GRID-00822,2026-W34,0,0.0,,,,,,Cropland,8.839356422424316,0,54,False
GRID,GRID-00823,2026-W34,0,0.0,,,,,,Tree cover,11.068944931030273,2,34,False
GRID,GRID-00824,2026-W34,0,0.0,,,,,,Tree cover,11.068944931030273,2,34,False
GRID,GRID-00825,2026-W34,0,0.0,,,,,,Tree cover,11.990710735321045,3,31,False
GRID,GRID-00826,2026-W34,0,0.0,,,,,,Tree cover,11.990710735321045,3,31,False
GRID,GRID-00827,2026-W34,0,0.0,,,,,,Tree cover,11.990710735321045,3,31,False
GRID,GRID-00828,2026-W34,0,0.0,,,,,,Tree cover,11.990710735321045,3,31,False
GRID,GRID-00829,2026-W34,0,0.0,,,,,,Tree cover,11.990710735321045,3,31,False
GRID,GRID-00830,2026-W34,0,0.0,,,,,,Tree cover,13.720770597457886,1,31,False
GRID,GRID-00831,2026-W34,0,0.0,,,,,,Tree cover,13.720770597457886,1,31,False
GRID,GRID-00832,2026-W34,0,0.0,,,,,,Tree cover,13.720770597457886,1,31,False
GRID,GRID-00833,2026-W34,0,0.0,,,,,,Tree cover,13.720770597457886,1,31,False
GRID,GRID-00834,2026-W34,0,0.0,,,,,,Tree cover,13.720770597457886,1,31,False
GRID,GRID-00835,2026-W34,0,0.0,,,,,,Tree cover,13.720770597457886,1,31,False
GRID,GRID-00836,2026-W34,0,0.0,,,,,,Tree cover,8.361029624938965,3,27,False
GRID,GRID-00837,2026-W34,0,0.0,,,,,,Tree cover,8.361029624938965,3,27,False
GRID,GRID-00838,2026-W34,0,0.0,,,,,,Tree cover,8.361029624938965,3,27,False
GRID,GRID-00839,2026-W34,0,0.0,,,,,,Tree cover,8.361029624938965,3,27,False
GRID,GRID-00840,2026-W34,0,0.0,,,,,,Tree cover,8.361029624938965,3,27,False
GRID,GRID-00841,2026-W34,0,0.0,,,,,,Tree cover,6.914165019989014,3,27,False
GRID,GRID-00842,2026-W34,0,0.0,,,,,,Tree cover,6.914165019989014,3,27,False
GRID,GRID-00843,2026-W34,0,0.0,,,,,,Cropland,6.914165019989014,3,27,False
GRID,GRID-00844,2026-W34,0,0.0,,,,,,Cropland,6.914165019989014,3,27,False
GRID,GRID-00845,2026-W34,0,0.0,,,,,,Tree cover,6.914165019989014,3,27,False
GRID,GRID-00846,2026-W34,0,0.0,,,,,,Cropland,6.914165019989014,3,27,False
GRID,GRID-00847,2026-W34,0,0.0,,,,,,Tree cover,7.142526149749756,3,27,False
GRID,GRID-00848,2026-W34,0,0.0,,,,,,Tree cover,7.142526149749756,3,27,False
GRID,GRID-00849,2026-W34,0,0.0,,,,,,Tree cover,7.142526149749756,3,27,False
GRID,GRID-00850,2026-W34,0,0.0,,,,,,Built-up,7.142526149749756,3,27,False
GRID,GRID-00851,2026-W34,0,0.0,,,,,,Cropland,7.142526149749756,3,27,False
GRID,GRID-00852,2026-W34,0,0.0,,,,,,Cropland,6.293361793864857,3,22,False
GRID,GRID-00853,2026-W34,0,0.0,,,,,,Cropland,5.585724830627441,3,33,False
GRID,GRID-00854,2026-W34,0,0.0,,,,,,Cropland,5.585724830627441,3,33,False
GRID,GRID-00855,2026-W34,0,0.0,,,,,,Cropland,5.585724830627441,3,33,False
GRID,GRID-00856,2026-W34,0,0.0,,,,,,Cropland,5.585724830627441,3,33,False
GRID,GRID-00857,2026-W34,0,0.0,,,,,,Tree cover,5.585724830627441,3,33,False
GRID,GRID-00858,2026-W34,0,0.0,,,,,,Tree cover,6.66581392288208,3,33,False
GRID,GRID-00859,2026-W34,0,0.0,,,,,,Cropland,6.66581392288208,3,33,False
GRID,GRID-00860,2026-W34,0,0.0,,,,,,Tree cover,6.66581392288208,3,33,False
GRID,GRID-00861,2026-W34,0,0.0,,,,,,Cropland,6.66581392288208,3,33,False
GRID,GRID-00862,2026-W34,0,0.0,,,,,,Cropland,6.66581392288208,3,33,False
GRID,GRID-00863,2026-W34,0,0.0,,,,,,Cropland,6.689536094665528,3,45,False
GRID,GRID-00864,2026-W34,0,0.0,,,,,,Cropland,6.713258266448975,3,22,False
GRID,GRID-00865,2026-W34,0,0.0,,,,,,Cropland,6.713258266448975,3,22,False
GRID,GRID-00866,2026-W34,0,0.0,,,,,,Cropland,6.713258266448975,3,22,False
GRID,GRID-00867,2026-W34,0,0.0,,,,,,Cropland,6.713258266448975,3,22,False
GRID,GRID-00868,2026-W34,0,0.0,,,,,,Cropland,6.713258266448975,3,22,False
GRID,GRID-00869,2026-W34,0,0.0,,,,,,Cropland,6.147402763366699,3,22,False
GRID,GRID-00870,2026-W34,0,0.0,,,,,,Tree cover,6.147402763366699,3,22,False
GRID,GRID-00871,2026-W34,0,0.0,,,,,,Tree cover,6.147402763366699,3,22,False
GRID,GRID-00872,2026-W34,0,0.0,,,,,,Tree cover,6.147402763366699,3,22,False
GRID,GRID-00873,2026-W34,0,0.0,,,,,,Tree cover,11.068944931030273,2,34,False
GRID,GRID-00874,2026-W34,0,0.0,,,,,,Tree cover,11.068944931030273,2,34,False
GRID,GRID-00875,2026-W34,0,0.0,,,,,,Tree cover,11.990710735321045,3,31,False
GRID,GRID-00876,2026-W34,0,0.0,,,,,,Tree cover,11.990710735321045,3,31,False
GRID,GRID-00877,2026-W34,0,0.0,,,,,,Tree cover,11.990710735321045,3,31,False
GRID,GRID-00878,2026-W34,0,0.0,,,,,,Tree cover,11.990710735321045,3,31,False
GRID,GRID-00879,2026-W34,0,0.0,,,,,,Tree cover,11.990710735321045,3,31,False
GRID,GRID-00880,2026-W34,0,0.0,,,,,,Tree cover,13.720770597457886,1,31,False
GRID,GRID-00881,2026-W34,0,0.0,,,,,,Tree cover,13.720770597457886,1,31,False
GRID,GRID-00882,2026-W34,0,0.0,,,,,,Tree cover,13.720770597457886,1,31,False
GRID,GRID-00883,2026-W34,0,0.0,,,,,,Tree cover,13.720770597457886,1,31,False
GRID,GRID-00884,2026-W34,0,0.0,,,,,,Tree cover,13.720770597457886,1,31,False
GRID,GRID-00885,2026-W34,0,0.0,,,,,,Tree cover,13.720770597457886,1,31,False
GRID,GRID-00886,2026-W34,0,0.0,,,,,,Tree cover,8.361029624938965,3,27,False
GRID,GRID-00887,2026-W34,0,0.0,,,,,,Tree cover,8.361029624938965,3,27,False
GRID,GRID-00888,2026-W34,0,0.0,,,,,,Tree cover,8.361029624938965,3,27,False
GRID,GRID-00889,2026-W34,0,0.0,,,,,,Tree cover,8.361029624938965,3,27,False
GRID,GRID-00890,2026-W34,0,0.0,,,,,,Tree cover,8.361029624938965,3,27,False
GRID,GRID-00891,2026-W34,0,0.0,,,,,,Tree cover,6.914165019989014,3,27,False
GRID,GRID-00892,2026-W34,0,0.0,,,,,,Cropland,6.914165019989014,3,27,False
GRID,GRID-00893,2026-W34,0,0.0,,,,,,Tree cover,6.914165019989014,3,27,False
GRID,GRID-00894,2026-W34,0,0.0,,,,,,Cropland,6.914165019989014,3,27,False
GRID,GRID-00895,2026-W34,0,0.0,,,,,,Cropland,6.914165019989014,3,27,False
GRID,GRID-00896,2026-W34,0,0.0,,,,,,Cropland,6.914165019989014,3,27,False
GRID,GRID-00897,2026-W34,0,0.0,,,,,,Tree cover,7.142526149749756,3,27,False
GRID,GRID-00898,2026-W34,0,0.0,,,,,,Tree cover,7.142526149749756,3,27,False
GRID,GRID-00899,2026-W34,0,0.0,,,,,,Cropland,7.142526149749756,3,27,False
GRID,GRID-00900,2026-W34,0,0.0,,,,,,Tree cover,7.142526149749756,3,27,False
GRID,GRID-00901,2026-W34,0,0.0,,,,,,Tree cover,7.142526149749756,3,27,False
GRID,GRID-00902,2026-W34,0,0.0,,,,,,Cropland,5.845191717147827,3,22,False
GRID,GRID-00903,2026-W34,0,0.0,,,,,,Cropland,5.585724830627441,3,33,False
GRID,GRID-00904,2026-W34,0,0.0,,,,,,Cropland,5.585724830627441,3,33,False
GRID,GRID-00905,2026-W34,0,0.0,,,,,,Cropland,5.585724830627441,3,33,False
GRID,GRID-00906,2026-W34,0,0.0,,,,,,Cropland,5.585724830627441,3,33,False
GRID,GRID-00907,2026-W34,0,0.0,,,,,,Tree cover,5.585724830627441,3,33,False
GRID,GRID-00908,2026-W34,0,0.0,,,,,,Cropland,6.66581392288208,3,33,False
GRID,GRID-00909,2026-W34,0,0.0,,,,,,Cropland,6.66581392288208,3,33,False
GRID,GRID-00910,2026-W34,0,0.0,,,,,,Cropland,6.66581392288208,3,33,False
GRID,GRID-00911,2026-W34,0,0.0,,,,,,Tree cover,6.66581392288208,3,33,False
GRID,GRID-00912,2026-W34,0,0.0,,,,,,Cropland,6.66581392288208,3,33,False
GRID,GRID-00913,2026-W34,0,0.0,,,,,,Cropland,6.689536094665527,3,45,False
GRID,GRID-00914,2026-W34,0,0.0,,,,,,Cropland,6.713258266448975,3,22,False
GRID,GRID-00915,2026-W34,0,0.0,,,,,,Cropland,6.713258266448975,3,22,False
GRID,GRID-00916,2026-W34,0,0.0,,,,,,Cropland,6.713258266448975,3,22,False
GRID,GRID-00917,2026-W34,0,0.0,,,,,,Cropland,6.713258266448975,3,22,False
GRID,GRID-00918,2026-W34,0,0.0,,,,,,Cropland,6.713258266448975,3,22,False
GRID,GRID-00919,2026-W34,0,0.0,,,,,,Cropland,6.147402763366699,3,22,False
GRID,GRID-00920,2026-W34,0,0.0,,,,,,Cropland,6.147402763366699,3,22,False
GRID,GRID-00921,2026-W34,0,0.0,,,,,,Cropland,6.147402763366699,3,22,False
GRID,GRID-00922,2026-W34,0,0.0,,,,,,Tree cover,6.147402763366699,3,22,False
GRID,GRID-00923,2026-W34,0,0.0,,,,,,Cropland,6.147402763366699,3,22,False
GRID,GRID-00924,2026-W34,0,0.0,,,,,,Tree cover,11.682151269912719,1,34,False
GRID,GRID-00925,2026-W34,0,0.0,,,,,,Tree cover,11.181580441338674,1,33,False
GRID,GRID-00926,2026-W34,0,0.0,,,,,,Tree cover,11.074907461802166,1,30,False
GRID,GRID-00927,2026-W34,0,0.0,,,,,,Tree cover,10.754376316070557,1,30,False
GRID,GRID-00928,2026-W34,0,0.0,,,,,,Tree cover,10.866770354184236,1,30,False
GRID,GRID-00929,2026-W34,0,0.0,,,,,,Tree cover,10.754376316070557,1,30,False
GRID,GRID-00930,2026-W34,0,0.0,,,,,,Tree cover,10.866770354184236,1,30,False
GRID,GRID-00931,2026-W34,0,0.0,,,,,,Tree cover,11.807267785072327,1,26,False
GRID,GRID-00932,2026-W34,0,0.0,,,,,,Tree cover,11.807267785072327,1,26,False
GRID,GRID-00933,2026-W34,0,0.0,,,,,,Tree cover,11.807267785072327,1,26,False
GRID,GRID-00934,2026-W34,0,0.0,,,,,,Tree cover,11.594656361473932,1,26,False
GRID,GRID-00935,2026-W34,0,0.0,,,,,,Tree cover,12.445102055867514,1,26,False
GRID,GRID-00936,2026-W34,0,0.0,,,,,,Tree cover,12.189968347549438,1,26,False
GRID,GRID-00937,2026-W34,0,0.0,,,,,,Tree cover,8.073272488333963,3,26,False
GRID,GRID-00938,2026-W34,0,0.0,,,,,,Tree cover,8.107803344726562,3,26,False
GRID,GRID-00939,2026-W34,0,0.0,,,,,,Tree cover,8.073272488333963,3,26,False
GRID,GRID-00940,2026-W34,0,0.0,,,,,,Tree cover,8.107803344726562,3,26,False
GRID,GRID-00941,2026-W34,0,0.0,,,,,,Tree cover,8.073272488333963,3,26,False
GRID,GRID-00942,2026-W34,0,0.0,,,,,,Tree cover,6.880356693267822,3,26,False
GRID,GRID-00943,2026-W34,0,0.0,,,,,,Tree cover,6.875746466896751,3,26,False
GRID,GRID-00944,2026-W34,0,0.0,,,,,,Tree cover,6.880356693267822,3,26,False
GRID,GRID-00945,2026-W34,0,0.0,,,,,,Cropland,6.880356693267822,3,26,False
GRID,GRID-00946,2026-W34,0,0.0,,,,,,Tree cover,6.883430177515203,3,26,False
GRID,GRID-00947,2026-W34,0,0.0,,,,,,Tree cover,6.880356693267822,3,26,False
GRID,GRID-00948,2026-W34,0,0.0,,,,,,Tree cover,7.200002713636919,3,27,False
GRID,GRID-00949,2026-W34,0,0.0,,,,,,Tree cover,7.205750370025635,3,27,False
GRID,GRID-00950,2026-W34,0,0.0,,,,,,Tree cover,7.200002713636919,3,27,False
GRID,GRID-00951,2026-W34,0,0.0,,,,,,Tree cover,7.205750370025635,3,27,False
GRID,GRID-00952,2026-W34,0,0.0,,,,,,Tree cover,7.200002713636919,3,27,False
GRID,GRID-00953,2026-W34,0,0.0,,,,,,Tree cover,6.34128360748291,3,22,False
GRID,GRID-00954,2026-W34,0,0.0,,,,,,Cropland,6.34128360748291,3,22,False
GRID,GRID-00955,2026-W34,0,0.0,,,,,,Cropland,6.272596445950596,3,22,False
GRID,GRID-00956,2026-W34,0,0.0,,,,,,Tree cover,6.215357144673665,3,22,False
GRID,GRID-00957,2026-W34,0,0.0,,,,,,Cropland,6.152393913269043,3,22,False
GRID,GRID-00958,2026-W34,0,0.0,,,,,,Tree cover,6.215357144673665,3,22,False
GRID,GRID-00959,2026-W34,0,0.0,,,,,,Cropland,6.997413895346902,3,20,False
GRID,GRID-00960,2026-W34,0,0.0,,,,,,Tree cover,6.90898723602295,3,20,False
GRID,GRID-00961,2026-W34,0,0.0,,,,,,Tree cover,6.997413895346902,3,20,False
GRID,GRID-00962,2026-W34,0,0.0,,,,,,Cropland,6.90898723602295,3,20,False
GRID,GRID-00963,2026-W34,0,0.0,,,,,,Cropland,6.90898723602295,3,20,False
GRID,GRID-00964,2026-W34,0,0.0,,,,,,Cropland,6.886861324310303,3,45,False
GRID,GRID-00965,2026-W34,0,0.0,,,,,,Cropland,6.864735412597656,3,22,False
GRID,GRID-00966,2026-W34,0,0.0,,,,,,Tree cover,6.919818011197177,3,22,False
GRID,GRID-00967,2026-W34,0,0.0,,,,,,Cropland,6.864735412597656,3,22,False
GRID,GRID-00968,2026-W34,0,0.0,,,,,,Cropland,6.919818011197177,3,22,False
GRID,GRID-00969,2026-W34,0,0.0,,,,,,Cropland,6.864735412597656,3,22,False
GRID,GRID-00970,2026-W34,0,0.0,,,,,,Cropland,6.231784057617187,3,22,False
GRID,GRID-00971,2026-W34,0,0.0,,,,,,Cropland,6.231784057617187,3,22,False
GRID,GRID-00972,2026-W34,0,0.0,,,,,,Cropland,6.231784057617187,3,22,False
GRID,GRID-00973,2026-W34,0,0.0,,,,,,Cropland,6.2001410722732535,3,22,False
GRID,GRID-00974,2026-W34,0,0.0,,,,,,Tree cover,12.09095549583435,1,34,False
GRID,GRID-00975,2026-W34,0,0.0,,,,,,Tree cover,11.108772711320357,1,33,False
GRID,GRID-00976,2026-W34,0,0.0,,,,,,Tree cover,9.930153369903564,1,33,False
GRID,GRID-00977,2026-W34,0,0.0,,,,,,Tree cover,9.930153369903564,1,33,False
GRID,GRID-00978,2026-W34,0,0.0,,,,,,Cropland,9.930153369903564,1,33,False
GRID,GRID-00979,2026-W34,0,0.0,,,,,,Cropland,9.930153369903564,1,33,False
GRID,GRID-00980,2026-W34,0,0.0,,,,,,Cropland,9.930153369903564,1,33,False
GRID,GRID-00981,2026-W34,0,0.0,,,,,,Tree cover,9.893764972686768,1,26,False
GRID,GRID-00982,2026-W34,0,0.0,,,,,,Tree cover,9.893764972686768,1,26,False
GRID,GRID-00983,2026-W34,0,0.0,,,,,,Built-up,9.893764972686768,1,26,False
GRID,GRID-00984,2026-W34,0,0.0,,,,,,Tree cover,9.893764972686768,1,26,False
GRID,GRID-00985,2026-W34,0,0.0,,,,,,Tree cover,9.893764972686768,1,26,False
GRID,GRID-00986,2026-W34,0,0.0,,,,,,Tree cover,9.893764972686768,1,26,False
GRID,GRID-00987,2026-W34,0,0.0,,,,,,Tree cover,7.727963924407959,1,26,False
GRID,GRID-00988,2026-W34,0,0.0,,,,,,Tree cover,7.727963924407959,1,26,False
GRID,GRID-00989,2026-W34,0,0.0,,,,,,Tree cover,7.727963924407959,1,26,False
GRID,GRID-00990,2026-W34,0,0.0,,,,,,Tree cover,7.727963924407959,1,26,False
GRID,GRID-00991,2026-W34,0,0.0,,,,,,Cropland,7.727963924407959,1,26,False
GRID,GRID-00992,2026-W34,0,0.0,,,,,,Cropland,6.829644203186035,3,15,False
GRID,GRID-00993,2026-W34,0,0.0,,,,,,Cropland,6.829644203186035,3,15,False
GRID,GRID-00994,2026-W34,0,0.0,,,,,,Tree cover,6.829644203186035,3,15,False
GRID,GRID-00995,2026-W34,0,0.0,,,,,,Tree cover,6.829644203186035,3,15,False
GRID,GRID-00996,2026-W34,0,0.0,,,,,,Tree cover,6.829644203186035,3,15,False
GRID,GRID-00997,2026-W34,0,0.0,,,,,,Tree cover,6.829644203186035,3,15,False
GRID,GRID-00998,2026-W34,0,0.0,,,,,,Tree cover,7.300586700439453,3,27,False
GRID,GRID-00999,2026-W34,0,0.0,,,,,,Tree cover,7.300586700439453,3,27,False
GRID,GRID-01000,2026-W34,0,0.0,,,,,,Tree cover,7.300586700439453,3,27,False
GRID,GRID-01001,2026-W34,0,0.0,,,,,,Tree cover,7.300586700439453,3,27,False
GRID,GRID-01002,2026-W34,0,0.0,,,,,,Tree cover,7.300586700439453,3,27,False
GRID,GRID-01003,2026-W34,0,0.0,,,,,,Tree cover,7.474621772766113,3,22,False
GRID,GRID-01004,2026-W34,0,0.0,,,,,,Cropland,7.474621772766113,3,22,False
GRID,GRID-01005,2026-W34,0,0.0,,,,,,Tree cover,7.474621772766113,3,22,False
GRID,GRID-01006,2026-W34,0,0.0,,,,,,Cropland,7.474621772766113,3,22,False
GRID,GRID-01007,2026-W34,0,0.0,,,,,,Cropland,7.474621772766113,3,22,False
GRID,GRID-01008,2026-W34,0,0.0,,,,,,Cropland,7.474621772766113,3,22,False
GRID,GRID-01009,2026-W34,0,0.0,,,,,,Cropland,7.881680488586426,3,22,False
GRID,GRID-01010,2026-W34,0,0.0,,,,,,Cropland,7.881680488586426,3,22,False
GRID,GRID-01011,2026-W34,0,0.0,,,,,,Cropland,7.881680488586426,3,22,False
GRID,GRID-01012,2026-W34,0,0.0,,,,,,Cropland,7.881680488586426,3,22,False
GRID,GRID-01013,2026-W34,0,0.0,,,,,,Cropland,7.881680488586426,3,22,False
GRID,GRID-01014,2026-W34,0,0.0,,,,,,Cropland,7.676162242889403,3,22,False
GRID,GRID-01015,2026-W34,0,0.0,,,,,,Cropland,7.470643997192383,3,22,False
GRID,GRID-01016,2026-W34,0,0.0,,,,,,Cropland,7.470643997192383,3,22,False
GRID,GRID-01017,2026-W34,0,0.0,,,,,,Cropland,7.470643997192383,3,22,False
GRID,GRID-01018,2026-W34,0,0.0,,,,,,Cropland,7.470643997192383,3,22,False
GRID,GRID-01019,2026-W34,0,0.0,,,,,,Cropland,7.470643997192383,3,22,False
GRID,GRID-01020,2026-W34,0,0.0,,,,,,Cropland,6.569309234619141,3,22,False
GRID,GRID-01021,2026-W34,0,0.0,,,,,,Cropland,6.569309234619141,3,22,False
GRID,GRID-01022,2026-W34,0,0.0,,,,,,Cropland,6.569309234619141,3,22,False
GRID,GRID-01023,2026-W34,0,0.0,,,,,,Cropland,6.569309234619141,3,22,False
GRID,GRID-01024,2026-W34,0,0.0,,,,,,Tree cover,12.09095549583435,1,34,False
GRID,GRID-01025,2026-W34,0,0.0,,,,,,Tree cover,10.912336154417558,1,33,False
GRID,GRID-01026,2026-W34,0,0.0,,,,,,Cropland,9.930153369903564,1,33,False
GRID,GRID-01027,2026-W34,0,0.0,,,,,,Tree cover,9.930153369903564,1,33,False
GRID,GRID-01028,2026-W34,0,0.0,,,,,,Cropland,9.930153369903564,1,33,False
GRID,GRID-01029,2026-W34,0,0.0,,,,,,Cropland,9.930153369903564,1,33,False
GRID,GRID-01030,2026-W34,0,0.0,,,,,,Cropland,9.930153369903564,1,33,False
GRID,GRID-01031,2026-W34,0,0.0,,,,,,Cropland,9.893764972686768,1,26,False
GRID,GRID-01032,2026-W34,0,0.0,,,,,,Tree cover,9.893764972686768,1,26,False
GRID,GRID-01033,2026-W34,0,0.0,,,,,,Cropland,9.893764972686768,1,26,False
GRID,GRID-01034,2026-W34,0,0.0,,,,,,Tree cover,9.893764972686768,1,26,False
GRID,GRID-01035,2026-W34,0,0.0,,,,,,Tree cover,9.893764972686768,1,26,False
GRID,GRID-01036,2026-W34,0,0.0,,,,,,Tree cover,9.893764972686768,1,26,False
GRID,GRID-01037,2026-W34,0,0.0,,,,,,Tree cover,7.727963924407959,1,26,False
GRID,GRID-01038,2026-W34,0,0.0,,,,,,Tree cover,7.727963924407959,1,26,False
GRID,GRID-01039,2026-W34,0,0.0,,,,,,Tree cover,7.727963924407959,1,26,False
GRID,GRID-01040,2026-W34,0,0.0,,,,,,Tree cover,7.727963924407959,1,26,False
GRID,GRID-01041,2026-W34,0,0.0,,,,,,Tree cover,7.727963924407959,1,26,False
GRID,GRID-01042,2026-W34,0,0.0,,,,,,Tree cover,6.829644203186035,3,15,False
GRID,GRID-01043,2026-W34,0,0.0,,,,,,Tree cover,6.829644203186035,3,15,False
GRID,GRID-01044,2026-W34,0,0.0,,,,,,Tree cover,6.829644203186035,3,15,False
GRID,GRID-01045,2026-W34,0,0.0,,,,,,Tree cover,6.829644203186035,3,15,False
GRID,GRID-01046,2026-W34,0,0.0,,,,,,Tree cover,6.829644203186035,3,15,False
GRID,GRID-01047,2026-W34,0,0.0,,,,,,Tree cover,6.829644203186035,3,15,False
GRID,GRID-01048,2026-W34,0,0.0,,,,,,Tree cover,7.300586700439453,3,27,False
GRID,GRID-01049,2026-W34,0,0.0,,,,,,Tree cover,7.300586700439453,3,27,False
GRID,GRID-01050,2026-W34,0,0.0,,,,,,Tree cover,7.300586700439453,3,27,False
GRID,GRID-01051,2026-W34,0,0.0,,,,,,Tree cover,7.300586700439453,3,27,False
GRID,GRID-01052,2026-W34,0,0.0,,,,,,Tree cover,7.300586700439453,3,27,False
GRID,GRID-01053,2026-W34,0,0.0,,,,,,Tree cover,7.474621772766113,3,22,False
GRID,GRID-01054,2026-W34,0,0.0,,,,,,Tree cover,7.474621772766113,3,22,False
GRID,GRID-01055,2026-W34,0,0.0,,,,,,Tree cover,7.474621772766113,3,22,False
GRID,GRID-01056,2026-W34,0,0.0,,,,,,Cropland,7.474621772766113,3,22,False
GRID,GRID-01057,2026-W34,0,0.0,,,,,,Cropland,7.474621772766113,3,22,False
GRID,GRID-01058,2026-W34,0,0.0,,,,,,Tree cover,7.474621772766113,3,22,False
GRID,GRID-01059,2026-W34,0,0.0,,,,,,Cropland,7.881680488586426,3,22,False
GRID,GRID-01060,2026-W34,0,0.0,,,,,,Cropland,7.881680488586426,3,22,False
GRID,GRID-01061,2026-W34,0,0.0,,,,,,Tree cover,7.881680488586426,3,22,False
GRID,GRID-01062,2026-W34,0,0.0,,,,,,Cropland,7.881680488586426,3,22,False
GRID,GRID-01063,2026-W34,0,0.0,,,,,,Cropland,7.881680488586426,3,22,False
GRID,GRID-01064,2026-W34,0,0.0,,,,,,Tree cover,7.676162242889403,3,22,False
GRID,GRID-01065,2026-W34,0,0.0,,,,,,Cropland,7.470643997192383,3,22,False
GRID,GRID-01066,2026-W34,0,0.0,,,,,,Cropland,7.470643997192383,3,22,False
GRID,GRID-01067,2026-W34,0,0.0,,,,,,Cropland,7.470643997192383,3,22,False
GRID,GRID-01068,2026-W34,0,0.0,,,,,,Cropland,7.470643997192383,3,22,False
GRID,GRID-01069,2026-W34,0,0.0,,,,,,Cropland,7.470643997192383,3,22,False
GRID,GRID-01070,2026-W34,0,0.0,,,,,,Cropland,6.569309234619141,3,22,False
GRID,GRID-01071,2026-W34,0,0.0,,,,,,Cropland,6.569309234619141,3,22,False
GRID,GRID-01072,2026-W34,0,0.0,,,,,,Cropland,6.569309234619141,3,22,False
GRID,GRID-01073,2026-W34,0,0.0,,,,,,Cropland,6.569309234619141,3,22,False
GRID,GRID-01074,2026-W34,0,0.0,,,,,,Cropland,6.569309234619141,3,22,False
GRID,GRID-01075,2026-W34,0,0.0,,,,,,Tree cover,12.09095549583435,1,34,False
GRID,GRID-01076,2026-W34,0,0.0,,,,,,Tree cover,11.010554432868958,1,33,False
GRID,GRID-01077,2026-W34,0,0.0,,,,,,Tree cover,9.930153369903564,1,33,False
GRID,GRID-01078,2026-W34,0,0.0,,,,,,Tree cover,9.930153369903564,1,33,False
GRID,GRID-01079,2026-W34,0,0.0,,,,,,Tree cover,9.930153369903564,1,33,False
GRID,GRID-01080,2026-W34,0,0.0,,,,,,Cropland,9.930153369903564,1,33,False
GRID,GRID-01081,2026-W34,0,0.0,,,,,,Cropland,9.930153369903564,1,33,False
GRID,GRID-01082,2026-W34,0,0.0,,,,,,Tree cover,9.893764972686768,1,26,False
GRID,GRID-01083,2026-W34,0,0.0,,,,,,Tree cover,9.893764972686768,1,26,False
GRID,GRID-01084,2026-W34,0,0.0,,,,,,Tree cover,9.893764972686768,1,26,False
GRID,GRID-01085,2026-W34,0,0.0,,,,,,Tree cover,9.893764972686768,1,26,False
GRID,GRID-01086,2026-W34,0,0.0,,,,,,Tree cover,9.893764972686768,1,26,False
GRID,GRID-01087,2026-W34,0,0.0,,,,,,Tree cover,9.893764972686768,1,26,False
GRID,GRID-01088,2026-W34,0,0.0,,,,,,Tree cover,7.727963924407959,1,26,False
GRID,GRID-01089,2026-W34,0,0.0,,,,,,Tree cover,7.727963924407959,1,26,False
GRID,GRID-01090,2026-W34,0,0.0,,,,,,Tree cover,7.727963924407959,1,26,False
GRID,GRID-01091,2026-W34,0,0.0,,,,,,Tree cover,7.727963924407959,1,26,False
GRID,GRID-01092,2026-W34,0,0.0,,,,,,Tree cover,7.727963924407959,1,26,False
GRID,GRID-01093,2026-W34,0,0.0,,,,,,Tree cover,6.829644203186035,3,15,False
GRID,GRID-01094,2026-W34,0,0.0,,,,,,Tree cover,6.829644203186035,3,15,False
GRID,GRID-01095,2026-W34,0,0.0,,,,,,Tree cover,6.829644203186035,3,15,False
GRID,GRID-01096,2026-W34,0,0.0,,,,,,Tree cover,6.829644203186035,3,15,False
GRID,GRID-01097,2026-W34,0,0.0,,,,,,Tree cover,6.829644203186035,3,15,False
GRID,GRID-01098,2026-W34,0,0.0,,,,,,Tree cover,6.829644203186035,3,15,False
GRID,GRID-01099,2026-W34,0,0.0,,,,,,Tree cover,7.300586700439453,3,27,False
GRID,GRID-01100,2026-W34,0,0.0,,,,,,Tree cover,7.300586700439453,3,27,False
GRID,GRID-01101,2026-W34,0,0.0,,,,,,Tree cover,7.300586700439453,3,27,False
GRID,GRID-01102,2026-W34,0,0.0,,,,,,Tree cover,7.300586700439453,3,27,False
GRID,GRID-01103,2026-W34,0,0.0,,,,,,Tree cover,7.300586700439453,3,27,False
GRID,GRID-01104,2026-W34,0,0.0,,,,,,Tree cover,7.474621772766113,3,22,False
GRID,GRID-01105,2026-W34,0,0.0,,,,,,Tree cover,7.474621772766113,3,22,False
GRID,GRID-01106,2026-W34,0,0.0,,,,,,Cropland,7.474621772766113,3,22,False
GRID,GRID-01107,2026-W34,0,0.0,,,,,,Tree cover,7.474621772766113,3,22,False
GRID,GRID-01108,2026-W34,0,0.0,,,,,,Tree cover,7.474621772766113,3,22,False
GRID,GRID-01109,2026-W34,0,0.0,,,,,,Tree cover,7.474621772766113,3,22,False
GRID,GRID-01110,2026-W34,0,0.0,,,,,,Tree cover,7.881680488586426,3,22,False
GRID,GRID-01111,2026-W34,0,0.0,,,,,,Cropland,7.881680488586426,3,22,False
GRID,GRID-01112,2026-W34,0,0.0,,,,,,Tree cover,7.881680488586426,3,22,False
GRID,GRID-01113,2026-W34,0,0.0,,,,,,Cropland,7.881680488586426,3,22,False
GRID,GRID-01114,2026-W34,0,0.0,,,,,,Tree cover,7.881680488586426,3,22,False
GRID,GRID-01115,2026-W34,0,0.0,,,,,,Tree cover,7.676162242889404,3,22,False
GRID,GRID-01116,2026-W34,0,0.0,,,,,,Cropland,7.470643997192383,3,22,False
GRID,GRID-01117,2026-W34,0,0.0,,,,,,Cropland,7.470643997192383,3,22,False
GRID,GRID-01118,2026-W34,0,0.0,,,,,,Cropland,7.470643997192383,3,22,False
GRID,GRID-01119,2026-W34,0,0.0,,,,,,Cropland,7.470643997192383,3,22,False
GRID,GRID-01120,2026-W34,0,0.0,,,,,,Cropland,7.470643997192383,3,22,False
GRID,GRID-01121,2026-W34,0,0.0,,,,,,Cropland,6.569309234619141,3,22,False
GRID,GRID-01122,2026-W34,0,0.0,,,,,,Cropland,6.569309234619141,3,22,False
GRID,GRID-01123,2026-W34,0,0.0,,,,,,Cropland,6.569309234619141,3,22,False
GRID,GRID-01124,2026-W34,0,0.0,,,,,,Cropland,6.569309234619141,3,22,False
GRID,GRID-01125,2026-W34,0,0.0,,,,,,Tree cover,12.09095549583435,1,34,False
GRID,GRID-01126,2026-W34,0,0.0,,,,,,Tree cover,12.09095549583435,1,34,False
GRID,GRID-01127,2026-W34,0,0.0,,,,,,Tree cover,11.108772711320357,1,33,False
GRID,GRID-01128,2026-W34,0,0.0,,,,,,Cropland,9.930153369903564,1,33,False
GRID,GRID-01129,2026-W34,0,0.0,,,,,,Cropland,9.930153369903564,1,33,False
GRID,GRID-01130,2026-W34,0,0.0,,,,,,Cropland,9.930153369903564,1,33,False
GRID,GRID-01131,2026-W34,0,0.0,,,,,,Cropland,9.930153369903564,1,33,False
GRID,GRID-01132,2026-W34,0,0.0,,,,,,Cropland,9.930153369903564,1,33,False
GRID,GRID-01133,2026-W34,0,0.0,,,,,,Tree cover,9.893764972686768,1,26,False
GRID,GRID-01134,2026-W34,0,0.0,,,,,,Cropland,9.893764972686768,1,26,False
GRID,GRID-01135,2026-W34,0,0.0,,,,,,Tree cover,9.893764972686768,1,26,False
GRID,GRID-01136,2026-W34,0,0.0,,,,,,Tree cover,9.893764972686768,1,26,False
GRID,GRID-01137,2026-W34,0,0.0,,,,,,Tree cover,9.893764972686768,1,26,False
GRID,GRID-01138,2026-W34,0,0.0,,,,,,Tree cover,9.893764972686768,1,26,False
GRID,GRID-01139,2026-W34,0,0.0,,,,,,Tree cover,7.727963924407959,1,26,False
GRID,GRID-01140,2026-W34,0,0.0,,,,,,Tree cover,7.727963924407959,1,26,False
GRID,GRID-01141,2026-W34,0,0.0,,,,,,Tree cover,7.727963924407959,1,26,False
GRID,GRID-01142,2026-W34,0,0.0,,,,,,Tree cover,7.727963924407959,1,26,False
GRID,GRID-01143,2026-W34,0,0.0,,,,,,Tree cover,7.727963924407959,1,26,False
GRID,GRID-01144,2026-W34,0,0.0,,,,,,Tree cover,6.829644203186035,3,15,False
GRID,GRID-01145,2026-W34,0,0.0,,,,,,Tree cover,6.829644203186035,3,15,False
GRID,GRID-01146,2026-W34,0,0.0,,,,,,Tree cover,6.829644203186035,3,15,False
GRID,GRID-01147,2026-W34,0,0.0,,,,,,Tree cover,6.829644203186035,3,15,False
GRID,GRID-01148,2026-W34,0,0.0,,,,,,Tree cover,6.829644203186035,3,15,False
GRID,GRID-01149,2026-W34,0,0.0,,,,,,Tree cover,6.829644203186035,3,15,False
GRID,GRID-01150,2026-W34,0,0.0,,,,,,Tree cover,7.300586700439453,3,27,False
GRID,GRID-01151,2026-W34,0,0.0,,,,,,Tree cover,7.300586700439453,3,27,False
GRID,GRID-01152,2026-W34,0,0.0,,,,,,Tree cover,7.300586700439453,3,27,False
GRID,GRID-01153,2026-W34,0,0.0,,,,,,Tree cover,7.300586700439453,3,27,False
GRID,GRID-01154,2026-W34,0,0.0,,,,,,Tree cover,7.300586700439453,3,27,False
GRID,GRID-01155,2026-W34,0,0.0,,,,,,Cropland,7.474621772766113,3,22,False
GRID,GRID-01156,2026-W34,0,0.0,,,,,,Cropland,7.474621772766113,3,22,False
GRID,GRID-01157,2026-W34,0,0.0,,,,,,Cropland,7.474621772766113,3,22,False
GRID,GRID-01158,2026-W34,0,0.0,,,,,,Cropland,7.474621772766113,3,22,False
GRID,GRID-01159,2026-W34,0,0.0,,,,,,Tree cover,7.474621772766113,3,22,False
GRID,GRID-01160,2026-W34,0,0.0,,,,,,Cropland,7.474621772766113,3,22,False
GRID,GRID-01161,2026-W34,0,0.0,,,,,,Cropland,7.881680488586426,3,22,False
GRID,GRID-01162,2026-W34,0,0.0,,,,,,Cropland,7.881680488586426,3,22,False
GRID,GRID-01163,2026-W34,0,0.0,,,,,,Cropland,7.881680488586426,3,22,False
GRID,GRID-01164,2026-W34,0,0.0,,,,,,Cropland,7.881680488586426,3,22,False
GRID,GRID-01165,2026-W34,0,0.0,,,,,,Cropland,7.881680488586426,3,22,False
GRID,GRID-01166,2026-W34,0,0.0,,,,,,Cropland,7.676162242889403,3,22,False
GRID,GRID-01167,2026-W34,0,0.0,,,,,,Cropland,7.470643997192383,3,22,False
GRID,GRID-01168,2026-W34,0,0.0,,,,,,Cropland,7.470643997192383,3,22,False
GRID,GRID-01169,2026-W34,0,0.0,,,,,,Cropland,7.470643997192383,3,22,False
GRID,GRID-01170,2026-W34,0,0.0,,,,,,Cropland,7.470643997192383,3,22,False
GRID,GRID-01171,2026-W34,0,0.0,,,,,,Cropland,7.470643997192383,3,22,False
GRID,GRID-01172,2026-W34,0,0.0,,,,,,Cropland,6.569309234619141,3,22,False
GRID,GRID-01173,2026-W34,0,0.0,,,,,,Cropland,6.569309234619141,3,22,False
GRID,GRID-01174,2026-W34,0,0.0,,,,,,Cropland,6.569309234619141,3,22,False
GRID,GRID-01175,2026-W34,0,0.0,,,,,,Tree cover,12.09095549583435,1,34,False
GRID,GRID-01176,2026-W34,0,0.0,,,,,,Tree cover,12.09095549583435,1,34,False
GRID,GRID-01177,2026-W34,0,0.0,,,,,,Tree cover,11.010554432868958,1,33,False
GRID,GRID-01178,2026-W34,0,0.0,,,,,,Cropland,9.930153369903564,1,33,False
GRID,GRID-01179,2026-W34,0,0.0,,,,,,Cropland,9.930153369903564,1,33,False
GRID,GRID-01180,2026-W34,0,0.0,,,,,,Cropland,9.930153369903564,1,33,False
GRID,GRID-01181,2026-W34,0,0.0,,,,,,Cropland,9.930153369903564,1,33,False
GRID,GRID-01182,2026-W34,0,0.0,,,,,,Cropland,9.930153369903564,1,33,False
GRID,GRID-01183,2026-W34,0,0.0,,,,,,Tree cover,9.893764972686768,1,26,False
GRID,GRID-01184,2026-W34,0,0.0,,,,,,Cropland,9.893764972686768,1,26,False
GRID,GRID-01185,2026-W34,0,0.0,,,,,,Tree cover,9.893764972686768,1,26,False
GRID,GRID-01186,2026-W34,0,0.0,,,,,,Tree cover,9.893764972686768,1,26,False
GRID,GRID-01187,2026-W34,0,0.0,,,,,,Tree cover,9.893764972686768,1,26,False
GRID,GRID-01188,2026-W34,0,0.0,,,,,,Tree cover,9.893764972686768,1,26,False
GRID,GRID-01189,2026-W34,0,0.0,,,,,,Tree cover,7.727963924407959,1,26,False
GRID,GRID-01190,2026-W34,0,0.0,,,,,,Tree cover,7.727963924407959,1,26,False
GRID,GRID-01191,2026-W34,0,0.0,,,,,,Tree cover,7.727963924407959,1,26,False
GRID,GRID-01192,2026-W34,0,0.0,,,,,,Tree cover,7.727963924407959,1,26,False
GRID,GRID-01193,2026-W34,0,0.0,,,,,,Tree cover,7.727963924407959,1,26,False
GRID,GRID-01194,2026-W34,0,0.0,,,,,,Cropland,6.829644203186035,3,15,False
GRID,GRID-01195,2026-W34,0,0.0,,,,,,Tree cover,6.829644203186035,3,15,False
GRID,GRID-01196,2026-W34,0,0.0,,,,,,Tree cover,6.829644203186035,3,15,False
GRID,GRID-01197,2026-W34,0,0.0,,,,,,Tree cover,6.829644203186035,3,15,False
GRID,GRID-01198,2026-W34,0,0.0,,,,,,Tree cover,6.829644203186035,3,15,False
GRID,GRID-01199,2026-W34,0,0.0,,,,,,Tree cover,6.829644203186035,3,15,False
GRID,GRID-01200,2026-W34,0,0.0,,,,,,Tree cover,7.300586700439453,3,27,False
GRID,GRID-01201,2026-W34,0,0.0,,,,,,Tree cover,7.300586700439453,3,27,False
GRID,GRID-01202,2026-W34,0,0.0,,,,,,Tree cover,7.300586700439453,3,27,False
GRID,GRID-01203,2026-W34,0,0.0,,,,,,Tree cover,7.300586700439453,3,27,False
GRID,GRID-01204,2026-W34,0,0.0,,,,,,Tree cover,7.300586700439453,3,27,False
GRID,GRID-01205,2026-W34,0,0.0,,,,,,Tree cover,7.474621772766113,3,22,False
GRID,GRID-01206,2026-W34,0,0.0,,,,,,Built-up,7.474621772766113,3,22,False
GRID,GRID-01207,2026-W34,0,0.0,,,,,,Tree cover,7.474621772766113,3,22,False
GRID,GRID-01208,2026-W34,0,0.0,,,,,,Tree cover,7.474621772766113,3,22,False
GRID,GRID-01209,2026-W34,0,0.0,,,,,,Tree cover,7.474621772766113,3,22,False
GRID,GRID-01210,2026-W34,0,0.0,,,,,,Tree cover,7.474621772766113,3,22,False
GRID,GRID-01211,2026-W34,0,0.0,,,,,,Built-up,7.881680488586426,3,22,False
GRID,GRID-01212,2026-W34,0,0.0,,,,,,Built-up,7.881680488586426,3,22,False
GRID,GRID-01213,2026-W34,0,0.0,,,,,,Cropland,7.881680488586426,3,22,False
GRID,GRID-01214,2026-W34,0,0.0,,,,,,Tree cover,7.881680488586426,3,22,False
GRID,GRID-01215,2026-W34,0,0.0,,,,,,Tree cover,7.881680488586426,3,22,False
GRID,GRID-01216,2026-W34,0,0.0,,,,,,Cropland,7.676162242889403,3,22,False
GRID,GRID-01217,2026-W34,0,0.0,,,,,,Cropland,7.470643997192383,3,22,False
GRID,GRID-01218,2026-W34,0,0.0,,,,,,Cropland,7.470643997192383,3,22,False
GRID,GRID-01219,2026-W34,0,0.0,,,,,,Cropland,7.470643997192383,3,22,False
GRID,GRID-01220,2026-W34,0,0.0,,,,,,Cropland,7.470643997192383,3,22,False
GRID,GRID-01221,2026-W34,0,0.0,,,,,,Cropland,6.569309234619141,3,22,False
GRID,GRID-01222,2026-W34,0,0.0,,,,,,Cropland,6.569309234619141,3,22,False
GRID,GRID-01223,2026-W34,0,0.0,,,,,,Cropland,6.569309234619141,3,22,False
GRID,GRID-01224,2026-W34,0,0.0,,,,,,Tree cover,8.795026540756226,1,33,False
GRID,GRID-01225,2026-W34,0,0.0,,,,,,Tree cover,8.795026540756226,1,33,False
GRID,GRID-01226,2026-W34,0,0.0,,,,,,Cropland,8.795026540756226,1,33,False
GRID,GRID-01227,2026-W34,0,0.0,,,,,,Cropland,8.795026540756226,1,33,False
GRID,GRID-01228,2026-W34,0,0.0,,,,,,Cropland,8.795026540756226,1,33,False
GRID,GRID-01229,2026-W34,0,0.0,,,,,,Tree cover,8.795026540756226,1,33,False
GRID,GRID-01230,2026-W34,0,0.0,,,,,,Tree cover,10.501612186431885,1,26,False
GRID,GRID-01231,2026-W34,0,0.0,,,,,,Tree cover,10.501612186431885,1,26,False
GRID,GRID-01232,2026-W34,0,0.0,,,,,,Tree cover,10.501612186431885,1,26,False
GRID,GRID-01233,2026-W34,0,0.0,,,,,,Tree cover,10.501612186431885,1,26,False
GRID,GRID-01234,2026-W34,0,0.0,,,,,,Tree cover,10.501612186431885,1,26,False
GRID,GRID-01235,2026-W34,0,0.0,,,,,,Tree cover,10.501612186431885,1,26,False
GRID,GRID-01236,2026-W34,0,0.0,,,,,,Tree cover,9.52026653289795,3,13,False
GRID,GRID-01237,2026-W34,0,0.0,,,,,,Tree cover,9.52026653289795,3,13,False
GRID,GRID-01238,2026-W34,0,0.0,,,,,,Tree cover,9.357329932126131,3,13,False
GRID,GRID-01239,2026-W34,0,0.0,,,,,,Tree cover,9.52026653289795,3,13,False
GRID,GRID-01240,2026-W34,0,0.0,,,,,,Tree cover,9.357329932126131,3,13,False
GRID,GRID-01241,2026-W34,0,0.0,,,,,,Tree cover,9.165822982788086,3,21,False
GRID,GRID-01242,2026-W34,0,0.0,,,,,,Cropland,8.953443093733354,3,21,False
GRID,GRID-01243,2026-W34,0,0.0,,,,,,Tree cover,9.165822982788086,3,21,False
GRID,GRID-01244,2026-W34,0,0.0,,,,,,Tree cover,9.165822982788086,3,21,False
GRID,GRID-01245,2026-W34,0,0.0,,,,,,Tree cover,8.953443093733354,3,21,False
GRID,GRID-01246,2026-W34,0,0.0,,,,,,Tree cover,9.165822982788086,3,21,False
GRID,GRID-01247,2026-W34,0,0.0,,,,,,Tree cover,6.8698085438121455,3,22,False
GRID,GRID-01248,2026-W34,0,0.0,,,,,,Tree cover,6.905706723531088,3,22,False
GRID,GRID-01249,2026-W34,0,0.0,,,,,,Tree cover,6.912886359474876,3,22,False
GRID,GRID-01250,2026-W34,0,0.0,,,,,,Tree cover,6.921501922607422,3,22,False
GRID,GRID-01251,2026-W34,0,0.0,,,,,,Tree cover,6.912886359474876,3,22,False
GRID,GRID-01252,2026-W34,0,0.0,,,,,,Tree cover,6.589295768737793,3,27,False
GRID,GRID-01253,2026-W34,0,0.0,,,,,,Tree cover,6.589295768737793,3,27,False
GRID,GRID-01254,2026-W34,0,0.0,,,,,,Tree cover,6.569174723191695,3,27,False
GRID,GRID-01255,2026-W34,0,0.0,,,,,,Tree cover,6.589295768737793,3,27,False
GRID,GRID-01256,2026-W34,0,0.0,,,,,,Tree cover,6.569174723191695,3,27,False
GRID,GRID-01257,2026-W34,0,0.0,,,,,,Tree cover,6.589295768737793,3,27,False
GRID,GRID-01258,2026-W34,0,0.0,,,,,,Tree cover,7.263564153151078,3,25,False
GRID,GRID-01259,2026-W34,0,0.0,,,,,,Tree cover,7.27730007171631,3,25,False
GRID,GRID-01260,2026-W34,0,0.0,,,,,,Cropland,7.27730007171631,3,25,False
GRID,GRID-01261,2026-W34,0,0.0,,,,,,Cropland,7.27730007171631,3,25,False
GRID,GRID-01262,2026-W34,0,0.0,,,,,,Cropland,7.27730007171631,3,25,False
GRID,GRID-01263,2026-W34,0,0.0,,,,,,Cropland,7.591347599029541,3,32,False
GRID,GRID-01264,2026-W34,0,0.0,,,,,,Cropland,7.905395126342773,3,22,False
GRID,GRID-01265,2026-W34,0,0.0,,,,,,Cropland,7.865872296420011,3,22,False
GRID,GRID-01266,2026-W34,0,0.0,,,,,,Cropland,0.0,67,67,False
GRID,GRID-01267,2026-W34,0,0.0,,,,,,Tree cover,0.0,67,67,False
GRID,GRID-01268,2026-W34,0,0.0,,,,,,Tree cover,9.074006199836731,1,33,False
GRID,GRID-01269,2026-W34,0,0.0,,,,,,Cropland,8.795026540756226,1,33,False
GRID,GRID-01270,2026-W34,0,0.0,,,,,,Cropland,8.795026540756226,1,33,False
GRID,GRID-01271,2026-W34,0,0.0,,,,,,Cropland,8.795026540756226,1,33,False
GRID,GRID-01272,2026-W34,0,0.0,,,,,,Built-up,8.795026540756226,1,33,False
GRID,GRID-01273,2026-W34,0,0.0,,,,,,Tree cover,8.795026540756226,1,33,False
GRID,GRID-01274,2026-W34,0,0.0,,,,,,Tree cover,10.501612186431885,1,26,False
GRID,GRID-01275,2026-W34,0,0.0,,,,,,Tree cover,10.501612186431885,1,26,False
GRID,GRID-01276,2026-W34,0,0.0,,,,,,Tree cover,10.501612186431885,1,26,False
GRID,GRID-01277,2026-W34,0,0.0,,,,,,Tree cover,10.501612186431885,1,26,False
GRID,GRID-01278,2026-W34,0,0.0,,,,,,Tree cover,10.501612186431885,1,26,False
GRID,GRID-01279,2026-W34,0,0.0,,,,,,Tree cover,10.501612186431885,1,26,False
GRID,GRID-01280,2026-W34,0,0.0,,,,,,Tree cover,9.52026653289795,3,13,False
GRID,GRID-01281,2026-W34,0,0.0,,,,,,Tree cover,9.52026653289795,3,13,False
GRID,GRID-01282,2026-W34,0,0.0,,,,,,Tree cover,9.52026653289795,3,13,False
GRID,GRID-01283,2026-W34,0,0.0,,,,,,Tree cover,9.52026653289795,3,13,False
GRID,GRID-01284,2026-W34,0,0.0,,,,,,Tree cover,9.52026653289795,3,13,False
GRID,GRID-01285,2026-W34,0,0.0,,,,,,Tree cover,9.165822982788086,3,21,False
GRID,GRID-01286,2026-W34,0,0.0,,,,,,Tree cover,9.165822982788086,3,21,False
GRID,GRID-01287,2026-W34,0,0.0,,,,,,Tree cover,9.165822982788086,3,21,False
GRID,GRID-01288,2026-W34,0,0.0,,,,,,Tree cover,9.165822982788086,3,21,False
GRID,GRID-01289,2026-W34,0,0.0,,,,,,Tree cover,9.165822982788086,3,21,False
GRID,GRID-01290,2026-W34,0,0.0,,,,,,Tree cover,9.165822982788086,3,21,False
GRID,GRID-01291,2026-W34,0,0.0,,,,,,Tree cover,6.826730728149414,3,22,False
GRID,GRID-01292,2026-W34,0,0.0,,,,,,Tree cover,6.826730728149414,3,22,False
GRID,GRID-01293,2026-W34,0,0.0,,,,,,Tree cover,6.826730728149414,3,22,False
GRID,GRID-01294,2026-W34,0,0.0,,,,,,Tree cover,6.826730728149414,3,22,False
GRID,GRID-01295,2026-W34,0,0.0,,,,,,Tree cover,6.826730728149414,3,22,False
GRID,GRID-01296,2026-W34,0,0.0,,,,,,Tree cover,6.367964267730713,3,27,False
GRID,GRID-01297,2026-W34,0,0.0,,,,,,Tree cover,6.367964267730713,3,27,False
GRID,GRID-01298,2026-W34,0,0.0,,,,,,Tree cover,6.367964267730713,3,27,False
GRID,GRID-01299,2026-W34,0,0.0,,,,,,Tree cover,6.367964267730713,3,27,False
GRID,GRID-01300,2026-W34,0,0.0,,,,,,Tree cover,6.367964267730713,3,27,False
GRID,GRID-01301,2026-W34,0,0.0,,,,,,Tree cover,6.367964267730713,3,27,False
GRID,GRID-01302,2026-W34,0,0.0,,,,,,Tree cover,7.126204967498779,3,25,False
GRID,GRID-01303,2026-W34,0,0.0,,,,,,Tree cover,7.126204967498779,3,25,False
GRID,GRID-01304,2026-W34,0,0.0,,,,,,Tree cover,7.126204967498779,3,25,False
GRID,GRID-01305,2026-W34,0,0.0,,,,,,Tree cover,7.126204967498779,3,25,False
GRID,GRID-01306,2026-W34,0,0.0,,,,,,Built-up,7.126204967498779,3,25,False
GRID,GRID-01307,2026-W34,0,0.0,,,,,,Built-up,7.529785849831321,3,25,False
GRID,GRID-01308,2026-W34,0,0.0,,,,,,Cropland,8.014082908630371,3,22,False
GRID,GRID-01309,2026-W34,0,0.0,,,,,,Cropland,8.014082908630371,3,22,False
GRID,GRID-01310,2026-W34,0,0.0,,,,,,Tree cover,9.352985858917236,1,33,False
GRID,GRID-01311,2026-W34,0,0.0,,,,,,Tree cover,9.099367987025868,1,33,False
GRID,GRID-01312,2026-W34,0,0.0,,,,,,Tree cover,8.795026540756226,1,33,False
GRID,GRID-01313,2026-W34,0,0.0,,,,,,Cropland,8.795026540756226,1,33,False
GRID,GRID-01314,2026-W34,0,0.0,,,,,,Tree cover,8.795026540756226,1,33,False
GRID,GRID-01315,2026-W34,0,0.0,,,,,,Built-up,8.795026540756226,1,33,False
GRID,GRID-01316,2026-W34,0,0.0,,,,,,Tree cover,8.795026540756226,1,33,False
GRID,GRID-01317,2026-W34,0,0.0,,,,,,Tree cover,10.501612186431885,1,26,False
GRID,GRID-01318,2026-W34,0,0.0,,,,,,Tree cover,10.501612186431885,1,26,False
GRID,GRID-01319,2026-W34,0,0.0,,,,,,Tree cover,10.501612186431885,1,26,False
GRID,GRID-01320,2026-W34,0,0.0,,,,,,Tree cover,10.501612186431885,1,26,False
GRID,GRID-01321,2026-W34,0,0.0,,,,,,Tree cover,10.501612186431885,1,26,False
GRID,GRID-01322,2026-W34,0,0.0,,,,,,Tree cover,10.501612186431885,1,26,False
GRID,GRID-01323,2026-W34,0,0.0,,,,,,Tree cover,9.52026653289795,3,13,False
GRID,GRID-01324,2026-W34,0,0.0,,,,,,Tree cover,9.52026653289795,3,13,False
GRID,GRID-01325,2026-W34,0,0.0,,,,,,Tree cover,9.52026653289795,3,13,False
GRID,GRID-01326,2026-W34,0,0.0,,,,,,Tree cover,9.52026653289795,3,13,False
GRID,GRID-01327,2026-W34,0,0.0,,,,,,Tree cover,9.52026653289795,3,13,False
GRID,GRID-01328,2026-W34,0,0.0,,,,,,Tree cover,9.165822982788086,3,21,False
GRID,GRID-01329,2026-W34,0,0.0,,,,,,Tree cover,9.165822982788086,3,21,False
GRID,GRID-01330,2026-W34,0,0.0,,,,,,Tree cover,9.165822982788086,3,21,False
GRID,GRID-01331,2026-W34,0,0.0,,,,,,Tree cover,9.165822982788086,3,21,False
GRID,GRID-01332,2026-W34,0,0.0,,,,,,Tree cover,9.165822982788086,3,21,False
GRID,GRID-01333,2026-W34,0,0.0,,,,,,Tree cover,9.165822982788086,3,21,False
GRID,GRID-01334,2026-W34,0,0.0,,,,,,Tree cover,6.826730728149414,3,22,False
GRID,GRID-01335,2026-W34,0,0.0,,,,,,Tree cover,6.826730728149414,3,22,False
GRID,GRID-01336,2026-W34,0,0.0,,,,,,Tree cover,6.826730728149414,3,22,False
GRID,GRID-01337,2026-W34,0,0.0,,,,,,Tree cover,6.826730728149414,3,22,False
GRID,GRID-01338,2026-W34,0,0.0,,,,,,Tree cover,6.826730728149414,3,22,False
GRID,GRID-01339,2026-W34,0,0.0,,,,,,Tree cover,6.367964267730713,3,27,False
GRID,GRID-01340,2026-W34,0,0.0,,,,,,Tree cover,6.367964267730713,3,27,False
GRID,GRID-01341,2026-W34,0,0.0,,,,,,Tree cover,6.367964267730713,3,27,False
GRID,GRID-01342,2026-W34,0,0.0,,,,,,Tree cover,6.367964267730713,3,27,False
GRID,GRID-01343,2026-W34,0,0.0,,,,,,Tree cover,6.367964267730713,3,27,False
GRID,GRID-01344,2026-W34,0,0.0,,,,,,Tree cover,7.126204967498779,3,25,False
GRID,GRID-01345,2026-W34,0,0.0,,,,,,Tree cover,7.126204967498779,3,25,False
GRID,GRID-01346,2026-W34,0,0.0,,,,,,Tree cover,9.352985858917236,1,33,False
GRID,GRID-01347,2026-W34,0,0.0,,,,,,Tree cover,9.352985858917236,1,33,False
GRID,GRID-01348,2026-W34,0,0.0,,,,,,Tree cover,9.048644412647594,1,33,False
GRID,GRID-01349,2026-W34,0,0.0,,,,,,Tree cover,8.795026540756226,1,33,False
GRID,GRID-01350,2026-W34,0,0.0,,,,,,Tree cover,8.795026540756226,1,33,False
GRID,GRID-01351,2026-W34,0,0.0,,,,,,Tree cover,8.795026540756226,1,33,False
GRID,GRID-01352,2026-W34,0,0.0,,,,,,Tree cover,8.795026540756226,1,33,False
GRID,GRID-01353,2026-W34,0,0.0,,,,,,Tree cover,8.795026540756226,1,33,False
GRID,GRID-01354,2026-W34,0,0.0,,,,,,Tree cover,10.501612186431885,1,26,False
GRID,GRID-01355,2026-W34,0,0.0,,,,,,Cropland,10.501612186431885,1,26,False
GRID,GRID-01356,2026-W34,0,0.0,,,,,,Tree cover,10.501612186431885,1,26,False
GRID,GRID-01357,2026-W34,0,0.0,,,,,,Tree cover,10.501612186431885,1,26,False
GRID,GRID-01358,2026-W34,0,0.0,,,,,,Tree cover,10.501612186431885,1,26,False
GRID,GRID-01359,2026-W34,0,0.0,,,,,,Tree cover,10.501612186431885,1,26,False
GRID,GRID-01360,2026-W34,0,0.0,,,,,,Tree cover,9.52026653289795,3,13,False
GRID,GRID-01361,2026-W34,0,0.0,,,,,,Tree cover,9.52026653289795,3,13,False
GRID,GRID-01362,2026-W34,0,0.0,,,,,,Tree cover,9.52026653289795,3,13,False
GRID,GRID-01363,2026-W34,0,0.0,,,,,,Tree cover,9.52026653289795,3,13,False
GRID,GRID-01364,2026-W34,0,0.0,,,,,,Tree cover,9.52026653289795,3,13,False
GRID,GRID-01365,2026-W34,0,0.0,,,,,,Tree cover,9.165822982788086,3,21,False
GRID,GRID-01366,2026-W34,0,0.0,,,,,,Tree cover,9.165822982788086,3,21,False
GRID,GRID-01367,2026-W34,0,0.0,,,,,,Tree cover,9.165822982788086,3,21,False
GRID,GRID-01368,2026-W34,0,0.0,,,,,,Tree cover,9.165822982788086,3,21,False
GRID,GRID-01369,2026-W34,0,0.0,,,,,,Tree cover,9.165822982788086,3,21,False
GRID,GRID-01370,2026-W34,0,0.0,,,,,,Tree cover,9.165822982788086,3,21,False
GRID,GRID-01371,2026-W34,0,0.0,,,,,,Tree cover,6.826730728149414,3,22,False
GRID,GRID-01372,2026-W34,0,0.0,,,,,,Tree cover,6.826730728149414,3,22,False
GRID,GRID-01373,2026-W34,0,0.0,,,,,,Tree cover,6.826730728149414,3,22,False
GRID,GRID-01374,2026-W34,0,0.0,,,,,,Tree cover,6.826730728149414,3,22,False
GRID,GRID-01375,2026-W34,0,0.0,,,,,,Tree cover,6.826730728149414,3,22,False
GRID,GRID-01376,2026-W34,0,0.0,,,,,,Tree cover,6.367964267730713,3,27,False
GRID,GRID-01377,2026-W34,0,0.0,,,,,,Tree cover,6.367964267730713,3,27,False
GRID,GRID-01378,2026-W34,0,0.0,,,,,,Tree cover,6.367964267730713,3,27,False
GRID,GRID-01379,2026-W34,0,0.0,,,,,,Tree cover,6.367964267730713,3,27,False
GRID,GRID-01380,2026-W34,0,0.0,,,,,,Tree cover,6.367964267730713,3,27,False
GRID,GRID-01381,2026-W34,0,0.0,,,,,,Tree cover,9.352985858917236,1,33,False
GRID,GRID-01382,2026-W34,0,0.0,,,,,,Tree cover,9.166999419530232,1,33,False
GRID,GRID-01383,2026-W34,0,0.0,,,,,,Tree cover,0.0,67,67,False
GRID,GRID-01384,2026-W34,0,0.0,,,,,,Tree cover,8.795026540756226,1,33,False
GRID,GRID-01385,2026-W34,0,0.0,,,,,,Tree cover,8.795026540756226,1,33,False
GRID,GRID-01386,2026-W34,0,0.0,,,,,,Tree cover,0.0,67,67,False
GRID,GRID-01387,2026-W34,0,0.0,,,,,,Tree cover,9.52026653289795,3,13,False
GRID,GRID-01388,2026-W34,0,0.0,,,,,,Tree cover,9.52026653289795,3,13,False
GRID,GRID-01389,2026-W34,0,0.0,,,,,,Tree cover,9.52026653289795,3,13,False
GRID,GRID-01390,2026-W34,0,0.0,,,,,,Tree cover,9.52026653289795,3,13,False
GRID,GRID-01391,2026-W34,0,0.0,,,,,,Tree cover,9.52026653289795,3,13,False
GRID,GRID-01392,2026-W34,0,0.0,,,,,,Tree cover,9.165822982788086,3,21,False
GRID,GRID-01393,2026-W34,0,0.0,,,,,,Tree cover,9.165822982788086,3,21,False
GRID,GRID-01394,2026-W34,0,0.0,,,,,,Tree cover,9.165822982788086,3,21,False
GRID,GRID-01395,2026-W34,0,0.0,,,,,,Tree cover,9.165822982788086,3,21,False
GRID,GRID-01396,2026-W34,0,0.0,,,,,,Tree cover,9.165822982788086,3,21,False
GRID,GRID-01397,2026-W34,0,0.0,,,,,,Tree cover,9.165822982788086,3,21,False
GRID,GRID-01398,2026-W34,0,0.0,,,,,,Tree cover,6.826730728149414,3,22,False
GRID,GRID-01399,2026-W34,0,0.0,,,,,,Tree cover,6.826730728149414,3,22,False
GRID,GRID-01400,2026-W34,0,0.0,,,,,,Tree cover,6.826730728149414,3,22,False
GRID,GRID-01401,2026-W34,0,0.0,,,,,,Tree cover,6.826730728149414,3,22,False
GRID,GRID-01402,2026-W34,0,0.0,,,,,,Tree cover,6.826730728149414,3,22,False
GRID,GRID-01403,2026-W34,0,0.0,,,,,,Tree cover,6.367964267730713,3,27,False
GRID,GRID-01404,2026-W34,0,0.0,,,,,,Tree cover,6.367964267730713,3,27,False
GRID,GRID-01405,2026-W34,0,0.0,,,,,,Cropland,6.367964267730713,3,27,False
GRID,GRID-01406,2026-W34,0,0.0,,,,,,Tree cover,6.367964267730713,3,27,False
GRID,GRID-01407,2026-W34,0,0.0,,,,,,Tree cover,6.367964267730713,3,27,False
GRID,GRID-01408,2026-W34,0,0.0,,,,,,Tree cover,9.52026653289795,3,13,False
GRID,GRID-01409,2026-W34,0,0.0,,,,,,Tree cover,9.15926069021225,3,13,False
GRID,GRID-01410,2026-W34,0,0.0,,,,,,Tree cover,9.52026653289795,3,13,False
GRID,GRID-01411,2026-W34,0,0.0,,,,,,Tree cover,8.65385251045227,3,13,False
GRID,GRID-01412,2026-W34,0,0.0,,,,,,Grassland,8.94521026611328,3,21,False
GRID,GRID-01413,2026-W34,0,0.0,,,,,,Grassland,8.965265967629172,3,21,False
GRID,GRID-01414,2026-W34,0,0.0,,,,,,Tree cover,8.94521026611328,3,21,False
GRID,GRID-01415,2026-W34,0,0.0,,,,,,Tree cover,8.965265967629172,3,21,False
GRID,GRID-01416,2026-W34,0,0.0,,,,,,Tree cover,9.055516624450684,3,21,False
GRID,GRID-01417,2026-W34,0,0.0,,,,,,Tree cover,9.165822982788086,3,21,False
GRID,GRID-01418,2026-W34,0,0.0,,,,,,Grassland,7.035258531570435,3,21,False
GRID,GRID-01419,2026-W34,0,0.0,,,,,,Tree cover,7.202080774307251,3,21,False
GRID,GRID-01420,2026-W34,0,0.0,,,,,,Tree cover,6.826730728149414,3,22,False
GRID,GRID-01421,2026-W34,0,0.0,,,,,,Tree cover,6.826730728149414,3,22,False
GRID,GRID-01422,2026-W34,0,0.0,,,,,,Tree cover,6.826730728149414,3,22,False
GRID,GRID-01423,2026-W34,0,0.0,,,,,,Tree cover,6.367964267730713,3,27,False
GRID,GRID-01424,2026-W34,0,0.0,,,,,,Tree cover,6.367964267730713,3,27,False
GRID,GRID-01425,2026-W34,0,0.0,,,,,,Built-up,6.367964267730713,3,27,False
GRID,GRID-01426,2026-W34,0,0.0,,,,,,Tree cover,0.0,67,67,False
GRID,GRID-01427,2026-W34,0,0.0,,,,,,Grassland,8.614291191101074,3,21,False
GRID,GRID-01428,2026-W34,0,0.0,,,,,,Grassland,8.614291191101074,3,21,False
GRID,GRID-01429,2026-W34,0,0.0,,,,,,Tree cover,8.614291191101074,3,21,False
GRID,GRID-01430,2026-W34,0,0.0,,,,,,Tree cover,8.614291191101074,3,21,False
KECAMATAN,KEC-01,2026-W34,0,0.0,,,,,,Tree cover,8.305032317509909,3,12,False
KECAMATAN,KEC-02,2026-W34,0,0.0,,,,,,Tree cover,12.339464848204482,1,31,False
KECAMATAN,KEC-03,2026-W34,0,0.0,,,,,,Tree cover,9.587353356626648,1,26,False
KECAMATAN,KEC-04,2026-W34,0,0.0,,,,,,Tree cover,10.292746276767167,1,33,False
KECAMATAN,KEC-05,2026-W34,0,0.0,,,,,,Cropland,6.006718223014575,3,33,False
KECAMATAN,KEC-06,2026-W34,0,0.0,,,,,,Cropland,6.681710264625924,3,22,False
KECAMATAN,KEC-07,2026-W34,0,0.0,,,,,,Cropland,5.951668178999813,3,33,False
KECAMATAN,KEC-08,2026-W34,0,0.0,,,,,,Cropland,5.9743109242669465,3,33,False
KECAMATAN,KEC-09,2026-W34,0,0.0,,,,,,Cropland,4.58878102908839,3,33,False
KECAMATAN,KEC-10,2026-W34,0,0.0,,,,,,Cropland,7.809867342386042,3,29,True
KECAMATAN,KEC-11,2026-W34,0,0.0,,,,,,Tree cover,13.859000760417254,2,31,False
KECAMATAN,KEC-12,2026-W34,0,0.0,,,,,,Tree cover,7.575867656951255,3,32,False
KECAMATAN,KEC-13,2026-W34,0,0.0,,,,,,Cropland,6.577453224776219,3,22,True
KECAMATAN,KEC-14,2026-W34,0,0.0,,,,,,Tree cover,8.546049777185546,3,26,False
KECAMATAN,KEC-15,2026-W34,0,0.0,,,,,,Tree cover,8.224229848677808,1,34,False
KECAMATAN,KEC-16,2026-W34,0,0.0,,,,,,Tree cover,11.672614969161092,2,31,False
KECAMATAN,KEC-17,2026-W34,0,0.0,,,,,,Cropland,6.901341255707077,3,20,False
KECAMATAN,KEC-18,2026-W34,0,0.0,,,,,,Tree cover,6.022673165867094,3,33,False
KECAMATAN,KEC-19,2026-W34,0,0.0,,,,,,Tree cover,9.70114509461204,1,26,False
KECAMATAN,KEC-20,2026-W34,0,0.0,,,,,,Tree cover,6.241073010050653,3,22,False
KECAMATAN,KEC-21,2026-W34,0,0.0,,,,,,Tree cover,7.501244044923163,3,21,False
KECAMATAN,KEC-22,2026-W34,0,0.0,,,,,,Tree cover,7.256496064333737,3,26,False
KECAMATAN,KEC-23,2026-W34,0,0.0,,,,,,Tree cover,6.777264974619213,3,21,False
KECAMATAN,KEC-24,2026-W34,0,0.0,,,,,,Tree cover,7.06447270246056,3,27,False
KECAMATAN,KEC-25,2026-W34,0,0.0,,,,,,Cropland,7.603607074395053,3,22,False
KECAMATAN,KEC-26,2026-W34,0,0.0,,,,,,Tree cover,11.0427146927341,1,26,False
KECAMATAN,KEC-27,2026-W34,0,0.0,,,,,,Cropland,0.0,67,67,False
KECAMATAN,KEC-28,2026-W34,0,0.0,,,,,,Tree cover,0.0,67,67,False
KECAMATAN,KEC-29,2026-W34,0,0.0,,,,,,Cropland,0.0,67,67,False
KECAMATAN,KEC-30,2026-W34,0,0.0,,,,,,Built-up,0.0,67,67,False
KECAMATAN,KEC-31,2026-W34,0,0.0,,,,,,Tree cover,9.004261285066605,1,33,False
KECAMATAN,KEC-32,2026-W34,0,0.0,,,,,,Tree cover,0.0,67,67,False
KECAMATAN,KEC-33,2026-W34,0,0.0,,,,,,Tree cover,0.0,67,67,False
KECAMATAN,KEC-34,2026-W34,0,0.0,,,,,,Tree cover,13.662825788770403,1,31,False
KECAMATAN,KEC-35,2026-W34,0,0.0,,,,,,Tree cover,0.0,67,67,False
KECAMATAN,KEC-36,2026-W34,0,0.0,,,,,,Tree cover,0.0,67,67,False
KECAMATAN,KEC-37,2026-W34,0,0.0,,,,,,Tree cover,0.0,67,67,False
KECAMATAN,KEC-38,2026-W34,0,0.0,,,,,,Tree cover,8.703480958938599,0,26,False
KECAMATAN,KEC-39,2026-W34,0,0.0,,,,,,Tree cover,8.378143072128296,1,33,False
KECAMATAN,KEC-40,2026-W34,0,0.0,,,,,,Tree cover,0.0,67,67,False
KECAMATAN,KEC-41,2026-W34,0,0.0,,,,,,Cropland,0.0,67,67,False
KECAMATAN,KEC-42,2026-W34,0,0.0,,,,,,Cropland,0.0,67,67,False
KECAMATAN,KEC-43,2026-W34,0,0.0,,,,,,Tree cover,5.787984371185302,3,33,False
KECAMATAN,KEC-44,2026-W34,0,0.0,,,,,,Tree cover,7.073214435577393,3,40,False
KECAMATAN,KEC-45,2026-W34,0,0.0,,,,,,Tree cover,0.0,67,67,False
